order_id,order_datetime,city,zone,restaurant,cuisine,items_count,order_value_egp,discount_egp,payment_method,courier_id,vehicle_type,distance_km,prep_minutes,promised_minutes,actual_minutes,customer_rating,customer_id,order_status,courier_notes,reordered_within_30d
ORD02554,4/26/2025 19:29,Minya,Abu Helal,Om Ali House,Desserts,5,278,0,Cash,C011,Bicycle,2.4,12,25,32,3,U0568,Delivered,,1
ORD02798,2/28/2025 19:49,El-Minya,Corniche El-Nil,Foul El-Mahatta,Egyptian,1,EGP 71,0,Cash,C061,Motorcycle,4,6,30,,,U1191,Cancelled,,
ORD00554,27/03/2025 22:30,New Minya,New Minya,Hadouta Masreya,Egyptian,2,134 EGP,0,Cash,C013,Motorcycle,12.1,17,45,45,5,U0014,Delivered,,1
ORD01267,6/9/2025 16:09,Minya,Nazlet Hussein,Tamara Sweets,Desserts,5,165,0,Card,C084,Motorcycle,5.5,4,30,11,4,U1142,Delivered,,1
ORD04066,2/17/2025 23:30,Minya ,Wast El-Balad,Forno Nile,Pizza,1,124,0,Cash,C083,Motorcycle,0.6,31,20,-6,3,U0036,Delivered,,0
ORD02671,3/15/2025 14:55,Minya,Ard Sultan,Basbousa Bar,Desserts,2,90,0,Card,C082,Bicycle,5.5,10,30,32,5,U0083,Delivered,,0
ORD01126,6/10/2025 13:57,Menia,El-Gamaa,Crispy House,Burgers,2,EGP 168,0,Cash,C089,Motorcycle,3.5,15,30,34,4,U0273,Delivered,address unclear,1
ORD03644,3/5/2025 16:19,Minya,Ard Sultan,Koshary El-Sheikh,Egyptian,6,283 EGP,0,Cash,C041,Motorcycle,4.2,4,30,14,,U1416,Delivered,,0
ORD03547,3/20/2025 23:59,El Minya,Corniche El-Nil,El-Dawar,Egyptian,3,119 EGP,0,Cash,C006,Tuk-tuk,2.5,14,25,25,5,U0808,Delivered,,1
ORD00688,3/10/2025 21:02,Abu Qurqas,Abu Qurqas,Farag Kebab,Grills,4,434 EGP,103,Wallet,C060,Motorcycle,18.2,22,60,71,5,U0685,Delivered,,1
ORD00766,3/21/2025 22:26,New Minya,New Minya,El-Nil Fish,Fish,5,459 EGP,92,Cash,C043,Motorcycle,10.6,20,45,38,5,U0295,Delivered,,1
ORD00404,1/26/2025 21:40,New Minya,New Minya,Tamara Sweets,Desserts,5,EGP 267,0,Cash,C099,Bicycle,12.3,7,45,100,2,U0796,Delivered,,0
ORD03395,24/04/2025 13:50,NEW MINYA,New Minya,Crispy House,Burgers,2,101,0,Cash,C049,Motorcycle,11.1,13,45,42,5,U0435,Delivered,,1
ORD01994,3/17/2025 19:50,Minya,Corniche El-Nil,El-Nil Fish,Fish,3,EGP 335,81,Card,C016,Motorcycle,2.4,23,25,31,4,U0359,Delivered,,0
ORD00287,5/29/2025 17:16,Minya,Wast El-Balad,El-Nil Fish,Fish,5,688 EGP,0,Cash,C049,Bicycle,0.6,26,20,30,,U0536,Delivered,,1
ORD02848,5/17/2025 19:06,minya,Wast El-Balad,El-Dawar,Egyptian,5,194 EGP,0,Wallet,C001,Motorcycle,1.4,14,25,32,5,U1200,Delivered,,1
ORD03606,10/6/2025 20:13,Minya,Ard Sultan,Farag Kebab,Grills,6,EGP 772,0,Cash,C040,Bicycle,2.5,21,25,50,2,U0833,Delivered,,0
ORD03669,1/27/2025 19:59,Minya,El-Sahel,Basbousa Bar,Desserts,4,216 EGP,0,Card,C077,Motorcycle,4.7,12,30,36,,U0192,Delivered,,1
ORD01721,2/22/2025 20:22,Minya,El-Gamaa,Koshary El-Sheikh,Egyptian,3,127,0,Wallet,C010,Tuk-tuk,3.8,6,30,29,4,U1389,Delivered,,1
ORD03186,5/31/2025 23:37,MINYA,El-Gamaa,Basbousa Bar,Desserts,2,154 EGP,0,Card,C033,Motorcycle,7.2,14,35,34,5,U0612,Delivered,,1
ORD03406,1/25/2025 12:24,Minya,El-Sahel,Tamara Sweets,Desserts,1,54,11,Cash,C056,Motorcycle,4.9,6,30,24,4,U0543,Delivered,,0
ORD01369,5/3/2025 11:36,Minya,Abu Helal,Pizza Roma,Pizza,2,264 EGP,0,Cash,C074,Motorcycle,1.4,20,25,24,5,U0811,Delivered,,0
ORD01532,5/2/2025 22:35,New Minya,New Minya,El-Dawar,Egyptian,4,180,0,Cash,C039,Tuk-tuk,8.5,16,40,48,4,U0315,Delivered,,1
ORD03268,3/29/2025 21:48,New Minya,New Minya,Forno Nile,Pizza,5,EGP 524,0,Card,C055,Motorcycle,9.9,33,40,61,3,U1156,Delivered,,0
ORD03180,6/29/2025 17:28,Menia,El-Mahatta,Bahary Corner,Fish,6,"1,255 EGP",0,Cash,C073,Motorcycle,2.9,37,25,47,,U0752,Delivered,,1
ORD01664,5/28/2025 18:40,Minya,Corniche El-Nil,Bahary Corner,Fish,1,224 EGP,0,Wallet,C024,Motorcycle,3.2,29,25,33,5,U0749,Delivered,,1
ORD00318,3/8/2025 21:38,Minya ,El-Mahatta,Farag Kebab,Grills,2,264 EGP,29,Card,C006,Motorcycle,2.4,17,25,39,5,U0370,Delivered,,1
ORD02038,1/9/2025 17:55,New Minya,New Minya,Slice Minya,Pizza,6,EGP 480,0,Card,C043,Motorcycle,8.5,20,40,47,4,U0688,Delivered,,1
ORD03015,3/25/2025 14:25, Minya,Wast El-Balad,Basbousa Bar,Desserts,2,EGP 121,0,Wallet,C073,Motorcycle,2.2,11,25,16,4,U0239,Delivered,,1
ORD02847,5/15/2025 12:41,El Minya,Wast El-Balad,El-Nil Fish,Fish,6,EGP 933,0,Card,C091,Motorcycle,2.4,21,25,16,4,U0654,Delivered,,1
ORD01656,3/9/2025 19:55,Minya,El-Gamaa,Om Ali House,Desserts,6,291 EGP,0,Card,C042,Tuk-tuk,6.5,11,35,41,5,U0302,Delivered,,1
ORD03496,18/04/2025 13:05,Menia,Shalaby,Hadouta Masreya,Egyptian,5,171,0,Cash,C073,Bicycle,5,12,30,40,4,U1142,Delivered,,1
ORD02328,3/17/2025 17:39,Menia,Wast El-Balad,Hadouta Masreya,Egyptian,2,EGP 102,15,Cash,C072,Bicycle,1,19,25,,,U0972,Cancelled,,
ORD02475,10/3/2025 17:21,minya,Wast El-Balad,Foul El-Mahatta,Egyptian,5,EGP 284,0,Cash,C075,Bicycle,3.7,14,30,,,U1379,Cancelled,,
ORD03051,2/22/2025 13:45, Minya,Shalaby,Bites Burger,Burgers,2,204,13,Cash,C031,Bicycle,3.4,13,30,33,5,U0665,Delivered,,0
ORD03454,4/13/2025 19:02,Minya,Corniche El-Nil,Tamara Sweets,Desserts,6,EGP 311,0,Wallet,C110,Bicycle,1.1,15,25,,,U0034,Cancelled,address unclear,
ORD01164,9/1/2025 18:44,minya,Wast El-Balad,Hadouta Masreya,Egyptian,2,99,0,Cash,C069,Bicycle,2.1,16,25,28,,U0706,Delivered,,0
ORD03119,14/05/2025 14:09,El Minya,Wast El-Balad,Om Ali House,Desserts,1,EGP 77,0,Card,C040,Motorcycle,2.2,8,25,11,5,U0122,Delivered,,0
ORD02724,14/03/2025 21:56,Minya,Ard Sultan,Farag Kebab,Grills,2,387,88,Cash,C071,Bicycle,3.2,19,25,56,2,U1011,Delivered,,0
ORD01538,1/5/2025 14:58,Minya,El-Mahatta,Sultan Grill,Grills,2,252,0,Cash,C073,Motorcycle,,21,25,31,4,U0094,Delivered,,1
ORD01373,3/6/2025 12:02,Minya,Corniche El-Nil,El-Nil Fish,Fish,1,126 EGP,24,Cash,C107,Motorcycle,1.1,26,25,27,5,U0039,Delivered,,1
ORD03350,5/16/2025 20:33,Minya,El-Gamaa,Bites Burger,Burgers,3,EGP 252,0,Cash,C096,Bicycle,6.6,12,35,49,4,U0660,Delivered,,0
ORD03758,31/01/2025 14:06,Minya,El-Sahel,Slice Minya,Pizza,1,120 EGP,0,Card,C087,Motorcycle,4.5,21,30,28,5,U0295,Delivered,,0
ORD03310,19/05/2025 21:21,Minya,El-Gamaa,Pizza Roma,Pizza,1,79 EGP,0,Cash,C009,Tuk-tuk,8.3,17,40,59,4,U0615,Delivered,,0
ORD02710,6/23/2025 14:27,New Minya,New Minya,Om Ali House,Desserts,5,272 EGP,0,Cash,C052,Motorcycle,12.8,4,45,39,5,U0793,Delivered,,1
ORD01019,2/4/2025 18:11,Minya,Ard Sultan,El-Abd Minya,Desserts,2,112 EGP,8,Cash,C013,Motorcycle,3.8,8,30,18,5,U1413,Delivered,,1
ORD01680,4/13/2025 14:41,Minya,Ard Sultan,El-Dawar,Egyptian,1,72 EGP,0,Cash,C043,Motorcycle,4.1,11,30,18,,U0754,Delivered,,0
ORD04081,1/27/2025 14:50,New Minya,New Minya,Pizza Roma,Pizza,1,93,16,Card,C030,Motorcycle,10.3,22,40,42,4,U0625,Delivered,,1
ORD02942,5/13/2025 19:21,Menia,El-Sahel,Om Ali House,Desserts,1,45 EGP,0,Cash,C070,Bicycle,5.9,4,35,44,4,U0767,Delivered,,1
ORD00284,2/9/2025 12:10,New Minya ,New Minya,El-Dawar,Egyptian,5,262,24,Wallet,C030,Motorcycle,10.1,12,40,39,4,U0393,Delivered,,1
ORD01449,20/04/2025 16:03,Minya,Nazlet Hussein,Tamara Sweets,Desserts,4,212 EGP,0,Cash,C080,Motorcycle,8.3,4,40,21,4,U0473,Delivered,,0
ORD00757,19/02/2025 17:45,Abu Qorqas,Abu Qurqas,Basbousa Bar,Desserts,5,238 EGP,47,Cash,C106,Motorcycle,17,9,55,52,,U0100,Delivered,,1
ORD02805,6/17/2025 19:04,Minya,Nazlet Hussein,Sultan Grill,Grills,3,365,0,Cash,C078,Bicycle,4.9,25,30,69,2,U0289,Delivered,,0
ORD03856,6/5/2025 20:39,El-Minya El-Gedida,New Minya,Foul El-Mahatta,Egyptian,6,330,0,Cash,C078,Motorcycle,12.2,10,45,44,5,U0371,Delivered,,1
ORD03738,1/8/2025 21:48,Minya,Ard Sultan,Sheikh El-Balad,Grills,1,163 EGP,36,Cash,C005,Motorcycle,3.4,32,30,58,4,U0127,Delivered,,1
ORD03321,5/30/2025 23:36, Minya,Wast El-Balad,El-Nil Fish,Fish,6,902 EGP,107,Cash,C039,Bicycle,3.2,20,25,37,4,U0673,Delivered,,0
ORD04072,3/7/2025 19:12,Minya,El-Mahatta,Koshary El-Sheikh,Egyptian,3,146,0,Cash,C060,Motorcycle,5.3,11,30,36,5,U0409,Delivered,,1
ORD03050,3/23/2025 22:53,Minya,Abu Helal,Crispy House,Burgers,2,EGP 196,47,Cash,C027,Motorcycle,3.5,18,30,24,5,U0282,Delivered,,0
ORD01133,3/13/2025 13:29,MINYA,El-Sahel,Burger Corniche,Burgers,4,EGP 262,16,Cash,C036,Motorcycle,2.9,17,25,18,5,U0842,Delivered,,1
ORD00592,5/1/2025 20:41,El-Minya,El-Mahatta,Sultan Grill,Grills,4,470 EGP,0,Card,C056,Bicycle,1.5,19,25,37,4,U1348,Delivered,,1
ORD01472,4/21/2025 19:19,new minya,New Minya,Slice Minya,Pizza,3,EGP 313,0,Cash,C023,Motorcycle,11.5,19,45,58,4,U0986,Delivered,,0
ORD03542,17/06/2025 13:47,MINYA,Shalaby,El-Nil Fish,Fish,2,382 EGP,0,Card,C079,Motorcycle,3.7,20,30,37,5,U0149,Delivered,,1
ORD01023,25/06/2025 22:06,Minya,Wast El-Balad,Basbousa Bar,Desserts,4,EGP 228,48,Card,C005,Motorcycle,2.3,16,25,19,4,U0806,Delivered,,1
ORD03296,2/14/2025 12:12,Minya,Wast El-Balad,El-Dawar,Egyptian,4,188 EGP,0,Cash,C091,Tuk-tuk,3.7,13,30,34,4,U0130,Delivered,,1
ORD03947,2/23/2025 13:00,Minya,Shalaby,Burger Corniche,Burgers,6,630 EGP,110,Card,C043,Bicycle,1.7,11,25,15,4,U0161,Delivered,,1
ORD01280,1/31/2025 19:27,ABU QURQAS,Abu Qurqas,Sheikh El-Balad,Grills,2,EGP 221,16,Wallet,C070,Motorcycle,16,28,55,84,3,U0689,Delivered,,0
ORD00581,6/23/2025 11:49,Minya,El-Sahel,Samak El-Balad,Fish,6,702 EGP,0,Card,C105,Tuk-tuk,4.8,19,30,33,4,U0379,Delivered,,1
ORD03355,6/8/2025 20:30,minya,Wast El-Balad,Forno Nile,Pizza,2,231,0,Cash,C078,Tuk-tuk,0.6,29,20,,,U0297,Cancelled,,
ORD04052,2/17/2025 13:15,Minya,El-Mahatta,Pizza Roma,Pizza,1,87 EGP,5,Cash,C022,Motorcycle,1.9,19,25,23,,U0217,Delivered,,1
ORD03005,4/15/2025 19:19,El-Minya,El-Mahatta,El-Dawar,Egyptian,3,EGP 163,35,Wallet,C064,Motorcycle,2.3,16,25,31,4,U0457,Delivered,,0
ORD01298,3/21/2025 18:01,minya,Abu Helal,El-Nil Fish,Fish,3,452,23,Wallet,C047,Tuk-tuk,5.4,23,30,47,4,U0967,Delivered,,0
ORD01519,6/8/2025 13:37,New Minya,New Minya,Samak El-Balad,Fish,2,290,0,Card,C033,Bicycle,11.1,20,45,96,2,U0006,Delivered,,0
ORD01456,5/11/2025 21:04, Minya,Ard Sultan,Bahary Corner,Fish,4,688 EGP,0,Card,C085,Bicycle,3,38,25,67,3,U0823,Delivered,,1
ORD02515,6/17/2025 20:56,New Minya,New Minya,Samak El-Balad,Fish,1,145,31,Cash,C062,Motorcycle,12.2,25,45,67,3,U0256,Delivered,,0
ORD00568,4/16/2025 19:18,Minya,Nazlet Hussein,Burger Corniche,Burgers,3,203,0,Cash,C039,Motorcycle,7.7,11,35,44,4,U0443,Delivered,,1
ORD00334,6/20/2025 19:39,Abu Qurqas,Abu Qurqas,Tamara Sweets,Desserts,6,EGP 230,0,Card,C100,Bicycle,18.8,13,60,153,,U0268,Delivered,,0
ORD03185,1/20/2025 11:10,Minya,Wast El-Balad,Slice Minya,Pizza,2,204 EGP,0,Cash,C072,Tuk-tuk,0.6,16,20,20,,U1375,Delivered,,1
ORD01957,5/14/2025 21:08, Minya,El-Gamaa,Pizza Roma,Pizza,6,EGP 455,29,Card,C070,Tuk-tuk,4.8,25,30,55,,U0461,Delivered,,0
ORD02090,2/14/2025 21:23,MINYA,Ard Sultan,Hadouta Masreya,Egyptian,4,EGP 133,0,Wallet,C059,Motorcycle,3.6,6,30,29,5,U1487,Delivered,,0
ORD02051,9/4/2025 17:38,New Minya,New Minya,El-Dawar,Egyptian,3,163 EGP,0,Card,C043,Bicycle,12.2,8,45,91,2,U0119,Delivered,,0
ORD03045,3/13/2025 20:51,MINYA,Wast El-Balad,Tamara Sweets,Desserts,1,EGP 75,0,Cash,C083,Motorcycle,1.6,11,25,27,4,U0623,Delivered,,0
ORD01614,7/1/2025 21:38,MINYA,El-Gamaa,Basbousa Bar,Desserts,1,66,10,Wallet,C004,Motorcycle,4.5,23,30,37,4,U0326,Delivered,,0
ORD01510,26/01/2025 14:58,minya,Ard Sultan,Samak El-Balad,Fish,2,252,0,Cash,C049,Motorcycle,4.8,23,30,42,3,U1249,Delivered,,1
ORD00379,4/18/2025 13:03,Minya,Corniche El-Nil,Bahary Corner,Fish,4,EGP 662,0,Wallet,C098,Motorcycle,2.3,31,25,41,4,U0267,Delivered,customer not answering,0
ORD01609,6/10/2025 22:32,Minya,Ard Sultan,Slice Minya,Pizza,2,EGP 200,0,Card,C054,Motorcycle,3.6,17,30,24,4,U0237,Delivered,,0
ORD00322,5/16/2025 13:28,minya,El-Gamaa,Sultan Grill,Grills,6,600 EGP,40,Card,C106,Motorcycle,7.3,21,35,37,,U0885,Delivered,,1
ORD00072,1/17/2025 21:19,Minya,Wast El-Balad,Koshary El-Sheikh,Egyptian,4,117 EGP,27,Wallet,C046,Motorcycle,3.9,14,30,32,5,U0135,Delivered,,1
ORD04123,5/30/2025 20:40,El Minya,Corniche El-Nil,Bahary Corner,Fish,5,766 EGP,40,Cash,C066,Bicycle,3.1,36,25,61,4,U0052,Delivered,,1
ORD02194,3/22/2025 12:17,Minya,Shalaby,Om Ali House,Desserts,5,296 EGP,46,Cash,C054,Tuk-tuk,4.1,13,30,19,5,U0634,Delivered,,1
ORD03996,2/10/2025 19:33,Minya,Abu Helal,Burger Corniche,Burgers,5,EGP 436,0,Card,C086,Motorcycle,2,14,25,25,5,U0146,Delivered,,1
ORD00832,3/25/2025 13:26, Abu Qurqas,Abu Qurqas,Samak El-Balad,Fish,5,874,0,Cash,C014,Motorcycle,15.2,19,50,53,5,U0626,Delivered,customer not answering,0
ORD02559,17/03/2025 13:31,Minya,Abu Helal,Pizza Roma,Pizza,2,224 EGP,0,Cash,C071,Motorcycle,3.9,18,30,24,4,U0602,Delivered,,0
ORD02123,19/05/2025 21:46,Minya,El-Sahel,Slice Minya,Pizza,1,93 EGP,0,Wallet,C032,Motorcycle,6.2,12,35,40,4,U0489,Delivered,,1
ORD00753,1/5/2025 19:44,Minya,Corniche El-Nil,El-Abd Minya,Desserts,3,EGP 206,0,Wallet,C042,Motorcycle,2.1,7,25,22,5,U1198,Delivered,,0
ORD02216,2/12/2025 21:14,NEW MINYA,New Minya,Koshary El-Sheikh,Egyptian,5,195,0,Card,C009,Motorcycle,12.1,14,45,58,,U0306,Delivered,,0
ORD02607,3/15/2025 23:25,Minya,El-Mahatta,Tamara Sweets,Desserts,6,352 EGP,26,Cash,C085,Motorcycle,3.7,8,30,22,4,U0055,Delivered,,0
ORD00418,24/03/2025 19:58,MINYA,Ard Sultan,Pizza Roma,Pizza,6,EGP 687,0,Cash,C089,Bicycle,1.9,16,25,36,5,U0816,Delivered,,0
ORD00154,3/3/2025 20:27,Minya,El-Gamaa,Hadouta Masreya,Egyptian,1,57,10,Cash,C019,Motorcycle,5.8,17,35,48,,U0599,Delivered,,1
ORD02261,4/24/2025 12:35,Minya,Abu Helal,Tamara Sweets,Desserts,1,73 EGP,0,Cash,C008,Motorcycle,4.7,13,30,24,5,U0268,Delivered,,1
ORD03888,1/23/2025 21:39,Minya,Wast El-Balad,Sultan Grill,Grills,2,EGP 324,0,Cash,C075,Tuk-tuk,2.7,15,25,37,5,U0553,Delivered,,1
ORD04065,2/18/2025 14:59,New Minya ,New Minya,Bahary Corner,Fish,6,900 EGP,0,Cash,C110,Motorcycle,10.1,31,40,54,,U0271,Delivered,,0
ORD03039,10/2/2025 15:19,Minya,Abu Helal,El-Dawar,Egyptian,4,174 EGP,0,Card,C044,Motorcycle,4.2,14,30,30,4,U0814,Delivered,,1
ORD02399,4/14/2025 15:08,new minya,New Minya,El-Abd Minya,Desserts,1,EGP 46,0,Cash,C109,Bicycle,10.4,13,40,84,,U0464,Delivered,,0
ORD01997,4/4/2025 12:32, Minya,Wast El-Balad,Bahary Corner,Fish,2,391 EGP,72,Card,C043,Motorcycle,1.4,35,25,32,5,U0176,Delivered,,1
ORD00976,29/03/2025 21:02,El-Minya,Shalaby,Koshary El-Sheikh,Egyptian,1,45 EGP,0,Cash,C030,Motorcycle,7,9,35,32,5,U0088,Delivered,,1
ORD02234,4/6/2025 15:11,Minya,Corniche El-Nil,Sheikh El-Balad,Grills,1,148 EGP,0,Cash,C098,Bicycle,2.2,38,25,,,U0714,Cancelled,,
ORD03108,3/17/2025 20:05,Abu Qurqas,Abu Qurqas,Bites Burger,Burgers,6,635,0,Cash,C034,Bicycle,14.1,7,50,103,,U0753,Delivered,,0
ORD00917,3/31/2025 22:50,Minya,Abu Helal,Foul El-Mahatta,Egyptian,6,232 EGP,0,Cash,C109,Motorcycle,3.3,14,25,13,4,U1247,Delivered,,0
ORD00302,4/28/2025 14:59,Minya,El-Gamaa,Samak El-Balad,Fish,6,699,0,Wallet,C058,Bicycle,7.2,22,35,48,3,U1089,Delivered,,0
ORD03028,2/8/2025 14:05,NEW MINYA,New Minya,Burger Corniche,Burgers,1,95 EGP,12,Cash,C040,Motorcycle,10.9,12,45,38,5,U1089,Delivered,,0
ORD03533,3/25/2025 17:44, Minya,El-Mahatta,Pizza Roma,Pizza,6,EGP 597,0,Card,C101,Bicycle,2.7,15,25,30,5,U0342,Delivered,,0
ORD04180,2/5/2025 19:15,New Minya,New Minya,Foul El-Mahatta,Egyptian,4,180 EGP,0,Card,C032,Bicycle,11.4,4,45,89,2,U0579,Delivered,,0
ORD02428,4/3/2025 22:11,El Minya,El-Sahel,Hadouta Masreya,Egyptian,6,358 EGP,0,Cash,C030,Motorcycle,6,17,35,33,5,U0424,Delivered,,1
ORD00509,17/06/2025 20:24,Minya,Shalaby,Burger Corniche,Burgers,5,446 EGP,79,Cash,C006,Motorcycle,2.7,19,25,44,,U1397,Delivered,,0
ORD03370,1/8/2025 20:00,minya,El-Mahatta,El-Abd Minya,Desserts,6,290 EGP,0,Card,C047,Motorcycle,4,14,30,36,5,U0884,Delivered,,0
ORD00942,3/6/2025 14:46,MINYA,El-Gamaa,Tamara Sweets,Desserts,5,262 EGP,0,Cash,C069,Motorcycle,5.4,8,30,15,5,U0604,Delivered,,1
ORD01479,1/6/2025 19:18,Minya,El-Mahatta,Samak El-Balad,Fish,2,362 EGP,66,Card,C084,Tuk-tuk,3.7,21,30,43,,U1414,Delivered,,1
ORD02341,2/21/2025 21:09,minya,Corniche El-Nil,Sheikh El-Balad,Grills,1,123 EGP,12,Wallet,C062,Bicycle,2.4,34,25,,,U0596,Cancelled,,
ORD03266,1/3/2025 19:18,Minya,Corniche El-Nil,Farag Kebab,Grills,2,275 EGP,0,Card,C025,Motorcycle,2.7,25,25,36,,U1437,Delivered,,0
ORD02487,5/6/2025 18:18,Minya,Ard Sultan,Pizza Roma,Pizza,4,311,60,Card,C072,Motorcycle,4.3,19,30,34,,U0949,Delivered,,1
ORD00910,4/20/2025 19:47,MINYA,Nazlet Hussein,Burger Corniche,Burgers,5,364 EGP,0,Cash,C013,Motorcycle,8.2,13,40,37,5,U0061,Delivered,,1
ORD02012,1/30/2025 13:40, Abu Qurqas,Abu Qurqas,Foul El-Mahatta,Egyptian,6,EGP 256,0,Card,C084,Motorcycle,16.9,9,55,50,5,U0451,Delivered,,1
ORD01129,1/4/2025 21:25,New Minya ,New Minya,Bites Burger,Burgers,1,EGP 85,0,Card,C038,Tuk-tuk,10.8,18,45,68,3,U1489,Delivered,,1
ORD00701,5/7/2025 11:10,Minya,El-Gamaa,Koshary El-Sheikh,Egyptian,4,EGP 173,42,Cash,C047,Motorcycle,7.7,16,35,25,4,U0044,Delivered,,1
ORD02354,1/29/2025 12:41,Menia,Ard Sultan,Om Ali House,Desserts,2,EGP 129,0,Cash,C063,Motorcycle,4.7,14,30,28,5,U0113,Delivered,,1
ORD04010,4/3/2025 16:21,El Minya,El-Mahatta,Om Ali House,Desserts,1,EGP 70,0,Cash,C022,Motorcycle,1.4,13,25,20,,U0335,Delivered,,1
ORD00990,2/2/2025 13:10,Minya,Wast El-Balad,El-Dawar,Egyptian,1,EGP 52,0,Cash,C070,Bicycle,3.6,11,30,30,5,U0538,Delivered,,1
ORD03658,1/12/2025 14:00,Minya,Shalaby,Pizza Roma,Pizza,6,682 EGP,58,Wallet,C031,Tuk-tuk,3.4,17,30,26,5,U0866,Delivered,,0
ORD01113,4/13/2025 19:58,El-Minya,El-Sahel,El-Abd Minya,Desserts,6,384 EGP,0,Cash,C068,Motorcycle,4.1,4,30,24,4,U1263,Delivered,,1
ORD03698,5/1/2025 20:20,El-Minya,Ard Sultan,Farag Kebab,Grills,2,277,52,Wallet,C083,Motorcycle,3.4,20,30,41,4,U1464,Delivered,,0
ORD03353,3/4/2025 14:10,New Minya,New Minya,Sultan Grill,Grills,4,688 EGP,124,Wallet,C104,Tuk-tuk,12.4,17,45,59,,U1107,Delivered,,0
ORD03896,16/04/2025 12:51,Minya,Shalaby,El-Nil Fish,Fish,2,266,0,Card,C047,Tuk-tuk,3,26,25,36,,U0106,Delivered,,0
ORD01021,3/19/2025 18:42,Menia,Corniche El-Nil,Samak El-Balad,Fish,4,668 EGP,0,Cash,C010,Motorcycle,1.3,19,25,22,5,U0937,Delivered,customer not answering,1
ORD03144,2/4/2025 16:17,Menia,Wast El-Balad,El-Dawar,Egyptian,3,EGP 140,34,Card,C070,Bicycle,0.6,14,20,14,5,U0669,Delivered,address unclear,1
ORD00847,20/01/2025 13:10,Minya,Wast El-Balad,El-Dawar,Egyptian,4,184 EGP,0,Cash,C044,Motorcycle,4.1,11,30,23,5,U1315,Delivered,customer not answering,0
ORD01391,7/6/2025 21:46,Menia,El-Gamaa,Koshary El-Sheikh,Egyptian,5,143 EGP,0,Card,C091,Motorcycle,4.8,11,30,31,4,U1251,Delivered,,1
ORD01092,18/02/2025 20:38,Minya,Corniche El-Nil,Foul El-Mahatta,Egyptian,3,198 EGP,0,Card,C071,Motorcycle,2.4,15,25,32,4,U0608,Delivered,,0
ORD01639,2/28/2025 22:36,El Minya,Corniche El-Nil,El-Abd Minya,Desserts,4,EGP 217,0,Cash,C008,Bicycle,1.2,9,25,9,,U1383,Delivered,,1
ORD00057,2/7/2025 18:53,Abu Qurqas,Abu Qurqas,Samak El-Balad,Fish,2,271 EGP,0,Wallet,C049,Motorcycle,17.2,25,55,,,U0229,Cancelled,,
ORD02034,6/17/2025 19:58,Minya ,Ard Sultan,El-Abd Minya,Desserts,6,374,0,Cash,C085,Tuk-tuk,2.8,10,25,30,4,U0514,Delivered,,1
ORD00195,1/26/2025 12:37,minya,Abu Helal,Foul El-Mahatta,Egyptian,2,63,0,Card,C102,Motorcycle,2.7,11,25,9,4,U1269,Delivered,,1
ORD00227,3/5/2025 14:49,Minya,Ard Sultan,Om Ali House,Desserts,1,EGP 63,0,Wallet,C098,Motorcycle,3.1,7,25,16,5,U0238,Delivered,,1
ORD04151,4/8/2025 15:33,Minya,Shalaby,El-Abd Minya,Desserts,4,236 EGP,0,Card,C058,Motorcycle,4.5,10,30,20,5,U0128,Delivered,,1
ORD00130,5/29/2025 22:27,Minya,El-Sahel,Sultan Grill,Grills,2,EGP 304,21,Cash,C049,Bicycle,6,18,35,49,,U1351,Delivered,,0
ORD02950,3/12/2025 17:15,New Minya,New Minya,Sultan Grill,Grills,2,311 EGP,0,Card,C048,Motorcycle,10.4,24,40,56,,U1398,Delivered,,1
ORD03109,3/6/2025 13:38,El-Minya,Ard Sultan,Forno Nile,Pizza,4,492,0,Cash,C042,Bicycle,2.7,30,25,49,4,U0670,Delivered,,0
ORD00345,3/8/2025 12:48,Minya,Shalaby,Forno Nile,Pizza,2,148 EGP,8,Cash,C092,Tuk-tuk,4.8,34,30,52,,U0686,Delivered,,0
ORD02063,19/05/2025 13:41,Minya,Ard Sultan,Crispy House,Burgers,5,470 EGP,0,Cash,C109,Tuk-tuk,0.6,16,20,24,4,U1012,Delivered,,0
ORD02849,5/10/2025 20:36,minya,Ard Sultan,Sultan Grill,Grills,6,847 EGP,68,Cash,C018,Motorcycle,3.5,20,30,40,4,U0144,Delivered,customer not answering,1
ORD00885,3/28/2025 14:37,Minya,Abu Helal,El-Abd Minya,Desserts,4,233,0,Wallet,C003,Tuk-tuk,3.7,9,30,27,4,U1036,Delivered,,0
ORD01281,23/04/2025 14:21,Minya,Nazlet Hussein,El-Abd Minya,Desserts,6,331,0,Wallet,C004,Tuk-tuk,5.6,5,30,24,4,U0085,Delivered,,0
ORD03699,20/01/2025 21:26,Abu Qurqas,Abu Qurqas,Burger Corniche,Burgers,2,140 EGP,28,Cash,C068,Motorcycle,14.7,14,50,70,4,U1476,Delivered,,1
ORD00674,3/5/2025 11:00,Minya,El-Gamaa,Bahary Corner,Fish,5,827,156,Card,C045,Motorcycle,6.1,36,35,47,4,U0959,Delivered,customer not answering,0
ORD02886,3/13/2025 18:51,Minya,Ard Sultan,Basbousa Bar,Desserts,5,221 EGP,0,Card,C003,Bicycle,3.8,5,30,26,5,U0953,Delivered,,1
ORD02204,3/23/2025 13:15,Minya,Corniche El-Nil,Samak El-Balad,Fish,6,806,0,Cash,C078,Tuk-tuk,1.4,22,25,22,5,U0082,Delivered,,1
ORD03492,1/28/2025 14:28,Minya,El-Mahatta,El-Nil Fish,Fish,2,EGP 289,31,Card,C030,Bicycle,2.4,20,25,31,5,U1145,Delivered,,1
ORD00310,2/28/2025 21:33,Minya,El-Gamaa,Slice Minya,Pizza,6,731 EGP,0,Cash,C025,Motorcycle,6.3,17,35,41,4,U1132,Delivered,re-assigned,1
ORD01175,1/2/2025 20:42,Menia,Wast El-Balad,Hadouta Masreya,Egyptian,4,196,25,Card,C110,Motorcycle,1.2,13,25,30,5,U0344,Delivered,address unclear,1
ORD02566,5/26/2025 16:48,El-Minya,Wast El-Balad,Koshary El-Sheikh,Egyptian,5,EGP 271,52,Cash,C052,Tuk-tuk,0.7,7,20,16,5,U0613,Delivered,,1
ORD00892,2/27/2025 19:42,Abu Qurqas,Abu Qurqas,Bahary Corner,Fish,4,484,0,Card,C084,Motorcycle,15.2,30,50,75,3,U1421,Delivered,,0
ORD00846,5/5/2025 20:28,Minya,Shalaby,Basbousa Bar,Desserts,5,280 EGP,31,Wallet,C098,Motorcycle,0,7,25,24,5,U0517,Delivered,,0
ORD00289,4/30/2025 22:56, Minya,Ard Sultan,Bites Burger,Burgers,3,225 EGP,37,Cash,C029,Motorcycle,2.7,18,25,18,5,U0430,Delivered,,1
ORD03670,20/05/2025 19:08,Minya,El-Sahel,Sheikh El-Balad,Grills,1,167 EGP,25,Cash,C025,Tuk-tuk,3,29,25,59,2,U1203,Delivered,,0
ORD02579,30/04/2025 19:18,ABU QURQAS,Abu Qurqas,Bahary Corner,Fish,5,557,0,Wallet,C028,Tuk-tuk,18,31,60,105,2,U1133,Delivered,,0
ORD00088,1/22/2025 17:53,Minya,Nazlet Hussein,Farag Kebab,Grills,5,829 EGP,0,Cash,C059,Bicycle,5.8,20,35,44,4,U0943,Delivered,,0
ORD03364,12/2/2025 22:27,Minya,Nazlet Hussein,Foul El-Mahatta,Egyptian,5,190 EGP,0,Cash,C095,Motorcycle,6.5,11,35,26,5,U1121,Delivered,,1
ORD03440,1/2/2025 22:19,Minya,Corniche El-Nil,Sultan Grill,Grills,2,348 EGP,0,Cash,C105,Tuk-tuk,0.6,17,20,16,,U1393,Delivered,,1
ORD01573,2/19/2025 19:39,El Minya,El-Mahatta,Hadouta Masreya,Egyptian,1,EGP 57,0,Cash,C011,Tuk-tuk,3.8,13,30,28,5,U0504,Delivered,,1
ORD01690,2/19/2025 16:16,El Minya,Shalaby,Slice Minya,Pizza,6,EGP 705,0,Cash,C091,Motorcycle,3.7,13,30,30,,U0180,Delivered,,1
ORD02638,1/20/2025 22:51,New Minya,New Minya,Koshary El-Sheikh,Egyptian,3,EGP 201,0,Cash,C005,Bicycle,12.9,12,50,96,,U0481,Delivered,,1
ORD00647,2/12/2025 20:49,Minya,Ard Sultan,Sheikh El-Balad,Grills,6,810 EGP,154,Card,C045,Motorcycle,2.7,31,25,43,4,U1309,Delivered,,1
ORD03174,1/13/2025 14:38, Minya,El-Sahel,Om Ali House,Desserts,5,305 EGP,0,Cash,C030,Motorcycle,3.3,6,25,8,5,U0060,Delivered,,0
ORD02494,5/7/2025 22:32,Minya,Abu Helal,El-Nil Fish,Fish,1,EGP 160,0,Cash,C105,Motorcycle,4.2,27,30,31,5,U0494,Delivered,,1
ORD02380,5/4/2025 19:04,new minya,New Minya,Basbousa Bar,Desserts,1,57 EGP,0,Cash,C062,Bicycle,10,16,40,89,2,U0250,Delivered,,0
ORD02230,5/16/2025 14:43,Minya,Ard Sultan,Basbousa Bar,Desserts,5,EGP 277,40,Cash,C056,Motorcycle,4.1,14,30,22,5,U0438,Delivered,,1
ORD00155,4/19/2025 15:20,Minya,Wast El-Balad,El-Abd Minya,Desserts,5,323,0,Cash,C022,Bicycle,4.6,9,30,30,5,U0705,Delivered,,0
ORD02075,4/17/2025 13:24,Minya,El-Gamaa,Forno Nile,Pizza,1,EGP 111,0,Cash,C019,Tuk-tuk,5,24,30,39,4,U0949,Delivered,,0
ORD01877,5/17/2025 17:28,El-Minya,Ard Sultan,Crispy House,Burgers,4,316 EGP,42,Card,C088,Motorcycle,4.1,16,30,29,5,U1183,Delivered,,1
ORD00373,3/5/2025 12:17,Minya ,El-Sahel,Koshary El-Sheikh,Egyptian,2,104 EGP,0,Cash,C023,Motorcycle,5.6,11,30,28,5,U1350,Delivered,,1
ORD02433,6/28/2025 19:48,New Minya,New Minya,Hadouta Masreya,Egyptian,6,295,0,Card,C056,Motorcycle,11.1,17,45,58,5,U0971,Delivered,,0
ORD00944,1/12/2025 19:54,El Minya,Corniche El-Nil,Koshary El-Sheikh,Egyptian,5,246,0,Cash,C110,Motorcycle,3.7,9,30,34,4,U1216,Delivered,,0
ORD01928,1/21/2025 20:39, Minya,Shalaby,Samak El-Balad,Fish,1,161,16,Cash,C110,Motorcycle,2.8,24,25,47,4,U1066,Delivered,,0
ORD01329,5/7/2025 17:05,Minya,Wast El-Balad,Forno Nile,Pizza,6,667 EGP,0,Card,C019,Motorcycle,1.8,27,25,42,4,U0190,Delivered,,0
ORD00908,8/3/2025 18:57,Minya ,Ard Sultan,Om Ali House,Desserts,3,213,0,Cash,C015,Motorcycle,4.6,6,30,13,4,U1021,Delivered,,1
ORD02296,2/8/2025 11:48,New Minya,New Minya,Sheikh El-Balad,Grills,1,EGP 112,0,Card,C040,Tuk-tuk,10.6,29,45,64,3,U1408,Delivered,,0
ORD02832,3/1/2025 16:41,Menia,Abu Helal,Sultan Grill,Grills,4,593 EGP,53,Cash,C057,Tuk-tuk,3.4,16,30,25,4,U0988,Delivered,,0
ORD01504,1/18/2025 12:34,Minya,Abu Helal,Sultan Grill,Grills,2,251 EGP,50,Cash,C107,Motorcycle,1.5,27,25,25,4,U1263,Delivered,,1
ORD02010,29/03/2025 17:52,Minya,Shalaby,El-Nil Fish,Fish,6,866,194,Card,C050,Motorcycle,3.9,22,30,31,5,U1044,Delivered,,0
ORD01533,5/13/2025 19:17,Minya,Wast El-Balad,Bites Burger,Burgers,6,556 EGP,34,Cash,C098,Motorcycle,2.6,11,25,20,4,U1055,Delivered,,1
ORD01618,12/4/2025 12:02,New Minya ,New Minya,Burger Corniche,Burgers,3,EGP 217,27,Cash,C025,Tuk-tuk,11.8,14,45,56,,U0617,Delivered,,0
ORD02129,1/28/2025 21:30,New Minya,New Minya,Koshary El-Sheikh,Egyptian,1,EGP 67,9,Wallet,C059,Tuk-tuk,12,18,45,69,3,U0132,Delivered,,0
ORD02191,1/20/2025 19:22,Minya,Abu Helal,Koshary El-Sheikh,Egyptian,5,277 EGP,0,Cash,C049,Bicycle,3.4,5,30,33,,U1014,Delivered,gate closed,1
ORD03040,5/17/2025 17:07,Minya,Ard Sultan,Om Ali House,Desserts,1,53 EGP,0,Card,C001,Bicycle,3.8,6,30,24,5,U0936,Delivered,,0
ORD00905,2/19/2025 18:19,Minya,El-Mahatta,Basbousa Bar,Desserts,5,274 EGP,0,Card,C091,Tuk-tuk,2.6,15,25,29,,U0175,Delivered,,0
ORD01339,2/18/2025 21:09,Minya,Nazlet Hussein,Bites Burger,Burgers,4,EGP 320,30,Cash,C096,Motorcycle,7.2,14,35,42,4,U0249,Delivered,,0
ORD03915,3/3/2025 19:01, Minya,Wast El-Balad,Pizza Roma,Pizza,4,676,96,Cash,C042,Bicycle,1.6,16,25,23,5,U0221,Delivered,,0
ORD01770,4/12/2025 15:52,MINYA,Wast El-Balad,Om Ali House,Desserts,6,EGP 223,51,Card,C016,Motorcycle,1,9,25,10,,U0365,Delivered,,0
ORD03352,3/19/2025 18:27,El Minya,Abu Helal,Burger Corniche,Burgers,5,440 EGP,0,Cash,C038,Motorcycle,4.2,13,30,21,5,U0556,Delivered,,1
ORD01565,6/20/2025 17:05, Minya,Corniche El-Nil,Farag Kebab,Grills,5,748,0,Cash,C094,Bicycle,1.8,23,25,28,5,U0406,Delivered,,1
ORD03117,4/10/2025 21:36,New Minya,New Minya,El-Dawar,Egyptian,1,59 EGP,0,Card,C080,Motorcycle,11.1,7,45,46,5,U0533,Delivered,,0
ORD02689,1/9/2025 22:27,Minya,Abu Helal,Om Ali House,Desserts,1,60 EGP,6,Card,C012,Motorcycle,2,13,25,20,5,U0308,Delivered,,0
ORD00635,2/22/2025 23:14,Abu Qurqas,Abu Qurqas,Tamara Sweets,Desserts,1,EGP 71,0,Cash,C086,Motorcycle,16.7,7,55,56,4,U0806,Delivered,,1
ORD02065,11/1/2025 19:20,El-Minya,Ard Sultan,Pizza Roma,Pizza,1,111,0,Cash,C006,Tuk-tuk,2.5,16,25,32,5,U0788,Delivered,,1
ORD03033,5/19/2025 21:51,MINYA,Abu Helal,Sheikh El-Balad,Grills,6,"1,030 EGP",0,Wallet,C009,Bicycle,3.3,32,25,71,2,U1137,Delivered,,0
ORD03104,4/22/2025 13:06,Minya,Corniche El-Nil,Crispy House,Burgers,1,EGP 92,0,Cash,C078,Motorcycle,3.4,20,30,28,4,U0624,Delivered,,0
ORD02873,4/21/2025 22:27,Abu Qurqas,Abu Qurqas,Om Ali House,Desserts,6,466,0,Card,C075,Motorcycle,15.5,9,55,40,5,U0703,Delivered,,0
ORD02856,3/16/2025 15:19,Minya,Wast El-Balad,Koshary El-Sheikh,Egyptian,6,329,0,Cash,C013,Bicycle,3.2,8,25,32,4,U1330,Delivered,,0
ORD03603,4/11/2025 16:27,minya,El-Mahatta,Tamara Sweets,Desserts,3,165 EGP,24,Card,C072,Motorcycle,1.7,17,25,24,5,U0016,Delivered,,1
ORD04029,26/05/2025 22:23,Minya,El-Gamaa,Forno Nile,Pizza,2,181 EGP,0,Cash,C097,Motorcycle,6.6,25,35,35,4,U1304,Delivered,,0
ORD02762,5/28/2025 13:03,Menia,El-Mahatta,Bites Burger,Burgers,1,98,0,Cash,C107,Motorcycle,4,14,30,29,5,U0618,Delivered,,0
ORD02641,6/10/2025 22:29,Minya,Abu Helal,Om Ali House,Desserts,2,92 EGP,0,Wallet,C053,Motorcycle,5.2,15,30,36,,U1277,Delivered,,1
ORD00781,2/19/2025 15:45,Minya,Ard Sultan,El-Nil Fish,Fish,6,"EGP 1,068",0,Card,C004,Bicycle,2.7,23,25,31,5,U0139,Delivered,,1
ORD00186,6/20/2025 21:21,Minya,Corniche El-Nil,Farag Kebab,Grills,6,"1,007",0,Cash,C104,Motorcycle,1.4,20,25,28,5,U0645,Delivered,,1
ORD02569,2/13/2025 17:49,Minya,El-Sahel,Bites Burger,Burgers,1,121 EGP,0,Card,C106,Tuk-tuk,4.6,12,30,22,5,U0347,Delivered,,1
ORD02397,2/21/2025 14:28,minya,Wast El-Balad,El-Abd Minya,Desserts,5,EGP 219,23,Wallet,C092,Bicycle,2.3,9,25,19,,U1286,Delivered,,0
ORD01884,6/22/2025 13:23,Minya,Ard Sultan,Crispy House,Burgers,5,487,39,Cash,C026,Bicycle,5.3,17,30,44,4,U1089,Delivered,,0
ORD01085,3/13/2025 18:45,El-Minya,Corniche El-Nil,Farag Kebab,Grills,3,309 EGP,0,Cash,C025,Motorcycle,,28,25,36,5,U0400,Delivered,,1
ORD01287,5/28/2025 21:18,Minya,Ard Sultan,Bahary Corner,Fish,1,173,19,Cash,C040,Bicycle,5.3,30,30,62,,U1176,Delivered,,1
ORD01555,28/01/2025 23:46,New Minya ,New Minya,El-Abd Minya,Desserts,3,129 EGP,0,Cash,C047,Motorcycle,12.4,6,45,32,5,U0206,Delivered,,1
ORD01210,5/24/2025 14:29,Minya,El-Sahel,Sheikh El-Balad,Grills,2,333,0,Card,C007,Tuk-tuk,5.3,29,30,44,,U0424,Delivered,,0
ORD03225,12/3/2025 14:23,El Minya,Ard Sultan,Sheikh El-Balad,Grills,3,298 EGP,0,Card,C021,Motorcycle,3.7,34,30,41,4,U1301,Delivered,gate closed,1
ORD01231,9/3/2025 13:08,Minya,Shalaby,Farag Kebab,Grills,2,310 EGP,17,Cash,C025,Bicycle,2.4,21,25,31,,U0392,Delivered,,1
ORD00217,1/24/2025 15:47,Minya ,Wast El-Balad,Tamara Sweets,Desserts,1,61 EGP,0,Cash,C048,Tuk-tuk,1.4,7,25,17,5,U0967,Delivered,,1
ORD03285,8/2/2025 13:06,Minya,El-Mahatta,Koshary El-Sheikh,Egyptian,3,156,31,Cash,C065,Bicycle,3.6,14,30,29,4,U0234,Delivered,,0
ORD02668,1/10/2025 17:40,El-Minya,Ard Sultan,Farag Kebab,Grills,2,261,0,Cash,C049,Bicycle,2.1,21,25,30,5,U0726,Delivered,,1
ORD03122,4/22/2025 22:20,El-Minya,El-Mahatta,Koshary El-Sheikh,Egyptian,2,100,0,Cash,C054,Bicycle,2.9,8,25,15,5,U0496,Delivered,,0
ORD02603,20/04/2025 13:04,Minya,Wast El-Balad,Crispy House,Burgers,5,397,0,Card,C072,Bicycle,1.2,16,25,21,5,U1389,Delivered,,1
ORD02025,5/24/2025 20:30,minya,El-Gamaa,Forno Nile,Pizza,6,559 EGP,0,Cash,C042,Motorcycle,6,25,35,49,4,U0549,Delivered,,1
ORD00698,6/5/2025 17:58,minya,Abu Helal,Sheikh El-Balad,Grills,1,157,28,Cash,C093,Motorcycle,3.5,31,30,39,4,U0235,Delivered,,0
ORD01003,6/7/2025 13:25,Abu Qurqas,Abu Qurqas,El-Nil Fish,Fish,3,554 EGP,98,Cash,C025,Bicycle,18.4,22,60,142,,U1165,Delivered,,0
ORD01787,1/1/2025 17:27,Minya,El-Sahel,Koshary El-Sheikh,Egyptian,6,254,0,Cash,C101,Motorcycle,4.3,12,30,16,,U0515,Delivered,,0
ORD01902,4/7/2025 18:56,MINYA,El-Sahel,Sheikh El-Balad,Grills,3,"2,210",315,Cash,C007,Tuk-tuk,2.8,27,25,39,5,U0689,Delivered,address unclear,1
ORD00842,5/13/2025 18:05,Minya,El-Sahel,El-Nil Fish,Fish,1,110 EGP,0,Wallet,C034,Motorcycle,6,22,35,36,5,U1201,Delivered,,1
ORD00105,2/16/2025 18:08,Minya,Shalaby,Forno Nile,Pizza,3,EGP 355,0,Cash,C071,Motorcycle,3.1,26,25,29,4,U1222,Delivered,,0
ORD03761,5/6/2025 20:40,minya,Wast El-Balad,Farag Kebab,Grills,3,EGP 317,0,Cash,C052,Motorcycle,3.5,28,30,48,3,U0361,Delivered,,0
ORD03678,2/13/2025 20:19,Minya,Abu Helal,El-Nil Fish,Fish,4,799 EGP,91,Cash,C021,Bicycle,3.5,30,30,64,3,U0699,Delivered,,0
ORD00435,2/13/2025 21:13, Minya,Corniche El-Nil,Foul El-Mahatta,Egyptian,5,283 EGP,70,Wallet,C003,Motorcycle,2.7,13,25,38,4,U0741,Delivered,address unclear,0
ORD01506,17/03/2025 22:27,Minya,El-Gamaa,Bahary Corner,Fish,2,EGP 417,0,Cash,C075,Tuk-tuk,7.3,31,35,53,3,U1029,Delivered,,0
ORD02547,4/5/2025 18:27,Minya,El-Sahel,El-Nil Fish,Fish,4,EGP 534,0,Cash,C008,Bicycle,3.1,24,25,40,,U0924,Delivered,,0
ORD01845,9/3/2025 23:26,New Minya,New Minya,El-Abd Minya,Desserts,2,127 EGP,0,Wallet,C076,Motorcycle,11.2,6,45,30,,U1370,Delivered,,0
ORD01247,1/2/2025 12:43,New Minya ,New Minya,Koshary El-Sheikh,Egyptian,4,EGP 279,0,Cash,C028,Tuk-tuk,11.6,7,45,43,5,U0561,Delivered,,0
ORD03946,5/20/2025 19:58,minya,Shalaby,Bahary Corner,Fish,1,188,0,Card,C002,Motorcycle,4.4,36,30,53,4,U0722,Delivered,,0
ORD01915,4/10/2025 16:44,Abu Qurqas,Abu Qurqas,Sheikh El-Balad,Grills,2,EGP 286,38,Card,C071,Motorcycle,17.2,34,55,78,,U0808,Delivered,,0
ORD01046,15/05/2025 13:40,El-Minya,Nazlet Hussein,Sultan Grill,Grills,3,257 EGP,0,Cash,C029,Motorcycle,6.4,22,35,37,4,U0782,Delivered,,1
ORD01319,2/23/2025 18:17,Minya ,Wast El-Balad,Sultan Grill,Grills,2,284 EGP,0,Cash,C101,Motorcycle,0.6,21,20,27,4,U0448,Delivered,,1
ORD01305,4/26/2025 20:58, Minya,El-Mahatta,Om Ali House,Desserts,1,59 EGP,0,Cash,C108,Motorcycle,2.6,9,25,23,4,U1038,Delivered,,1
ORD04057,5/4/2025 20:24,Minya,Corniche El-Nil,Forno Nile,Pizza,2,133,29,Wallet,C052,Motorcycle,2.4,29,25,45,5,U0981,Delivered,,1
ORD00641,3/6/2025 19:08,Minya ,Wast El-Balad,El-Nil Fish,Fish,3,EGP 556,0,Cash,C093,Motorcycle,2.7,20,25,32,5,U0145,Delivered,,1
ORD02180,3/13/2025 18:30,Abu Qorqas,Abu Qurqas,Om Ali House,Desserts,1,76,0,Wallet,C010,Motorcycle,15.2,7,50,42,5,U0152,Delivered,,0
ORD03126,28/05/2025 22:24,Menia,Wast El-Balad,Om Ali House,Desserts,1,EGP 57,11,Cash,C089,Motorcycle,1.1,14,25,17,4,U1122,Delivered,,1
ORD02808,3/11/2025 21:15,Minya,El-Gamaa,Hadouta Masreya,Egyptian,1,60,0,Cash,C012,Tuk-tuk,8.2,10,40,39,5,U0770,Delivered,,0
ORD02975,1/23/2025 23:07,El Minya,El-Mahatta,Sultan Grill,Grills,6,EGP 707,0,Cash,C083,Tuk-tuk,3.8,17,30,33,,U0634,Delivered,,1
ORD02275,5/18/2025 21:16,MINYA,Wast El-Balad,Bites Burger,Burgers,5,362,0,Wallet,C019,Tuk-tuk,0.6,19,20,27,4,U0147,Delivered,,1
ORD03427,1/22/2025 20:58,Minya,Wast El-Balad,Bites Burger,Burgers,5,548 EGP,101,Wallet,C017,Motorcycle,2.5,13,25,27,5,U0867,Delivered,,1
ORD01888,4/6/2025 11:16,New Minya,New Minya,Sheikh El-Balad,Grills,2,352 EGP,0,Card,C048,Bicycle,10.5,33,45,93,3,U0064,Delivered,,0
ORD01712,5/20/2025 12:54,Minya,El-Gamaa,Slice Minya,Pizza,6,EGP 598,0,Cash,C094,Tuk-tuk,6.8,16,35,38,5,U0564,Delivered,,1
ORD03396,2/10/2025 13:03,El Minya,Abu Helal,Crispy House,Burgers,4,351 EGP,0,Card,C077,Tuk-tuk,2.3,11,25,19,4,U0532,Delivered,,0
ORD00019,4/1/2025 21:30,minya,El-Mahatta,Bites Burger,Burgers,2,163,0,Cash,C059,Motorcycle,3.9,13,30,26,5,U0561,Delivered,,1
ORD01744,2/2/2025 12:13,Minya,El-Gamaa,Forno Nile,Pizza,1,114 EGP,0,Card,C006,Motorcycle,4.9,25,30,35,4,U0088,Delivered,,1
ORD01461,4/16/2025 14:45,minya,El-Gamaa,El-Nil Fish,Fish,2,327 EGP,0,Cash,C028,Motorcycle,6,25,35,39,4,U1144,Delivered,,1
ORD01154,1/29/2025 22:49,minya,El-Mahatta,El-Abd Minya,Desserts,6,410,86,Card,C001,Tuk-tuk,3.5,9,30,18,5,U1017,Delivered,,0
ORD02783,4/28/2025 14:23,Minya,El-Mahatta,Foul El-Mahatta,Egyptian,4,148 EGP,0,Card,C039,Motorcycle,1.7,14,25,14,4,U0184,Delivered,,0
ORD02622,5/17/2025 21:32,Minya ,Shalaby,Sheikh El-Balad,Grills,3,375 EGP,54,Card,C030,Bicycle,3.6,25,30,39,4,U1411,Delivered,,1
ORD03933,2/8/2025 22:07,Minya,Ard Sultan,El-Nil Fish,Fish,5,964 EGP,183,Cash,C060,Motorcycle,5.9,23,35,34,4,U1293,Delivered,,1
ORD01468,3/10/2025 16:25,MINYA,Shalaby,Samak El-Balad,Fish,4,590 EGP,0,Cash,C031,Motorcycle,3.3,19,25,30,4,U0236,Delivered,,1
ORD01766,4/3/2025 19:01,Minya,El-Sahel,Basbousa Bar,Desserts,5,"1,850 EGP",0,Cash,C080,Motorcycle,4.5,11,30,36,4,U0303,Delivered,,1
ORD02687,4/1/2025 14:58,minya,El-Sahel,Bites Burger,Burgers,2,188,0,Cash,C056,Motorcycle,6.3,14,35,31,4,U0311,Delivered,,0
ORD00346,3/13/2025 20:09,Minya,Ard Sultan,Tamara Sweets,Desserts,4,138,23,Card,C004,Bicycle,2,10,25,21,5,U1344,Delivered,,0
ORD03989,23/02/2025 17:08,Menia,Abu Helal,Forno Nile,Pizza,4,331 EGP,0,Card,C067,Motorcycle,3.3,29,25,36,4,U0983,Delivered,,1
ORD03407,1/25/2025 15:41,new minya,New Minya,Bahary Corner,Fish,5,EGP 669,0,Cash,C077,Motorcycle,9,39,40,64,3,U0479,Delivered,,0
ORD01197,5/4/2025 17:01,Minya,Shalaby,Samak El-Balad,Fish,5,659 EGP,0,Cash,C006,Motorcycle,3.5,20,30,35,5,U0154,Delivered,,1
ORD03065,1/8/2025 20:46,MINYA,Wast El-Balad,Sheikh El-Balad,Grills,6,806 EGP,0,Card,C046,Motorcycle,2.1,31,25,52,3,U0830,Delivered,,0
ORD00952,1/28/2025 23:23,Minya,Ard Sultan,Slice Minya,Pizza,2,175 EGP,34,Cash,C047,Motorcycle,2.4,19,25,27,5,U0063,Delivered,,1
ORD02780,10/4/2025 19:10,Menia,El-Mahatta,Tamara Sweets,Desserts,4,146 EGP,25,Card,C067,Tuk-tuk,0.6,11,20,28,4,U1346,Delivered,,0
ORD01854,3/30/2025 20:53,New Minya ,New Minya,Slice Minya,Pizza,1,119 EGP,17,Wallet,C094,Motorcycle,13.4,16,50,62,4,U0690,Delivered,,1
ORD03151,5/13/2025 12:39,Menia,Corniche El-Nil,Koshary El-Sheikh,Egyptian,6,350 EGP,0,Cash,C019,Motorcycle,1.1,7,25,6,5,U0265,Delivered,,1
ORD01453,3/21/2025 22:37,Minya,Ard Sultan,Slice Minya,Pizza,3,356 EGP,0,Card,C100,Tuk-tuk,5,22,30,44,4,U0758,Delivered,,0
ORD00120,6/4/2025 23:55, Minya,El-Mahatta,Pizza Roma,Pizza,3,403,0,Wallet,C067,Motorcycle,5.2,14,30,26,5,U0526,Delivered,,1
ORD03579,4/4/2025 22:21,MINYA,Abu Helal,Basbousa Bar,Desserts,6,282 EGP,0,Cash,C031,Motorcycle,3.6,10,30,22,5,U0682,Delivered,,0
ORD04088,5/18/2025 21:00,Abu Qurqas,Abu Qurqas,El-Nil Fish,Fish,6,EGP 999,0,Cash,C108,Bicycle,15.6,19,55,134,1,U1222,Delivered,,0
ORD02104,5/27/2025 21:03,Minya,Corniche El-Nil,Pizza Roma,Pizza,3,223 EGP,0,Cash,C074,Motorcycle,3.3,17,25,34,,U0607,Delivered,,1
ORD00238,2/16/2025 19:37,Minya,Nazlet Hussein,El-Nil Fish,Fish,4,626,0,Cash,C051,Motorcycle,5.9,27,35,55,,U1247,Delivered,,0
ORD01072,3/29/2025 20:38,Minya,Abu Helal,Hadouta Masreya,Egyptian,2,EGP 115,21,Cash,C010,Motorcycle,1.1,18,25,39,3,U0959,Delivered,,0
ORD02891,6/12/2025 19:25,Minya,El-Mahatta,Crispy House,Burgers,4,EGP 305,47,Cash,C066,Bicycle,2.5,18,25,42,,U0919,Delivered,,1
ORD02810,1/6/2025 21:03,El Minya,El-Mahatta,Burger Corniche,Burgers,2,EGP 208,0,Wallet,C090,Motorcycle,3.9,9,30,39,4,U1210,Delivered,,1
ORD04162,1/24/2025 18:48,Minya,El-Mahatta,El-Nil Fish,Fish,4,642 EGP,0,Card,C038,Motorcycle,2.9,20,25,34,5,U0916,Delivered,gate closed,1
ORD00875,3/1/2025 11:09,El Minya,Abu Helal,Bahary Corner,Fish,3,440 EGP,0,Card,C100,Bicycle,5.4,32,30,52,,U0494,Delivered,,0
ORD00290,2/22/2025 14:13,El-Minya El-Gedida,New Minya,Foul El-Mahatta,Egyptian,3,146 EGP,19,Cash,C002,Motorcycle,11.5,4,45,30,4,U0219,Delivered,customer not answering,1
ORD01346,3/6/2025 21:29,new minya,New Minya,Sultan Grill,Grills,4,419 EGP,0,Card,C080,Motorcycle,11.4,14,45,43,,U1288,Delivered,,1
ORD03805,1/30/2025 18:43,Minya,El-Sahel,Pizza Roma,Pizza,4,EGP 373,0,Cash,C067,Motorcycle,4.5,24,30,37,,U1087,Delivered,gate closed,0
ORD03889,3/11/2025 19:41,Minya,El-Sahel,Forno Nile,Pizza,6,429 EGP,22,Cash,C055,Tuk-tuk,6.1,31,35,61,,U1405,Delivered,,0
ORD02465,4/9/2025 18:05,Minya ,Wast El-Balad,Sultan Grill,Grills,6,848 EGP,0,Card,C049,Motorcycle,3.3,18,25,28,,U0065,Delivered,,0
ORD01342,2/17/2025 19:58,minya,Abu Helal,Bahary Corner,Fish,4,496,0,Cash,C009,Tuk-tuk,3.2,30,25,41,4,U1440,Delivered,,1
ORD03476,6/28/2025 12:02,El Minya,El-Mahatta,El-Nil Fish,Fish,5,580 EGP,0,Cash,C069,Bicycle,2.7,22,25,27,5,U0137,Delivered,,1
ORD02003,2/25/2025 19:55,El-Minya,El-Mahatta,El-Abd Minya,Desserts,3,110,0,Card,C068,Motorcycle,2.1,11,25,20,5,U0026,Delivered,,0
ORD03360,4/9/2025 21:17,MINYA,El-Gamaa,Hadouta Masreya,Egyptian,2,108 EGP,0,Wallet,C059,Tuk-tuk,6.7,12,35,44,5,U0408,Delivered,,1
ORD02958,3/13/2025 11:23,Menia,El-Sahel,Basbousa Bar,Desserts,4,228 EGP,0,Card,C091,Motorcycle,4.8,6,30,15,,U0279,Delivered,,0
ORD02705,2/20/2025 19:51,Minya,Shalaby,Bahary Corner,Fish,3,418 EGP,85,Cash,C021,Motorcycle,3.9,26,30,46,5,U0696,Delivered,,1
ORD01958,5/14/2025 19:11,El Minya,Ard Sultan,Bites Burger,Burgers,1,76,0,Cash,C096,Tuk-tuk,1.4,12,25,27,4,U0876,Delivered,,1
ORD00089,1/21/2025 18:24,Minya,El-Mahatta,Hadouta Masreya,Egyptian,2,EGP 103,0,Card,C069,Tuk-tuk,0.6,19,20,23,5,U0188,Delivered,,1
ORD01159,2/3/2025 15:53,Minya,Wast El-Balad,El-Dawar,Egyptian,6,284 EGP,0,Cash,C100,Motorcycle,0.6,16,20,11,5,U0380,Delivered,,1
ORD02986,6/26/2025 19:12,Minya,Wast El-Balad,Sheikh El-Balad,Grills,5,EGP 689,126,Cash,C009,Motorcycle,0.6,29,20,44,,U1417,Delivered,,1
ORD03018,5/10/2025 17:34,minya,Shalaby,Foul El-Mahatta,Egyptian,1,EGP 58,3,Cash,C091,Motorcycle,4,12,30,19,5,U0701,Delivered,,0
ORD02709,6/20/2025 12:15,Minya,El-Mahatta,Slice Minya,Pizza,6,693 EGP,0,Cash,C072,Motorcycle,3.7,20,30,26,5,U0136,Delivered,,1
ORD02614,1/15/2025 20:14,Minya,Ard Sultan,Hadouta Masreya,Egyptian,3,155,0,Cash,C067,Motorcycle,2.4,13,25,38,,U0255,Delivered,,0
ORD00999,31/03/2025 20:12,Minya,Wast El-Balad,Sultan Grill,Grills,5,554 EGP,0,Wallet,C069,Tuk-tuk,2,19,25,46,,U1118,Delivered,,1
ORD03755,2/26/2025 21:50,Minya,El-Mahatta,Forno Nile,Pizza,2,EGP 184,0,Card,C049,Tuk-tuk,3.1,25,25,54,3,U1021,Delivered,,0
ORD04163,1/22/2025 19:31,MINYA,Wast El-Balad,Basbousa Bar,Desserts,1,68,0,Cash,C041,Motorcycle,3.7,10,30,43,,U0446,Delivered,,0
ORD03338,23/05/2025 13:23,Abu Qurqas,Abu Qurqas,Om Ali House,Desserts,1,70 EGP,17,Card,C005,Tuk-tuk,16.6,7,55,55,5,U1063,Delivered,,1
ORD01918,4/3/2025 13:23,New Minya,New Minya,Om Ali House,Desserts,2,91 EGP,0,Cash,C064,Tuk-tuk,12.2,10,45,62,,U0229,Delivered,address unclear,1
ORD01487,2/17/2025 13:03,Minya,Abu Helal,El-Dawar,Egyptian,5,276 EGP,0,Wallet,C020,Bicycle,3.7,12,30,29,4,U1311,Delivered,,0
ORD00432,1/22/2025 21:34,El-Minya,Ard Sultan,Forno Nile,Pizza,2,EGP 187,0,Wallet,C095,Motorcycle,3.1,30,25,49,4,U1319,Delivered,re-assigned,0
ORD01172,2/7/2025 18:50,El-Minya,Corniche El-Nil,Foul El-Mahatta,Egyptian,6,269 EGP,25,Wallet,C013,Motorcycle,3.1,10,25,15,4,U0903,Delivered,,0
ORD01192,2/2/2025 22:21,Minya,Abu Helal,El-Nil Fish,Fish,3,448,64,Cash,C090,Motorcycle,2.9,26,25,,,U1352,Cancelled,,
ORD01303,4/30/2025 13:56,Minya,El-Gamaa,Om Ali House,Desserts,2,116,25,Cash,C065,Motorcycle,5.1,8,30,18,4,U1145,Delivered,,0
ORD03177,23/03/2025 20:32,Minya ,Wast El-Balad,Samak El-Balad,Fish,5,EGP 787,0,Cash,C079,Motorcycle,2.3,20,25,25,5,U0118,Delivered,,1
ORD01716,2/26/2025 19:55,New Minya,New Minya,El-Dawar,Egyptian,4,EGP 133,0,Cash,C096,Tuk-tuk,12,12,45,68,2,U1092,Delivered,,0
ORD00572,5/2/2025 20:47,MINYA,Wast El-Balad,Forno Nile,Pizza,6,EGP 422,105,Card,C077,Tuk-tuk,1,27,25,42,,U0530,Delivered,,0
ORD01934,5/14/2025 17:36,Minya,Nazlet Hussein,Tamara Sweets,Desserts,6,384 EGP,22,Card,C038,Bicycle,5.9,9,35,41,5,U0814,Delivered,,1
ORD01271,5/6/2025 13:05,Minya,Ard Sultan,Farag Kebab,Grills,1,123 EGP,0,Wallet,C083,Motorcycle,2,21,25,21,5,U0719,Delivered,,0
ORD03921,28/06/2025 18:55,Minya,Nazlet Hussein,Farag Kebab,Grills,4,640,0,Card,C032,Motorcycle,5.6,25,30,37,3,U0391,Delivered,,0
ORD03717,3/1/2025 16:37,minya,Corniche El-Nil,Bites Burger,Burgers,1,78 EGP,0,Cash,C045,Bicycle,0.6,14,20,17,5,U0107,Delivered,,1
ORD02970,5/9/2025 14:13,Minya,El-Mahatta,Bahary Corner,Fish,6,882,0,Card,C010,Motorcycle,4.7,32,30,49,3,U0654,Delivered,,0
ORD03684,6/29/2025 18:58,Minya,Ard Sultan,Basbousa Bar,Desserts,3,171,41,Cash,C031,Tuk-tuk,3.9,7,30,19,4,U0915,Delivered,,1
ORD00140,2/25/2025 21:14,Minya,El-Sahel,Sultan Grill,Grills,4,401 EGP,0,Card,C028,Motorcycle,3,19,25,43,,U1386,Delivered,,0
ORD03272,4/19/2025 19:13,Abu Qurqas,Abu Qurqas,Basbousa Bar,Desserts,5,253 EGP,0,Cash,C089,Tuk-tuk,15.7,9,55,69,,U1082,Delivered,re-assigned,1
ORD03031,6/29/2025 16:48,minya,Abu Helal,Bahary Corner,Fish,2,EGP 246,35,Cash,C041,Motorcycle,0.9,31,20,29,5,U0579,Delivered,,0
ORD00555,12/1/2025 16:13,Minya,Ard Sultan,Hadouta Masreya,Egyptian,5,239 EGP,0,Cash,C049,Motorcycle,5.7,14,30,30,5,U1004,Delivered,,1
ORD00355,7/4/2025 13:07,Minya,El-Sahel,Samak El-Balad,Fish,6,981,0,Wallet,C090,Motorcycle,4.4,24,30,32,5,U0382,Delivered,,1
ORD03035,4/29/2025 21:10,Minya,Corniche El-Nil,El-Dawar,Egyptian,6,347 EGP,0,Cash,C071,Motorcycle,3,12,25,32,5,U1153,Delivered,,1
ORD01442,5/10/2025 18:24,New Minya,New Minya,Tamara Sweets,Desserts,5,179,34,Cash,C072,Motorcycle,12.3,15,45,,,U0895,Cancelled,,
ORD02158,2/9/2025 18:45,El Minya,El-Mahatta,Farag Kebab,Grills,5,791 EGP,0,Card,C036,Motorcycle,1.5,20,25,22,5,U0153,Delivered,,1
ORD00022,3/24/2025 19:44,El-Minya,Shalaby,Basbousa Bar,Desserts,2,106 EGP,0,Cash,C090,Tuk-tuk,2.1,9,25,32,4,U0018,Delivered,,1
ORD01993,30/05/2025 19:36,Minya,Ard Sultan,Slice Minya,Pizza,4,243 EGP,0,Cash,C036,Bicycle,3.4,20,30,35,5,U1429,Delivered,,0
ORD02035,1/31/2025 21:57,Minya ,Wast El-Balad,Basbousa Bar,Desserts,3,144,9,Cash,C070,Tuk-tuk,2.7,10,25,38,,U0551,Delivered,,1
ORD04167,5/28/2025 14:04,Menia,Nazlet Hussein,Burger Corniche,Burgers,1,75,0,Cash,C098,Motorcycle,7,14,35,29,,U0760,Delivered,,1
ORD03141,3/8/2025 12:16,Minya,Wast El-Balad,Sheikh El-Balad,Grills,5,685 EGP,0,Wallet,C100,Tuk-tuk,3,31,25,36,,U0026,Delivered,,0
ORD01599,1/26/2025 22:52,new minya,New Minya,Farag Kebab,Grills,6,"1,036",0,Cash,C080,Motorcycle,11.3,20,45,49,5,U1108,Delivered,,0
ORD02973,15/06/2025 14:43,Minya,Ard Sultan,El-Abd Minya,Desserts,6,314 EGP,0,Cash,C106,Motorcycle,2.6,7,25,20,4,U0517,Delivered,,1
ORD00500,13/03/2025 23:22,Minya,El-Mahatta,Sultan Grill,Grills,4,737,0,Wallet,C073,Motorcycle,1.4,24,25,29,5,U0132,Delivered,,0
ORD03689,2/17/2025 13:37,minya,Shalaby,Forno Nile,Pizza,1,143,0,Cash,C037,Tuk-tuk,3.2,29,25,36,3,U0742,Delivered,,1
ORD00026,3/10/2025 21:52,Menia,Ard Sultan,Pizza Roma,Pizza,3,EGP 313,21,Cash,C070,Bicycle,4.1,19,30,53,,U0400,Delivered,,0
ORD00069,12/2/2025 16:34,New Minya ,New Minya,Basbousa Bar,Desserts,5,EGP 245,0,Cash,C105,Bicycle,11.8,12,45,81,3,U1284,Delivered,,0
ORD00620,3/29/2025 18:25,Minya ,Corniche El-Nil,Burger Corniche,Burgers,2,150 EGP,0,Cash,C099,Motorcycle,2.9,17,25,16,4,U0760,Delivered,,0
ORD01495,5/27/2025 13:05,New Minya,New Minya,El-Abd Minya,Desserts,6,373,21,Cash,C004,Tuk-tuk,11.7,11,45,57,4,U0583,Delivered,,0
ORD00297,1/29/2025 17:15,El-Minya,Shalaby,Koshary El-Sheikh,Egyptian,2,EGP 84,0,Card,C069,Motorcycle,3.1,7,25,,,U1262,Cancelled,,
ORD02594,4/22/2025 20:42,Minya,El-Mahatta,El-Abd Minya,Desserts,2,149 EGP,20,Wallet,C060,Motorcycle,3.2,9,25,30,5,U0543,Delivered,,1
ORD03590,5/6/2025 17:18,Minya ,Nazlet Hussein,Basbousa Bar,Desserts,4,EGP 234,0,Card,C062,Motorcycle,2.9,9,25,21,,U0209,Delivered,,1
ORD00615,3/22/2025 14:21,El-Minya,Shalaby,Koshary El-Sheikh,Egyptian,4,EGP 216,0,Card,C100,Motorcycle,3.6,6,30,11,5,U1282,Delivered,,1
ORD03202,5/6/2025 17:10,Minya,El-Mahatta,Om Ali House,Desserts,3,184,0,Cash,C038,Motorcycle,4.2,9,30,,,U1447,Cancelled,,
ORD00210,23/04/2025 14:26,minya,Wast El-Balad,Burger Corniche,Burgers,6,702 EGP,153,Wallet,C037,Motorcycle,0.6,14,20,12,5,U0254,Delivered,,1
ORD01144,22/01/2025 21:54,Minya,Shalaby,Sheikh El-Balad,Grills,6,EGP 499,0,Cash,C062,Tuk-tuk,3.5,28,30,57,3,U1468,Delivered,,0
ORD00311,3/29/2025 14:36,Minya ,Corniche El-Nil,Basbousa Bar,Desserts,2,120 EGP,0,Card,C075,Bicycle,4.1,13,30,32,5,U0677,Delivered,,1
ORD00189,1/25/2025 21:06,Minya,El-Sahel,Bites Burger,Burgers,1,EGP 95,0,Wallet,C051,Motorcycle,2.8,12,25,33,3,U0061,Delivered,,0
ORD02558,5/6/2025 13:12,El-Minya,Abu Helal,Foul El-Mahatta,Egyptian,5,EGP 301,0,Cash,C081,Tuk-tuk,1.3,6,25,6,4,U0219,Delivered,,1
ORD03519,5/27/2025 22:31,El Minya,Ard Sultan,Forno Nile,Pizza,1,EGP 152,0,Card,C009,Motorcycle,2.7,25,25,28,5,U0591,Delivered,,1
ORD02262,6/24/2025 23:57,Minya,Abu Helal,Slice Minya,Pizza,6,684,0,Wallet,C081,Bicycle,2.1,15,25,17,4,U1291,Delivered,,0
ORD00742,2/27/2025 22:39,El-Minya,Corniche El-Nil,Koshary El-Sheikh,Egyptian,1,306 EGP,0,Cash,C018,Motorcycle,2.4,11,25,16,5,U1065,Delivered,,1
ORD03004,2/1/2025 15:21, Abu Qurqas,Abu Qurqas,Om Ali House,Desserts,5,EGP 311,0,Cash,C001,Tuk-tuk,16.3,8,55,61,4,U0288,Delivered,,0
ORD00778,3/9/2025 17:09,Minya,Abu Helal,Samak El-Balad,Fish,5,659,72,Cash,C103,Bicycle,4.9,23,30,50,3,U1095,Delivered,,1
ORD02599,3/28/2025 11:37,El Minya,Nazlet Hussein,Burger Corniche,Burgers,4,488,0,Cash,C070,Motorcycle,4.1,23,30,24,4,U0189,Delivered,,0
ORD02363,2/25/2025 18:17,Minya,Corniche El-Nil,Koshary El-Sheikh,Egyptian,4,EGP 209,0,Card,C043,Motorcycle,2.6,8,25,20,4,U0254,Delivered,,0
ORD02083,25/02/2025 19:25,minya,El-Sahel,Burger Corniche,Burgers,2,EGP 193,0,Cash,C056,Tuk-tuk,3.7,15,30,39,4,U0482,Delivered,,1
ORD01328,1/26/2025 23:39,Minya,Abu Helal,El-Dawar,Egyptian,1,59 EGP,0,Wallet,C088,Motorcycle,5,17,30,32,4,U0975,Delivered,,0
ORD04133,2/4/2025 20:28,MINYA,Ard Sultan,Bites Burger,Burgers,6,431 EGP,0,Wallet,C104,Motorcycle,2.2,15,25,31,5,U1119,Delivered,,1
ORD03163,4/14/2025 14:34,Minya,El-Gamaa,El-Abd Minya,Desserts,4,191 EGP,0,Cash,C032,Bicycle,4.9,4,30,31,5,U0154,Delivered,,1
ORD00309,3/30/2025 20:27,Minya,Ard Sultan,Bahary Corner,Fish,4,754 EGP,0,Card,C053,Motorcycle,3,31,25,46,,U0830,Delivered,,1
ORD03347,3/13/2025 20:29,MINYA,El-Sahel,Sheikh El-Balad,Grills,1,164 EGP,0,Wallet,C036,Tuk-tuk,6,31,35,64,,U1399,Delivered,,0
ORD02485,24/04/2025 13:58,Minya,El-Sahel,Hadouta Masreya,Egyptian,3,EGP 158,10,Cash,C050,Bicycle,3.7,23,30,42,,U0260,Delivered,,0
ORD03417,6/26/2025 12:30,Minya,Nazlet Hussein,El-Abd Minya,Desserts,2,98 EGP,16,Cash,C065,Motorcycle,6.1,9,35,24,5,U1010,Delivered,,1
ORD03071,2/8/2025 19:20,El-Minya,Shalaby,El-Nil Fish,Fish,6,766 EGP,0,Card,C081,Motorcycle,0.6,22,20,31,,U0090,Delivered,,1
ORD02087,4/24/2025 17:38,Minya ,El-Gamaa,Farag Kebab,Grills,4,EGP 531,0,Cash,C041,Bicycle,3.4,22,30,44,3,U0105,Delivered,,0
ORD00010,1/30/2025 13:18,Menia,El-Mahatta,Forno Nile,Pizza,3,EGP 234,0,Cash,C065,Tuk-tuk,1.5,34,25,38,,U1115,Delivered,,0
ORD00700,5/6/2025 21:03,Minya,El-Sahel,Burger Corniche,Burgers,2,102,0,Card,C091,Tuk-tuk,3.9,17,30,49,4,U0097,Delivered,,0
ORD00279,4/5/2025 19:45,Minya,Shalaby,Sultan Grill,Grills,6,"1,131",154,Cash,C066,Motorcycle,1.7,15,25,29,4,U0150,Delivered,,0
ORD02242,10/2/2025 21:05,Minya,Ard Sultan,Crispy House,Burgers,6,EGP 474,0,Card,C012,Motorcycle,2.8,15,25,21,5,U1492,Delivered,,1
ORD03998,5/19/2025 13:14,Minya,El-Gamaa,Basbousa Bar,Desserts,3,EGP 132,31,Wallet,C066,Motorcycle,4.5,10,30,15,5,U0757,Delivered,,0
ORD00232,5/26/2025 19:23,Minya ,Abu Helal,Farag Kebab,Grills,2,259,0,Wallet,C036,Motorcycle,3.9,20,30,44,3,U1473,Delivered,,1
ORD04199,9/2/2025 19:50,Menia,Ard Sultan,El-Nil Fish,Fish,4,EGP 608,90,Cash,C108,Motorcycle,4.3,19,30,42,4,U1401,Delivered,,1
ORD02839,2/20/2025 22:17,El-Minya,El-Sahel,El-Abd Minya,Desserts,1,EGP 64,0,Wallet,C020,Tuk-tuk,5.1,4,30,29,,U0576,Delivered,,0
ORD00324,1/6/2025 23:05, Minya,El-Gamaa,Basbousa Bar,Desserts,1,76,15,Cash,C017,Tuk-tuk,5.1,9,30,29,5,U0885,Delivered,,1
ORD01789,4/11/2025 20:42,Minya,Nazlet Hussein,Sultan Grill,Grills,4,702 EGP,0,Cash,C094,Bicycle,5.5,20,30,61,2,U1337,Delivered,,1
ORD02943,1/18/2025 17:01,El-Minya,Nazlet Hussein,El-Abd Minya,Desserts,5,EGP 263,0,Cash,C009,Tuk-tuk,0,15,35,26,5,U0049,Delivered,,1
ORD00165,5/26/2025 23:01,Minya,Abu Helal,Sultan Grill,Grills,5,EGP 682,90,Cash,C097,Bicycle,2.3,20,25,29,4,U0888,Delivered,,0
ORD01662,3/22/2025 19:08,MINYA,El-Sahel,Sheikh El-Balad,Grills,6,850 EGP,0,Cash,C046,Motorcycle,6,27,35,47,4,U1302,Delivered,,0
ORD03387,6/1/2025 20:26,Minya,Wast El-Balad,Crispy House,Burgers,4,457,0,Cash,C059,Motorcycle,1.6,15,25,29,5,U1301,Delivered,,0
ORD01791,5/18/2025 17:22,El-Minya,El-Sahel,Foul El-Mahatta,Egyptian,2,55 EGP,10,Cash,C030,Motorcycle,5.6,11,30,21,5,U1115,Delivered,,1
ORD03938,3/13/2025 20:26,New Minya,New Minya,Tamara Sweets,Desserts,6,339 EGP,0,Card,C038,Motorcycle,12.7,8,45,54,4,U1026,Delivered,,1
ORD03840,5/5/2025 16:12,NEW MINYA,New Minya,Om Ali House,Desserts,6,EGP 260,16,Cash,C003,Motorcycle,11.4,4,45,30,,U1340,Delivered,,1
ORD02630,4/5/2025 16:32,Menia,El-Mahatta,Forno Nile,Pizza,3,EGP 340,35,Cash,C050,Motorcycle,2.7,23,25,32,5,U0966,Delivered,,1
ORD04197,6/5/2025 22:40,Minya,El-Gamaa,Foul El-Mahatta,Egyptian,2,EGP 108,19,Cash,C109,Motorcycle,5.1,13,30,29,5,U0004,Delivered,,1
ORD03214,3/12/2025 13:49,Minya,Abu Helal,Forno Nile,Pizza,1,106 EGP,0,Cash,C044,Bicycle,2.9,28,25,45,3,U0333,Delivered,,0
ORD00109,3/20/2025 20:46,Minya,El-Sahel,El-Nil Fish,Fish,6,677 EGP,110,Cash,C063,Tuk-tuk,4.1,23,30,50,3,U0471,Delivered,,0
ORD02964,5/14/2025 18:02,minya,Abu Helal,Crispy House,Burgers,2,EGP 225,0,Card,C081,Motorcycle,1,16,25,17,4,U1299,Delivered,,1
ORD03655,5/12/2025 12:48,Minya,El-Gamaa,Sultan Grill,Grills,2,324,0,Card,C076,Motorcycle,6.8,23,35,42,5,U0420,Delivered,,1
ORD03810,2/6/2025 18:36,El Minya,Wast El-Balad,Pizza Roma,Pizza,4,455 EGP,0,Wallet,C058,Tuk-tuk,0.6,20,20,25,4,U1412,Delivered,,1
ORD03631,6/3/2025 21:19,Minya ,Abu Helal,Pizza Roma,Pizza,4,310,0,Cash,C049,Tuk-tuk,4.8,21,30,47,4,U0186,Delivered,,1
ORD01924,13/06/2025 13:11,El-Minya,Corniche El-Nil,El-Abd Minya,Desserts,6,245,0,Cash,C110,Motorcycle,3.3,12,25,16,4,U0441,Delivered,,1
ORD03183,9/1/2025 14:39,Minya,Ard Sultan,Bites Burger,Burgers,5,EGP 414,0,Cash,C028,Tuk-tuk,4,7,30,20,5,U0453,Delivered,,0
ORD03641,2/11/2025 18:31,Minya,Wast El-Balad,Om Ali House,Desserts,1,72,0,Cash,C011,Motorcycle,1.8,6,25,17,4,U0543,Delivered,,1
ORD03994,26/04/2025 20:22,El-Minya El-Gedida,New Minya,Hadouta Masreya,Egyptian,6,232,0,Card,C015,Tuk-tuk,11.4,16,45,58,4,U1417,Delivered,,0
ORD00958,23/04/2025 15:55,Minya ,El-Gamaa,Basbousa Bar,Desserts,5,EGP 274,0,Cash,C033,Motorcycle,,10,35,27,5,U1102,Delivered,,1
ORD04124,2/9/2025 21:15,Minya,Corniche El-Nil,Koshary El-Sheikh,Egyptian,6,EGP 304,0,Cash,C079,Bicycle,4.1,12,30,48,3,U1307,Delivered,,1
ORD02576,2/25/2025 13:40,Minya,Abu Helal,Sheikh El-Balad,Grills,6,534 EGP,0,Card,C092,Bicycle,2.7,21,25,32,5,U0174,Delivered,,0
ORD00578,4/21/2025 21:10,Minya,Shalaby,Om Ali House,Desserts,1,56 EGP,0,Cash,C102,Bicycle,3.3,12,25,32,4,U0667,Delivered,,1
ORD02319,14/05/2025 21:38,Abu Qurqas,Abu Qurqas,Forno Nile,Pizza,2,143 EGP,7,Wallet,C011,Bicycle,,30,55,142,,U0576,Delivered,,0
ORD02439,2/6/2025 11:10,Abu Qurqas,Abu Qurqas,Koshary El-Sheikh,Egyptian,6,228 EGP,0,Cash,C072,Motorcycle,15.9,9,55,47,5,U0741,Delivered,,0
ORD00051,2/5/2025 15:00,MINYA,Corniche El-Nil,Farag Kebab,Grills,3,472,0,Cash,C059,Tuk-tuk,2.4,16,25,19,4,U0498,Delivered,,1
ORD00006,2/4/2025 21:54,Minya,Wast El-Balad,Sultan Grill,Grills,1,168 EGP,0,Wallet,C095,Tuk-tuk,1,15,25,34,4,U0479,Delivered,,0
ORD00911,3/21/2025 20:13,Minya,Wast El-Balad,Om Ali House,Desserts,3,188,40,Cash,C071,Tuk-tuk,0.6,7,20,21,5,U1163,Delivered,,0
ORD02126,1/3/2025 14:09,New Minya,New Minya,Bites Burger,Burgers,2,EGP 196,0,Cash,C021,Bicycle,12.6,18,45,98,,U0924,Delivered,,0
ORD03541,2/5/2025 19:42,new minya,New Minya,Tamara Sweets,Desserts,1,51,4,Cash,C077,Motorcycle,12,10,45,57,4,U1480,Delivered,,0
ORD00408,3/17/2025 22:54,MINYA,El-Sahel,Bahary Corner,Fish,3,452,34,Cash,C010,Motorcycle,7.3,38,35,60,3,U0427,Delivered,,0
ORD02383,3/3/2025 22:29,minya,Abu Helal,Bites Burger,Burgers,3,"1,255 EGP",0,Wallet,C039,Tuk-tuk,4.3,13,30,26,5,U0888,Delivered,,1
ORD00822,3/3/2025 19:32,NEW MINYA,New Minya,Tamara Sweets,Desserts,3,EGP 153,29,Cash,C002,Motorcycle,11.2,14,45,54,4,U0241,Delivered,,1
ORD02772,6/18/2025 21:54,Minya,Ard Sultan,Slice Minya,Pizza,5,EGP 483,0,Cash,C108,Motorcycle,3.3,20,25,31,,U0540,Delivered,,1
ORD00422,23/06/2025 19:56,El Minya,Corniche El-Nil,Bahary Corner,Fish,6,674 EGP,0,Cash,C014,Motorcycle,1.2,29,25,44,,U0765,Delivered,,0
ORD03328,2/1/2025 23:30,Minya,Abu Helal,Farag Kebab,Grills,4,581 EGP,0,Card,C013,Motorcycle,2.7,26,25,32,4,U1156,Delivered,gate closed,1
ORD01193,1/25/2025 22:24,Minya,Corniche El-Nil,Tamara Sweets,Desserts,4,232,43,Wallet,C092,Motorcycle,,6,25,12,,U0024,Delivered,,0
ORD01761,6/20/2025 21:05,Minya ,Ard Sultan,Forno Nile,Pizza,6,676,0,Wallet,C100,Motorcycle,5,30,30,56,3,U0066,Delivered,,1
ORD01151,6/18/2025 13:46,Minya,Wast El-Balad,Foul El-Mahatta,Egyptian,4,162,0,Cash,C040,Motorcycle,0.6,6,20,11,5,U0901,Delivered,,1
ORD03128,2/1/2025 13:10,Minya,Wast El-Balad,Tamara Sweets,Desserts,6,263 EGP,62,Cash,C065,Motorcycle,0.6,12,20,14,5,U0519,Delivered,,0
ORD01508,6/8/2025 20:23,Minya,Abu Helal,Sheikh El-Balad,Grills,2,312 EGP,0,Card,C079,Motorcycle,2.8,36,25,59,2,U1253,Delivered,,1
ORD00629,5/17/2025 18:18,Minya ,El-Sahel,El-Nil Fish,Fish,4,513,50,Wallet,C093,Motorcycle,5.7,16,30,20,,U0361,Delivered,,1
ORD00823,6/27/2025 11:01,minya,Shalaby,Forno Nile,Pizza,5,EGP 583,0,Cash,C029,Bicycle,3.5,26,30,46,4,U0423,Delivered,,1
ORD03218,3/4/2025 18:16,Abu Qurqas,Abu Qurqas,Basbousa Bar,Desserts,3,139 EGP,12,Card,C035,Motorcycle,16.6,8,55,44,5,U0894,Delivered,,0
ORD02238,1/22/2025 23:22,New Minya,New Minya,Slice Minya,Pizza,5,563 EGP,32,Wallet,C034,Bicycle,12.1,17,45,96,2,U1061,Delivered,,0
ORD00571,4/3/2025 12:57,El-Minya,El-Mahatta,Forno Nile,Pizza,2,141,17,Wallet,C025,Motorcycle,2.6,31,25,36,4,U0364,Delivered,,1
ORD01230,2/21/2025 15:51,Minya,El-Mahatta,El-Dawar,Egyptian,2,125,0,Cash,C026,Tuk-tuk,2.4,18,25,31,4,U0305,Delivered,,1
ORD01443,4/10/2025 22:53,Minya,Abu Helal,Hadouta Masreya,Egyptian,2,104,0,Card,C096,Motorcycle,3.9,19,30,27,5,U1382,Delivered,,1
ORD02437,5/15/2025 19:21,Minya,Corniche El-Nil,Foul El-Mahatta,Egyptian,3,EGP 174,0,Cash,C030,Motorcycle,3.1,14,25,28,4,U0653,Delivered,,1
ORD00380,1/25/2025 12:08,Minya,El-Mahatta,Pizza Roma,Pizza,2,183,0,Cash,C050,Motorcycle,3.2,21,25,25,4,U0817,Delivered,,1
ORD03416,1/4/2025 17:23,Minya,Corniche El-Nil,Forno Nile,Pizza,5,430,0,Card,C099,Motorcycle,2,31,25,33,5,U0583,Delivered,,1
ORD03491,5/4/2025 19:08,MINYA,Shalaby,Farag Kebab,Grills,4,405 EGP,0,Cash,C028,Tuk-tuk,4,21,30,50,,U0102,Delivered,,1
ORD02382,23/04/2025 23:46,New Minya,New Minya,Slice Minya,Pizza,4,298 EGP,53,Card,C049,Motorcycle,11.9,17,45,43,5,U0623,Delivered,,0
ORD02955,2/21/2025 21:03,Minya,Wast El-Balad,Sheikh El-Balad,Grills,4,507,82,Wallet,C100,Motorcycle,1.7,34,25,54,3,U0399,Delivered,,1
ORD02528,4/28/2025 19:40,Minya,Abu Helal,Forno Nile,Pizza,4,447 EGP,87,Card,C067,Bicycle,2.1,29,25,58,2,U0422,Delivered,,0
ORD02516,5/15/2025 14:41,Abu Qurqas,Abu Qurqas,Burger Corniche,Burgers,3,209 EGP,21,Cash,C038,Motorcycle,14.7,17,50,47,5,U0411,Delivered,,1
ORD02883,1/22/2025 20:34,Minya,El-Mahatta,Sheikh El-Balad,Grills,5,746,0,Card,C017,Motorcycle,1.2,20,25,36,4,U1106,Delivered,,1
ORD02669,29/01/2025 14:36,Minya,Wast El-Balad,Bites Burger,Burgers,5,618,0,Card,C020,Motorcycle,2.8,15,25,28,4,U0544,Delivered,,1
ORD02460,6/30/2025 19:20,MINYA,El-Sahel,Sheikh El-Balad,Grills,5,EGP 696,0,Cash,C062,Motorcycle,3.8,33,30,60,,U1089,Delivered,,0
ORD00619,7/3/2025 21:51,Minya,El-Mahatta,El-Nil Fish,Fish,6,"EGP 1,020",59,Cash,C056,Motorcycle,3.5,21,30,44,,U1299,Delivered,,0
ORD03891,13/04/2025 19:42,MINYA,Ard Sultan,Tamara Sweets,Desserts,5,EGP 278,65,Card,C057,Motorcycle,3.1,8,25,12,4,U0189,Delivered,,0
ORD00119,2/12/2025 19:38,Minya ,El-Gamaa,Samak El-Balad,Fish,2,263 EGP,0,Cash,C005,Motorcycle,4.7,15,30,39,5,U1233,Delivered,,0
ORD02020,3/23/2025 12:39,ABU QURQAS,Abu Qurqas,Forno Nile,Pizza,4,431,0,Card,C091,Tuk-tuk,15.2,30,50,93,,U1042,Delivered,,0
ORD02992,3/3/2025 16:42,Minya,El-Gamaa,Foul El-Mahatta,Egyptian,3,160,0,Wallet,C003,Motorcycle,5,8,30,18,4,U1064,Delivered,,1
ORD00541,29/06/2025 20:08,Minya,Shalaby,Forno Nile,Pizza,3,257,0,Wallet,C109,Motorcycle,,33,30,,,U0346,Cancelled,,
ORD01607,6/28/2025 19:12,Menia,El-Sahel,Slice Minya,Pizza,2,236 EGP,0,Wallet,C027,Tuk-tuk,5.7,17,30,55,2,U1218,Delivered,,0
ORD00762,1/16/2025 15:21,Minya ,El-Sahel,Tamara Sweets,Desserts,5,198 EGP,0,Cash,C078,Tuk-tuk,4.3,11,30,24,5,U1356,Delivered,,1
ORD01921,1/28/2025 21:21,Menia,Abu Helal,Farag Kebab,Grills,3,546 EGP,0,Cash,C072,Bicycle,,20,25,44,,U1224,Delivered,,1
ORD00579,23/01/2025 13:07,Minya,Wast El-Balad,Tamara Sweets,Desserts,6,377,0,Wallet,C057,Bicycle,0.6,13,20,12,5,U0185,Delivered,,1
ORD03561,1/10/2025 20:57,Minya,El-Mahatta,Sheikh El-Balad,Grills,6,EGP 758,0,Card,C007,Motorcycle,2.1,29,25,42,4,U0351,Delivered,,1
ORD00241,13/02/2025 18:32,Minya,Corniche El-Nil,Hadouta Masreya,Egyptian,1,66,0,Cash,C105,Motorcycle,2,10,25,17,5,U0965,Delivered,,1
ORD02733,2/12/2025 12:35,El-Minya El-Gedida,New Minya,Om Ali House,Desserts,5,343 EGP,0,Wallet,C020,Motorcycle,12.6,7,45,41,4,U1341,Delivered,,1
ORD01315,1/28/2025 18:12,El Minya,Ard Sultan,Samak El-Balad,Fish,1,121 EGP,0,Cash,C083,Bicycle,4.6,25,30,52,4,U0800,Delivered,,0
ORD01370,6/22/2025 17:44,Abu Qurqas,Abu Qurqas,Forno Nile,Pizza,3,361,0,Wallet,C108,Motorcycle,14.7,28,50,63,3,U1145,Delivered,,1
ORD00451,3/2/2025 20:37, Minya,El-Sahel,Hadouta Masreya,Egyptian,1,46 EGP,10,Wallet,C024,Bicycle,6.6,14,35,54,3,U1140,Delivered,,0
ORD01951,4/22/2025 17:53, Minya,Shalaby,El-Nil Fish,Fish,5,909,0,Cash,C037,Motorcycle,3.8,24,30,34,,U0821,Delivered,,0
ORD03619,3/4/2025 15:42,Minya,Ard Sultan,El-Nil Fish,Fish,6,EGP 776,94,Cash,C081,Tuk-tuk,3.4,20,30,24,5,U0137,Delivered,,0
ORD03075,1/14/2025 17:25,Minya,Ard Sultan,Crispy House,Burgers,1,EGP 90,0,Cash,C098,Tuk-tuk,2.5,14,25,20,5,U0061,Delivered,,1
ORD04155,1/30/2025 11:46,El-Minya,Corniche El-Nil,Crispy House,Burgers,1,EGP 45,0,Wallet,C072,Tuk-tuk,1.5,15,25,25,5,U0333,Delivered,,1
ORD02747,6/3/2025 21:23,Minya ,El-Gamaa,Slice Minya,Pizza,5,584,93,Cash,C010,Bicycle,4.5,13,30,39,4,U1225,Delivered,,0
ORD00951,6/14/2025 18:47,MINYA,El-Mahatta,Basbousa Bar,Desserts,4,253 EGP,0,Cash,C017,Motorcycle,2.5,11,25,21,5,U1028,Delivered,,1
ORD02682,4/2/2025 20:43,Minya,Wast El-Balad,Basbousa Bar,Desserts,3,95,17,Cash,C046,Motorcycle,2.6,9,25,14,5,U0084,Delivered,,1
ORD02801,6/6/2025 16:02,Minya,Wast El-Balad,Burger Corniche,Burgers,1,EGP 94,0,Card,C019,Motorcycle,2.6,16,25,23,4,U1071,Delivered,,0
ORD01713,1/26/2025 11:49,Minya,Abu Helal,Slice Minya,Pizza,6,318,0,Cash,C102,Motorcycle,3.8,22,30,38,4,U0175,Delivered,,0
ORD03478,4/13/2025 19:00,Minya,Ard Sultan,Sheikh El-Balad,Grills,1,180,24,Cash,C052,Motorcycle,3.1,31,25,53,,U0440,Delivered,,0
ORD00176,1/3/2025 23:06,Minya ,Abu Helal,Bahary Corner,Fish,6,957,0,Cash,C016,Bicycle,1.5,32,25,43,5,U0869,Delivered,,1
ORD02728,3/2/2025 13:13,Minya,Corniche El-Nil,El-Dawar,Egyptian,1,EGP 53,12,Card,C083,Motorcycle,3.4,16,30,31,5,U0076,Delivered,,1
ORD04044,18/01/2025 14:32,Minya,El-Mahatta,Basbousa Bar,Desserts,4,175,0,Cash,C072,Tuk-tuk,2,12,25,16,3,U0581,Delivered,,1
ORD02447,1/25/2025 20:35,minya,Corniche El-Nil,Crispy House,Burgers,4,259 EGP,0,Wallet,C049,Bicycle,0.8,18,20,35,4,U1284,Delivered,,0
ORD01402,4/14/2025 19:38,Minya,Corniche El-Nil,Slice Minya,Pizza,4,367,0,Cash,C035,Bicycle,4.7,13,30,43,3,U1341,Delivered,,0
ORD01745,6/8/2025 13:22,El Minya,El-Gamaa,Pizza Roma,Pizza,6,517,0,Cash,C071,Tuk-tuk,4.5,14,30,24,,U0065,Delivered,,1
ORD01005,30/04/2025 18:49,Minya ,Corniche El-Nil,El-Abd Minya,Desserts,5,EGP 270,0,Card,C042,Tuk-tuk,0.6,4,20,6,5,U0584,Delivered,,0
ORD02982,4/15/2025 21:26,MINYA,Wast El-Balad,Sheikh El-Balad,Grills,3,EGP 479,0,Card,C062,Motorcycle,2.5,34,25,42,3,U1197,Delivered,,0
ORD00666,22/03/2025 14:20,Minya,El-Sahel,El-Dawar,Egyptian,4,EGP 236,0,Card,C042,Motorcycle,3.2,18,25,20,,U0624,Delivered,,1
ORD01973,6/12/2025 13:32,MINYA,El-Mahatta,Sultan Grill,Grills,4,EGP 850,0,Cash,C023,Tuk-tuk,3,19,25,29,4,U1207,Delivered,,0
ORD02245,6/12/2025 20:13,Minya,El-Mahatta,Forno Nile,Pizza,6,686,0,Wallet,C078,Tuk-tuk,2.3,30,25,53,3,U1494,Delivered,,0
ORD01315,1/28/2025 18:12,El Minya,Ard Sultan,Samak El-Balad,Fish,1,121 EGP,0,Cash,C083,Bicycle,4.6,25,30,52,4,U0800,Delivered,,0
ORD00196,1/29/2025 14:42,Minya,El-Mahatta,El-Dawar,Egyptian,1,48 EGP,0,Card,C090,Motorcycle,3.7,8,30,18,5,U0101,Delivered,,0
ORD01672,6/22/2025 22:07,Menia,Nazlet Hussein,Koshary El-Sheikh,Egyptian,6,347 EGP,19,Cash,C029,Motorcycle,7.7,14,35,30,5,U0145,Delivered,,1
ORD03872,18/01/2025 18:18,Minya,Nazlet Hussein,Om Ali House,Desserts,3,EGP 202,0,Card,C032,Bicycle,7.9,16,35,59,2,U1220,Delivered,,1
ORD03973,2/2/2025 21:54,MINYA,Abu Helal,Basbousa Bar,Desserts,6,333,0,Cash,C080,Motorcycle,2.5,8,25,26,5,U0489,Delivered,,0
ORD00151,1/15/2025 21:54,Minya,El-Gamaa,Bites Burger,Burgers,2,EGP 163,0,Cash,C073,Motorcycle,5.7,21,30,48,,U1032,Delivered,,1
ORD00530,10/4/2025 20:30,El-Minya,Shalaby,Bahary Corner,Fish,2,370 EGP,84,Cash,C052,Motorcycle,5.2,31,30,55,3,U0398,Delivered,,1
ORD01010,4/19/2025 15:17, Abu Qurqas,Abu Qurqas,El-Dawar,Egyptian,4,170 EGP,27,Card,C086,Motorcycle,15.1,13,50,51,4,U1164,Delivered,,0
ORD01276,8/6/2025 16:44,minya,El-Mahatta,Basbousa Bar,Desserts,5,325 EGP,72,Cash,C004,Bicycle,3.4,6,30,21,5,U0752,Delivered,,1
ORD03506,3/22/2025 23:08,Menia,El-Mahatta,Crispy House,Burgers,2,197,48,Wallet,C021,Motorcycle,1.4,15,25,26,4,U1109,Delivered,,1
ORD00423,3/29/2025 15:33,Minya ,El-Gamaa,Foul El-Mahatta,Egyptian,4,206,0,Card,C025,Motorcycle,5,4,30,15,5,U0480,Delivered,,1
ORD03171,2/8/2025 22:51,MINYA,El-Mahatta,Tamara Sweets,Desserts,3,148,12,Card,C105,Tuk-tuk,3.9,13,30,33,4,U0636,Delivered,,1
ORD04137,1/9/2025 18:44,El-Minya,El-Gamaa,Bites Burger,Burgers,3,257,0,Cash,C106,Motorcycle,5.5,12,30,0,,U0311,Delivered,gate closed,1
ORD02512,6/30/2025 19:44,MINYA,Shalaby,El-Nil Fish,Fish,3,284,0,Wallet,C101,Tuk-tuk,1.6,18,25,23,5,U0886,Delivered,gate closed,1
ORD02628,3/1/2025 21:44,Minya,Abu Helal,Foul El-Mahatta,Egyptian,2,83,7,Card,C015,Motorcycle,1.7,7,25,28,,U1222,Delivered,,1
ORD01898,6/21/2025 20:56,New Minya,New Minya,Hadouta Masreya,Egyptian,3,139 EGP,0,Card,C051,Bicycle,12.3,18,45,102,1,U0053,Delivered,,0
ORD03095,6/22/2025 20:01,El Minya,El-Mahatta,El-Abd Minya,Desserts,5,EGP 311,0,Wallet,C036,Bicycle,3.4,14,30,40,4,U0430,Delivered,,1
ORD00790,3/10/2025 21:42,Minya,Ard Sultan,Samak El-Balad,Fish,6,822 EGP,0,Cash,C002,Motorcycle,3.8,24,30,39,,U1314,Delivered,,1
ORD00606,27/04/2025 21:44,Minya ,Shalaby,Forno Nile,Pizza,6,838,61,Cash,C073,Motorcycle,2.8,31,25,48,3,U1269,Delivered,,0
ORD02147,2/1/2025 23:53, Minya,Ard Sultan,Sheikh El-Balad,Grills,2,295 EGP,0,Cash,C069,Tuk-tuk,4.7,26,30,42,3,U0357,Delivered,,0
ORD00048,1/31/2025 21:52,Abu Qurqas,Abu Qurqas,Bahary Corner,Fish,3,387,0,Wallet,C088,Bicycle,17.9,37,60,163,,U1431,Delivered,,0
ORD00306,1/22/2025 18:46,minya,Abu Helal,Om Ali House,Desserts,3,125,0,Card,C047,Motorcycle,3.6,7,30,12,4,U1300,Delivered,customer not answering,1
ORD02936,3/20/2025 18:29,Minya,Shalaby,El-Dawar,Egyptian,6,292 EGP,0,Card,C102,Motorcycle,3.2,11,25,29,4,U0450,Delivered,,1
ORD03283,6/28/2025 19:44,Abu Qurqas,Abu Qurqas,El-Abd Minya,Desserts,1,EGP 45,0,Cash,C060,Motorcycle,15.7,5,55,62,4,U1385,Delivered,,1
ORD04182,4/24/2025 13:45,minya,El-Sahel,Sheikh El-Balad,Grills,5,EGP 727,0,Wallet,C108,Motorcycle,4.6,30,30,40,4,U0018,Delivered,gate closed,1
ORD00358,5/1/2025 15:31,El Minya,Abu Helal,Om Ali House,Desserts,4,EGP 134,25,Card,C042,Motorcycle,3.1,6,25,10,4,U1032,Delivered,,1
ORD03009,2/26/2025 19:37,Minya,Shalaby,El-Nil Fish,Fish,2,353,63,Card,C006,Motorcycle,3.2,21,25,32,4,U0820,Delivered,,1
ORD01652,2/21/2025 20:49,New Minya,New Minya,Om Ali House,Desserts,3,146 EGP,0,Cash,C068,Tuk-tuk,12,4,45,62,,U1299,Delivered,,0
ORD01726,3/16/2025 12:09,Minya,Abu Helal,El-Abd Minya,Desserts,2,102 EGP,0,Cash,C093,Motorcycle,0.6,7,20,,,U0246,Cancelled,,
ORD00970,1/25/2025 17:27,minya,Abu Helal,Hadouta Masreya,Egyptian,6,EGP 275,33,Card,C024,Motorcycle,2.3,12,25,19,4,U0574,Delivered,,1
ORD02837,2/21/2025 21:46,New Minya ,New Minya,Farag Kebab,Grills,1,99 EGP,19,Cash,C065,Motorcycle,11.4,18,45,57,3,U0991,Delivered,,0
ORD02562,3/9/2025 14:10,Menia,Ard Sultan,Farag Kebab,Grills,3,418 EGP,87,Wallet,C080,Bicycle,3.1,23,25,33,5,U1063,Delivered,,1
ORD00020,5/28/2025 12:00,El Minya,Corniche El-Nil,Crispy House,Burgers,2,EGP 151,0,Card,C083,Motorcycle,3,17,25,29,4,U1138,Delivered,,0
ORD00681,6/8/2025 18:40,Minya,Abu Helal,Sheikh El-Balad,Grills,3,507 EGP,36,Cash,C017,Motorcycle,4.8,31,30,44,,U0633,Delivered,,1
ORD01963,2/12/2025 19:30,Minya,El-Gamaa,El-Abd Minya,Desserts,1,66,0,Wallet,C011,Bicycle,6.8,11,35,60,3,U0541,Delivered,,0
ORD03827,1/6/2025 13:22,Minya,Corniche El-Nil,Pizza Roma,Pizza,3,291,0,Card,C098,Tuk-tuk,1.3,15,25,19,5,U0203,Delivered,,1
ORD00143,11/4/2025 22:02,New Minya,New Minya,Pizza Roma,Pizza,1,127,0,Wallet,C046,Motorcycle,14.3,10,50,41,5,U0610,Delivered,,1
ORD00749,7/6/2025 19:01,El-Minya El-Gedida,New Minya,Koshary El-Sheikh,Egyptian,1,62 EGP,0,Wallet,C068,Motorcycle,10.9,7,45,50,4,U0198,Delivered,,0
ORD03473,5/8/2025 19:10,Minya ,Shalaby,Slice Minya,Pizza,3,EGP 268,54,Wallet,C023,Motorcycle,3.4,20,30,32,5,U1364,Delivered,,1
ORD00167,2/27/2025 17:49,Minya,Shalaby,Burger Corniche,Burgers,6,EGP 432,0,Cash,C005,Motorcycle,5.2,16,30,27,,U1414,Delivered,,1
ORD00710,1/17/2025 13:16,minya,Wast El-Balad,Burger Corniche,Burgers,2,133 EGP,0,Cash,C083,Motorcycle,1.5,18,25,24,5,U1241,Delivered,,0
ORD01052,2/16/2025 21:47,El Minya,Wast El-Balad,Crispy House,Burgers,6,525,0,Cash,C005,Motorcycle,0.6,14,20,26,4,U1464,Delivered,,1
ORD03447,5/22/2025 16:51,Minya,El-Mahatta,Om Ali House,Desserts,4,182 EGP,0,Cash,C075,Bicycle,1.6,14,25,20,5,U0036,Delivered,,1
ORD01547,5/8/2025 16:25,Minya,Abu Helal,El-Dawar,Egyptian,1,62,0,Cash,C084,Tuk-tuk,1.8,16,25,17,4,U0899,Delivered,,1
ORD01892,1/1/2025 17:12,Minya,Corniche El-Nil,Basbousa Bar,Desserts,6,258 EGP,63,Cash,C025,Motorcycle,1,12,25,14,5,U1422,Delivered,,1
ORD00099,6/15/2025 22:46,El-Minya,Corniche El-Nil,Samak El-Balad,Fish,2,EGP 336,60,Card,C066,Motorcycle,0.6,23,20,24,5,U0857,Delivered,,1
ORD01457,3/4/2025 14:43,minya,Corniche El-Nil,Bites Burger,Burgers,2,EGP 124,27,Cash,C036,Motorcycle,2,20,25,22,5,U1302,Delivered,,1
ORD00542,5/22/2025 19:57, Minya,Corniche El-Nil,Slice Minya,Pizza,2,209,28,Cash,C096,Motorcycle,3.4,17,30,50,,U0736,Delivered,,1
ORD00247,22/06/2025 18:19,Minya,Abu Helal,Slice Minya,Pizza,5,641 EGP,0,Cash,C007,Motorcycle,3,13,25,8,5,U0940,Delivered,re-assigned,1
ORD03403,6/4/2025 19:45,Minya,Shalaby,El-Dawar,Egyptian,2,99 EGP,10,Cash,C021,Tuk-tuk,4.5,16,30,40,4,U0092,Delivered,,1
ORD02829,3/12/2025 14:34,minya,Shalaby,Crispy House,Burgers,1,114 EGP,22,Card,C020,Motorcycle,3.5,22,30,28,4,U0659,Delivered,,0
ORD00904,5/29/2025 13:08, Abu Qurqas,Abu Qurqas,Bites Burger,Burgers,3,184,0,Card,C070,Motorcycle,14.9,15,50,49,5,U0682,Delivered,,0
ORD03240,6/26/2025 16:14,Minya,Corniche El-Nil,Koshary El-Sheikh,Egyptian,2,105,19,Card,C084,Tuk-tuk,0.9,14,20,24,4,U1205,Delivered,,1
ORD01641,17/05/2025 13:36,Abu Qurqas,Abu Qurqas,Bites Burger,Burgers,4,339,0,Cash,C099,Motorcycle,17.1,11,55,56,4,U0539,Delivered,gate closed,1
ORD04142,3/1/2025 20:00,Minya ,Wast El-Balad,Burger Corniche,Burgers,2,189 EGP,20,Cash,C090,Bicycle,0.7,7,20,19,5,U0277,Delivered,,1
ORD01108,4/9/2025 20:38,El-Minya El-Gedida,New Minya,Bites Burger,Burgers,1,EGP 90,20,Cash,C042,Motorcycle,11.1,7,45,45,4,U1259,Delivered,,1
ORD01708,5/9/2025 13:02,Minya,Abu Helal,El-Nil Fish,Fish,6,EGP 707,0,Cash,C047,Tuk-tuk,4,27,30,38,5,U1245,Delivered,,1
ORD02625,1/8/2025 20:08,Minya,El-Mahatta,Samak El-Balad,Fish,1,EGP 168,0,Card,C059,Motorcycle,1.6,32,25,40,4,U0389,Delivered,,1
ORD00272,1/26/2025 21:27,MINYA,Shalaby,Sultan Grill,Grills,3,297 EGP,0,Card,C095,Motorcycle,3.9,20,30,38,5,U0219,Delivered,,1
ORD02300,5/10/2025 13:20,Menia,Corniche El-Nil,Crispy House,Burgers,6,395,0,Wallet,C104,Bicycle,3.3,18,25,31,4,U1130,Delivered,,0
ORD01784,20/04/2025 14:16,MINYA,Abu Helal,El-Nil Fish,Fish,1,EGP 170,0,Card,C104,Motorcycle,2.8,27,25,38,,U0008,Delivered,,0
ORD02763,6/23/2025 20:20,El Minya,Abu Helal,Foul El-Mahatta,Egyptian,6,334,0,Card,C033,Motorcycle,4.2,9,30,25,5,U0343,Delivered,,1
ORD02280,6/29/2025 14:51,Minya,Abu Helal,Foul El-Mahatta,Egyptian,2,EGP 97,0,Cash,C087,Bicycle,2.7,9,25,21,,U0902,Delivered,,1
ORD01585,1/14/2025 19:24,El-Minya,Corniche El-Nil,Farag Kebab,Grills,6,EGP 851,0,Card,C042,Tuk-tuk,1,18,25,46,,U1070,Delivered,,0
ORD03969,4/10/2025 18:53,Minya,El-Gamaa,Sultan Grill,Grills,6,EGP 846,0,Cash,C060,Bicycle,4.3,17,30,29,,U1416,Delivered,,1
ORD00631,2/10/2025 12:23,Minya,El-Mahatta,Tamara Sweets,Desserts,3,195,21,Card,C096,Motorcycle,3.7,11,30,18,5,U0056,Delivered,,0
ORD02542,3/11/2025 20:42,NEW MINYA,New Minya,Om Ali House,Desserts,6,431 EGP,106,Cash,C077,Tuk-tuk,10.2,6,40,49,4,U0909,Delivered,,0
ORD00153,5/8/2025 11:17,Minya,Shalaby,Tamara Sweets,Desserts,4,199 EGP,0,Wallet,C084,Motorcycle,4.6,8,30,23,5,U1194,Delivered,,1
ORD02179,3/7/2025 19:33,Minya,Corniche El-Nil,Forno Nile,Pizza,2,191 EGP,0,Cash,C043,Motorcycle,1.6,30,25,46,3,U1294,Delivered,,0
ORD00205,1/2/2025 14:05,new minya,New Minya,Forno Nile,Pizza,5,EGP 442,81,Card,C022,Motorcycle,11.6,26,45,49,4,U0048,Delivered,,0
ORD02117,6/1/2025 19:23,Minya,Corniche El-Nil,Bites Burger,Burgers,5,377 EGP,22,Cash,C056,Bicycle,0.6,15,20,23,5,U1153,Delivered,,1
ORD03494,6/11/2025 14:11,Minya,Corniche El-Nil,Sultan Grill,Grills,6,592,0,Cash,C053,Motorcycle,2.6,17,25,18,5,U0791,Delivered,,1
ORD02564,3/7/2025 15:12,El Minya,Ard Sultan,Tamara Sweets,Desserts,6,395,0,Card,C056,Motorcycle,2.8,6,25,0,5,U0813,Delivered,,0
ORD02140,17/05/2025 20:51,New Minya,New Minya,Bites Burger,Burgers,3,EGP 298,71,Wallet,C043,Motorcycle,11.8,11,45,,,U0617,Cancelled,,
ORD02623,6/10/2025 15:24,Menia,Shalaby,Foul El-Mahatta,Egyptian,3,162 EGP,0,Card,C082,Motorcycle,3.2,7,25,12,4,U0991,Delivered,,1
ORD03105,2/1/2025 18:55,Minya,El-Sahel,El-Dawar,Egyptian,4,191,41,Cash,C026,Motorcycle,5.8,16,35,32,5,U0675,Delivered,,1
ORD02520,20/05/2025 20:42,MINYA,El-Gamaa,Om Ali House,Desserts,5,EGP 306,39,Card,C048,Tuk-tuk,7.3,13,35,43,,U0044,Delivered,customer not answering,0
ORD00073,5/4/2025 18:30, Minya,Corniche El-Nil,El-Dawar,Egyptian,5,EGP 224,0,Cash,C030,Motorcycle,4,17,30,21,,U0047,Delivered,,1
ORD04121,15/03/2025 13:13,New Minya,New Minya,Sheikh El-Balad,Grills,1,143,0,Cash,C055,Motorcycle,12,29,45,65,4,U0539,Delivered,,0
ORD01943,11/1/2025 19:37,Minya,Abu Helal,Sheikh El-Balad,Grills,6,EGP 634,113,Card,C086,Motorcycle,1.3,38,25,53,3,U1315,Delivered,,1
ORD01001,6/6/2025 20:01,New Minya,New Minya,Hadouta Masreya,Egyptian,6,EGP 397,0,Cash,C096,Motorcycle,10.9,8,45,50,4,U0258,Delivered,,0
ORD03599,3/23/2025 17:04,Abu Qurqas,Abu Qurqas,El-Nil Fish,Fish,1,168,36,Cash,C043,Tuk-tuk,16.8,28,55,,,U0779,Cancelled,,
ORD03668,5/16/2025 18:52,Minya,Ard Sultan,Basbousa Bar,Desserts,2,144 EGP,0,Card,C082,Bicycle,3.9,12,30,35,5,U0982,Delivered,,0
ORD03549,1/2/2025 22:29,Minya,El-Sahel,Sultan Grill,Grills,6,"EGP 5,566",0,Cash,C050,Motorcycle,6.2,15,35,27,4,U1464,Delivered,,0
ORD00971,5/13/2025 21:46,Minya,El-Sahel,El-Nil Fish,Fish,1,87 EGP,0,Cash,C014,Motorcycle,5.6,24,30,58,3,U0029,Delivered,,0
ORD02187,5/28/2025 14:15,Minya,Ard Sultan,Om Ali House,Desserts,3,159 EGP,0,Cash,C086,Tuk-tuk,3.6,7,30,20,4,U1070,Delivered,,0
ORD03306,3/23/2025 14:26,minya,Shalaby,Tamara Sweets,Desserts,4,175 EGP,0,Card,C109,Motorcycle,4.6,16,30,32,5,U0732,Delivered,,1
ORD01700,6/13/2025 17:24,Abu Qurqas,Abu Qurqas,Foul El-Mahatta,Egyptian,2,EGP 95,0,Card,C100,Motorcycle,14.5,6,50,39,5,U0457,Delivered,,0
ORD03354,7/5/2025 17:52,MINYA,El-Gamaa,El-Nil Fish,Fish,3,349,38,Card,C022,Motorcycle,3.3,19,25,23,4,U0028,Delivered,,1
ORD00867,4/3/2025 20:36,Minya,El-Gamaa,Bites Burger,Burgers,2,154,0,Card,C044,Tuk-tuk,5.9,8,35,,,U0456,Cancelled,,
ORD03713,3/6/2025 20:26,Menia,Corniche El-Nil,Hadouta Masreya,Egyptian,3,EGP 187,38,Cash,C032,Motorcycle,3.6,18,30,35,5,U1405,Delivered,,1
ORD00726,5/5/2025 13:05,minya,Shalaby,El-Nil Fish,Fish,5,EGP 507,69,Cash,C081,Motorcycle,5.7,33,30,53,,U0355,Delivered,,0
ORD02432,27/05/2025 13:56,Minya,El-Sahel,Burger Corniche,Burgers,2,EGP 188,0,Wallet,C073,Bicycle,5.5,11,30,39,5,U0768,Delivered,,0
ORD03102,9/5/2025 19:35,Minya,Nazlet Hussein,Foul El-Mahatta,Egyptian,4,190,45,Cash,C006,Motorcycle,6.9,9,35,30,5,U0074,Delivered,,1
ORD00599,5/29/2025 13:47,minya,Ard Sultan,Basbousa Bar,Desserts,1,45 EGP,0,Cash,C014,Tuk-tuk,3.9,7,30,23,5,U0982,Delivered,,1
ORD04161,13/02/2025 20:11,minya,Wast El-Balad,Basbousa Bar,Desserts,6,318 EGP,0,Card,C103,Tuk-tuk,2.3,13,25,29,5,U0331,Delivered,,1
ORD00352,8/1/2025 19:44,New Minya,New Minya,Sultan Grill,Grills,6,"1,098 EGP",220,Wallet,C078,Motorcycle,12.1,20,45,62,,U1385,Delivered,,0
ORD03575,3/29/2025 14:08,MINYA,El-Gamaa,El-Nil Fish,Fish,4,679 EGP,148,Card,C026,Tuk-tuk,6.5,26,35,49,,U1224,Delivered,,0
ORD02771,6/27/2025 19:45,Menia,El-Sahel,El-Nil Fish,Fish,2,226 EGP,0,Cash,C050,Motorcycle,3.4,25,30,54,,U1468,Delivered,,0
ORD03739,13/02/2025 16:15,Minya,Wast El-Balad,Sheikh El-Balad,Grills,4,662 EGP,79,Card,C039,Motorcycle,1.3,28,25,41,,U0988,Delivered,,1
ORD03239,1/8/2025 13:26,Minya,El-Mahatta,El-Abd Minya,Desserts,3,EGP 122,0,Cash,C084,Tuk-tuk,0.9,12,20,16,4,U0360,Delivered,,1
ORD03463,26/05/2025 17:52,Minya,Ard Sultan,El-Abd Minya,Desserts,6,EGP 420,78,Cash,C071,Tuk-tuk,1.9,9,25,16,4,U0533,Delivered,,1
ORD03232,1/18/2025 12:18, Minya,Ard Sultan,Slice Minya,Pizza,4,369 EGP,0,Card,C023,Bicycle,4.4,17,30,42,4,U0335,Delivered,,0
ORD02513,30/01/2025 21:48,new minya,New Minya,Crispy House,Burgers,6,522 EGP,116,Card,C054,Bicycle,10.4,14,40,84,3,U1043,Delivered,,1
ORD01404,5/19/2025 18:46,Minya,El-Mahatta,Hadouta Masreya,Egyptian,1,67,17,Card,C107,Tuk-tuk,0.8,17,20,26,5,U0912,Delivered,re-assigned,1
ORD02631,4/8/2025 13:52,Minya,Shalaby,Koshary El-Sheikh,Egyptian,6,EGP 267,0,Wallet,C008,Tuk-tuk,5,14,30,27,5,U1376,Delivered,,0
ORD00504,5/15/2025 16:57,Minya,Shalaby,Burger Corniche,Burgers,6,710,98,Card,C040,Motorcycle,3.7,11,30,19,5,U0795,Delivered,,0
ORD00872,4/18/2025 20:54,Minya,El-Mahatta,Sheikh El-Balad,Grills,5,EGP 616,0,Cash,C004,Motorcycle,1.2,33,25,35,4,U0518,Delivered,,0
ORD01237,6/9/2025 20:38,Abu Qurqas,Abu Qurqas,El-Nil Fish,Fish,1,EGP 201,15,Cash,C057,Motorcycle,17.9,28,60,90,3,U0041,Delivered,,0
ORD02070,4/9/2025 21:57,El-Minya,Wast El-Balad,El-Dawar,Egyptian,5,250,55,Cash,C104,Tuk-tuk,1.8,15,25,27,,U0002,Delivered,,0
ORD01035,6/10/2025 20:41,Minya,El-Mahatta,Farag Kebab,Grills,3,398 EGP,45,Card,C053,Motorcycle,4.7,17,30,35,,U0036,Delivered,,1
ORD00339,1/21/2025 19:23,Minya,El-Mahatta,Sultan Grill,Grills,4,646,120,Card,C045,Bicycle,4.3,21,30,60,3,U1434,Delivered,,0
ORD01406,1/8/2025 23:24,MINYA,El-Sahel,Forno Nile,Pizza,1,106,0,Card,C100,Motorcycle,6.9,31,35,45,5,U1361,Delivered,customer not answering,1
ORD02347,7/3/2025 16:41,Minya,El-Gamaa,El-Dawar,Egyptian,4,128 EGP,0,Cash,C080,Motorcycle,5.5,14,30,24,5,U0004,Delivered,,1
ORD00054,3/25/2025 19:35,El-Minya,El-Mahatta,Crispy House,Burgers,5,435,46,Cash,C046,Motorcycle,5.1,19,30,35,4,U0114,Delivered,,0
ORD01991,2/22/2025 19:01,El Minya,Shalaby,El-Nil Fish,Fish,5,732 EGP,0,Cash,C097,Bicycle,6.4,24,35,69,2,U0971,Delivered,,0
ORD03318,4/20/2025 12:01,El-Minya,Wast El-Balad,Burger Corniche,Burgers,5,565 EGP,65,Wallet,C017,Tuk-tuk,0.8,13,20,16,5,U1289,Delivered,,1
ORD01136,6/29/2025 19:27,Minya ,Nazlet Hussein,El-Dawar,Egyptian,5,EGP 213,41,Card,C077,Bicycle,6.4,14,35,46,5,U1195,Delivered,,1
ORD02743,4/2/2025 18:48,Minya,El-Sahel,Farag Kebab,Grills,2,369,0,Cash,C041,Bicycle,6.4,23,35,52,4,U1340,Delivered,,0
ORD00226,2/25/2025 20:47,Minya ,El-Gamaa,Crispy House,Burgers,1,98,24,Cash,C096,Motorcycle,3.7,16,30,44,4,U0023,Delivered,,1
ORD02617,1/19/2025 20:17,New Minya,New Minya,Samak El-Balad,Fish,5,EGP 663,0,Cash,C005,Bicycle,12.6,25,45,109,2,U1027,Delivered,,0
ORD02931,2/11/2025 16:51,El Minya,El-Mahatta,Hadouta Masreya,Egyptian,5,EGP 290,0,Cash,C060,Motorcycle,3.4,19,30,29,5,U1296,Delivered,,0
ORD03865,2/21/2025 20:13,ABU QURQAS,Abu Qurqas,Koshary El-Sheikh,Egyptian,5,330 EGP,0,Card,C045,Tuk-tuk,16,17,55,67,5,U0329,Delivered,,1
ORD03572,5/4/2025 21:50,new minya,New Minya,Bahary Corner,Fish,2,256 EGP,0,Cash,C046,Motorcycle,12,41,45,84,3,U0453,Delivered,,0
ORD00328,6/14/2025 17:08,Menia,Corniche El-Nil,Koshary El-Sheikh,Egyptian,4,259,0,Cash,C045,Motorcycle,2.1,13,25,17,,U0739,Delivered,,1
ORD01690,2/19/2025 16:16,El Minya,Shalaby,Slice Minya,Pizza,6,EGP 705,0,Cash,C091,Motorcycle,3.7,13,30,30,,U0180,Delivered,,1
ORD02645,5/6/2025 20:00,Minya,Wast El-Balad,Bahary Corner,Fish,2,EGP 285,0,Cash,C080,Bicycle,2.5,31,25,53,3,U1430,Delivered,,0
ORD00157,3/19/2025 14:28,Minya ,El-Gamaa,Om Ali House,Desserts,2,114 EGP,0,Card,C084,Tuk-tuk,5.1,7,30,20,4,U0433,Delivered,,0
ORD00880,31/01/2025 12:21,Minya,El-Sahel,Hadouta Masreya,Egyptian,4,265,0,Cash,C057,Motorcycle,6.7,16,35,32,5,U1359,Delivered,,1
ORD02667,2/28/2025 16:28,MINYA,Abu Helal,Slice Minya,Pizza,3,EGP 416,64,Cash,C047,Motorcycle,2.8,13,25,20,5,U0348,Delivered,,1
ORD03554,4/1/2025 17:15,Minya,Shalaby,Sultan Grill,Grills,1,152,19,Cash,C019,Bicycle,2.4,17,25,20,5,U0363,Delivered,,1
ORD03821,6/15/2025 14:54,Minya,El-Gamaa,Bites Burger,Burgers,2,156 EGP,0,Cash,C062,Motorcycle,4.3,14,30,27,4,U0402,Delivered,,0
ORD01291,5/17/2025 14:18,New Minya,New Minya,El-Dawar,Egyptian,5,270,67,Cash,C073,Motorcycle,12.1,18,45,40,5,U1335,Delivered,,1
ORD00692,5/9/2025 14:42,Minya,El-Sahel,Hadouta Masreya,Egyptian,4,EGP 189,0,Wallet,C095,Tuk-tuk,3.8,16,30,25,4,U0577,Delivered,,1
ORD02926,18/01/2025 13:54,El-Minya El-Gedida,New Minya,Tamara Sweets,Desserts,5,337 EGP,38,Card,C040,Motorcycle,11.9,15,45,,,U1448,Cancelled,,
ORD01500,1/3/2025 20:45,Minya,Ard Sultan,Crispy House,Burgers,5,297 EGP,17,Cash,C041,Bicycle,3.4,15,30,49,4,U1334,Delivered,,0
ORD01549,14/06/2025 20:06,minya,El-Mahatta,Forno Nile,Pizza,4,454 EGP,0,Cash,C017,Motorcycle,3.4,28,30,63,3,U1350,Delivered,,0
ORD02133,2/23/2025 22:49,New Minya,New Minya,Bahary Corner,Fish,4,585 EGP,0,Wallet,C011,Tuk-tuk,11.7,31,45,68,3,U0571,Delivered,,1
ORD00824,2/13/2025 18:34,Minya ,Ard Sultan,El-Nil Fish,Fish,5,769,129,Card,C059,Motorcycle,3.1,24,25,29,5,U0843,Delivered,,1
ORD03238,4/12/2025 11:39,Minya,Nazlet Hussein,Koshary El-Sheikh,Egyptian,6,279 EGP,0,Cash,C105,Bicycle,6.9,16,35,52,4,U1458,Delivered,,1
ORD00909,1/22/2025 20:17,Abu Qorqas,Abu Qurqas,Foul El-Mahatta,Egyptian,1,62,0,Cash,C080,Motorcycle,17.3,12,55,57,5,U0075,Delivered,,1
ORD02954,23/02/2025 19:01,Abu Qorqas,Abu Qurqas,Crispy House,Burgers,1,EGP 106,0,Cash,C073,Motorcycle,16.4,13,55,68,4,U0219,Delivered,,1
ORD01377,5/5/2025 18:48,Minya,Ard Sultan,Slice Minya,Pizza,2,"1,209 EGP",0,Cash,C060,Motorcycle,3.3,14,25,19,5,U0526,Delivered,,1
ORD01060,1/24/2025 20:49,Minya,Abu Helal,Forno Nile,Pizza,6,516,0,Cash,C091,Tuk-tuk,2.4,27,25,50,3,U1495,Delivered,,1
ORD00586,5/5/2025 23:19,Minya,Shalaby,Foul El-Mahatta,Egyptian,4,185 EGP,0,Cash,C083,Bicycle,3.3,4,25,16,4,U1269,Delivered,,0
ORD02725,3/25/2025 18:52, Minya,El-Sahel,Pizza Roma,Pizza,1,EGP 99,0,Card,C102,Motorcycle,5.9,19,35,32,,U0803,Delivered,,1
ORD02047,19/03/2025 15:42,Minya,El-Gamaa,Forno Nile,Pizza,4,460 EGP,0,Wallet,C049,Motorcycle,7.1,33,35,44,4,U1304,Delivered,,1
ORD03744,9/5/2025 14:54,Minya ,Wast El-Balad,El-Dawar,Egyptian,4,189 EGP,0,Cash,C006,Motorcycle,3.1,11,25,14,4,U0426,Delivered,,0
ORD03442,5/29/2025 21:19,Minya,Ard Sultan,Koshary El-Sheikh,Egyptian,5,241,0,Wallet,C029,Motorcycle,0.6,12,20,25,5,U0942,Delivered,,1
ORD00645,5/15/2025 14:36,minya,Ard Sultan,Basbousa Bar,Desserts,1,59 EGP,0,Card,C090,Tuk-tuk,2.4,12,25,20,5,U1044,Delivered,,0
ORD03024,5/24/2025 20:54,Minya,Wast El-Balad,Bahary Corner,Fish,5,EGP 665,59,Cash,C078,Motorcycle,2.2,37,25,59,,U0307,Delivered,,0
ORD03446,6/2/2025 19:46,Minya,Wast El-Balad,Bahary Corner,Fish,4,397 EGP,0,Cash,C055,Tuk-tuk,,31,25,52,,U1250,Delivered,,1
ORD01996,6/1/2025 19:25, Minya,Shalaby,Slice Minya,Pizza,4,356,47,Cash,C049,Tuk-tuk,5.4,13,30,34,5,U0168,Delivered,,1
ORD02486,1/12/2025 13:08,Minya,El-Gamaa,Burger Corniche,Burgers,6,458 EGP,0,Wallet,C035,Motorcycle,6.4,13,35,28,5,U1173,Delivered,,1
ORD01796,2/26/2025 22:59,New Minya,New Minya,Tamara Sweets,Desserts,4,219 EGP,44,Cash,C106,Motorcycle,12.3,12,45,42,4,U1325,Delivered,,1
ORD02014,15/02/2025 18:58,El-Minya,Wast El-Balad,Farag Kebab,Grills,4,403,0,Cash,C039,Bicycle,0.9,20,20,18,4,U0709,Delivered,,0
ORD02362,3/26/2025 19:54,MINYA,El-Gamaa,Bahary Corner,Fish,4,560 EGP,0,Cash,C043,Motorcycle,4.6,31,30,51,5,U1049,Delivered,,1
ORD00736,17/02/2025 23:18,Minya,El-Gamaa,El-Abd Minya,Desserts,1,77 EGP,15,Cash,C078,Motorcycle,4.8,7,30,18,,U0143,Delivered,,1
ORD01855,24/02/2025 18:47,Minya,Corniche El-Nil,Hadouta Masreya,Egyptian,4,238,0,Card,C089,Motorcycle,2.4,18,25,26,5,U1025,Delivered,,1
ORD03103,1/28/2025 20:56,Minya,El-Sahel,Pizza Roma,Pizza,5,467 EGP,0,Card,C101,Tuk-tuk,4.2,15,30,40,4,U1283,Delivered,,1
ORD01165,1/23/2025 19:04,minya,Nazlet Hussein,Sultan Grill,Grills,5,939 EGP,0,Cash,C080,Bicycle,5.6,18,30,68,2,U0619,Delivered,,0
ORD02526,4/16/2025 23:22,Minya,Wast El-Balad,Basbousa Bar,Desserts,6,EGP 306,75,Cash,C030,Bicycle,2.7,16,25,36,,U1468,Delivered,,1
ORD02919,25/02/2025 13:31,Minya,El-Gamaa,Forno Nile,Pizza,2,240 EGP,0,Card,C090,Tuk-tuk,5.9,28,35,48,3,U0361,Delivered,,0
ORD02601,8/3/2025 17:04, Minya,Nazlet Hussein,Slice Minya,Pizza,2,151,0,Wallet,C071,Motorcycle,4.8,13,30,18,4,U0264,Delivered,,1
ORD03934,3/1/2025 21:32, Minya,Abu Helal,Tamara Sweets,Desserts,1,61,0,Wallet,C049,Motorcycle,2.9,5,25,24,,U0932,Delivered,gate closed,0
ORD02386,2/13/2025 18:41,Minya ,Corniche El-Nil,Koshary El-Sheikh,Egyptian,2,EGP 91,0,Cash,C086,Motorcycle,3.6,4,30,11,5,U1377,Delivered,,0
ORD03697,5/6/2025 16:55,Minya,El-Sahel,Burger Corniche,Burgers,2,188 EGP,12,Card,C067,Motorcycle,6.1,17,35,27,5,U1157,Delivered,,1
ORD00486,9/1/2025 19:18,Minya,Shalaby,Om Ali House,Desserts,4,EGP 200,0,Wallet,C013,Motorcycle,3.9,4,30,21,5,U1271,Delivered,,0
ORD03173,2/6/2025 14:12,Minya ,Shalaby,Basbousa Bar,Desserts,5,262 EGP,0,Wallet,C098,Motorcycle,3.6,16,30,23,,U0494,Delivered,,0
ORD03942,2/3/2025 15:37,abu qurqas,Abu Qurqas,Samak El-Balad,Fish,1,205 EGP,32,Card,C098,Motorcycle,16.2,30,55,75,,U0479,Delivered,,0
ORD03246,6/1/2025 20:28,El-Minya El-Gedida,New Minya,Crispy House,Burgers,6,480 EGP,0,Cash,C092,Bicycle,10.8,20,45,102,,U0035,Delivered,,0
ORD02490,4/18/2025 19:36,El Minya,El-Mahatta,Basbousa Bar,Desserts,1,67,16,Wallet,C108,Motorcycle,1.3,16,25,23,4,U1230,Delivered,,0
ORD00110,3/22/2025 14:58, Minya,Wast El-Balad,Foul El-Mahatta,Egyptian,4,EGP 150,0,Cash,C022,Motorcycle,0.6,14,20,16,4,U0035,Delivered,re-assigned,1
ORD03389,10/5/2025 19:37,MINYA,El-Gamaa,Foul El-Mahatta,Egyptian,2,73 EGP,0,Cash,C032,Motorcycle,6.3,11,35,39,4,U0853,Delivered,,1
ORD03690,15/06/2025 13:59,minya,Wast El-Balad,El-Dawar,Egyptian,6,285 EGP,0,Card,C047,Motorcycle,2.6,11,25,12,5,U0551,Delivered,,1
ORD02456,4/14/2025 13:40,Minya,Abu Helal,Hadouta Masreya,Egyptian,4,EGP 185,31,Cash,C053,Bicycle,2.8,11,25,23,4,U0547,Delivered,,1
ORD00943,1/4/2025 17:52,New Minya,New Minya,Sheikh El-Balad,Grills,3,479,0,Cash,C048,Motorcycle,11.8,30,45,54,4,U0050,Delivered,,0
ORD00480,4/17/2025 20:47,new minya,New Minya,Bites Burger,Burgers,4,395 EGP,43,Cash,C086,Motorcycle,9.7,9,40,44,5,U0762,Delivered,,1
ORD02778,20/04/2025 21:23,Minya,Wast El-Balad,Tamara Sweets,Desserts,1,86,0,Cash,C049,Tuk-tuk,2.1,4,25,27,,U0809,Delivered,customer not answering,1
ORD02183,19/06/2025 11:50,El-Minya,El-Sahel,Samak El-Balad,Fish,3,EGP 523,96,Cash,C038,Motorcycle,4.2,27,30,41,5,U1076,Delivered,,0
ORD03623,4/5/2025 17:50,Minya,El-Gamaa,Koshary El-Sheikh,Egyptian,3,179,0,Wallet,C032,Tuk-tuk,3.7,8,30,20,5,U0768,Delivered,customer not answering,1
ORD01338,4/28/2025 20:54,Minya,Wast El-Balad,El-Dawar,Egyptian,4,240 EGP,0,Card,C097,Motorcycle,1.3,20,25,,,U1048,Cancelled,,
ORD03255,5/23/2025 15:46,Minya,Shalaby,El-Nil Fish,Fish,3,EGP 428,98,Cash,C101,Bicycle,3.5,22,30,38,,U1010,Delivered,,0
ORD01488,2/1/2025 11:05,Minya,Ard Sultan,Pizza Roma,Pizza,1,EGP 135,0,Card,C020,Motorcycle,3.2,23,25,30,4,U0875,Delivered,,1
ORD02156,4/22/2025 14:39,New Minya,New Minya,Sheikh El-Balad,Grills,2,EGP 228,0,Card,C017,Motorcycle,10.4,29,40,51,3,U0075,Delivered,,0
ORD01028,2/21/2025 22:06,Minya,Nazlet Hussein,Burger Corniche,Burgers,3,144,13,Card,C102,Motorcycle,7,8,35,24,5,U0681,Delivered,,1
ORD04067,2/3/2025 17:30,Minya,Shalaby,Tamara Sweets,Desserts,2,123,0,Cash,C108,Bicycle,4.2,7,30,34,5,U1348,Delivered,,1
ORD01435,5/3/2025 13:33,Minya,Abu Helal,Koshary El-Sheikh,Egyptian,2,84,0,Cash,C008,Motorcycle,2.4,8,25,25,5,U0380,Delivered,,0
ORD02591,2/8/2025 14:05,Minya,Corniche El-Nil,Burger Corniche,Burgers,3,EGP 199,0,Cash,C052,Tuk-tuk,3.2,14,25,22,,U0981,Delivered,,0
ORD00589,17/06/2025 20:19,Minya,El-Gamaa,Om Ali House,Desserts,1,49,0,Cash,C084,Tuk-tuk,6.9,13,35,49,3,U0665,Delivered,,0
ORD02511,2/7/2025 18:11,El Minya,El-Mahatta,Forno Nile,Pizza,3,EGP 261,0,Cash,C053,Tuk-tuk,3.1,22,25,28,4,U0773,Delivered,,1
ORD03277,6/8/2025 19:31,MINYA,El-Gamaa,Sultan Grill,Grills,2,241,38,Cash,C029,Motorcycle,3.6,22,30,32,4,U0361,Delivered,,1
ORD01869,15/05/2025 16:55, Abu Qurqas,Abu Qurqas,Tamara Sweets,Desserts,1,EGP 511,60,Cash,C055,Tuk-tuk,15.3,9,55,63,4,U0425,Delivered,,0
ORD02431,5/3/2025 15:04,Minya,El-Gamaa,Basbousa Bar,Desserts,5,285 EGP,0,Cash,C098,Tuk-tuk,7.2,7,35,42,4,U1447,Delivered,,1
ORD01459,3/8/2025 13:20,NEW MINYA,New Minya,Foul El-Mahatta,Egyptian,6,EGP 366,0,Wallet,C013,Tuk-tuk,11.8,6,45,39,,U0099,Delivered,,0
ORD02831,3/7/2025 14:23, Minya,Corniche El-Nil,Crispy House,Burgers,2,272 EGP,0,Card,C044,Motorcycle,2.5,16,25,24,5,U0969,Delivered,,0
ORD01803,29/06/2025 14:20,Abu Qurqas,Abu Qurqas,Bites Burger,Burgers,3,EGP 211,0,Cash,C026,Motorcycle,14.3,17,50,43,5,U1477,Delivered,,1
ORD00458,3/31/2025 11:35,Minya,El-Gamaa,Basbousa Bar,Desserts,1,80 EGP,19,Cash,C076,Tuk-tuk,,10,35,30,5,U1102,Delivered,,1
ORD00357,2/22/2025 20:22,minya,El-Mahatta,Sultan Grill,Grills,1,108 EGP,7,Card,C018,Motorcycle,3.6,22,30,45,4,U0211,Delivered,,1
ORD00282,3/25/2025 19:32,Minya,Corniche El-Nil,El-Dawar,Egyptian,3,109 EGP,19,Cash,C061,Motorcycle,1.5,14,25,31,5,U0860,Delivered,,1
ORD00752,4/8/2025 12:00,New Minya,New Minya,El-Nil Fish,Fish,2,EGP 309,0,Cash,C058,Motorcycle,10.4,24,40,48,4,U1179,Delivered,,1
ORD03785,24/03/2025 20:29,Minya,Shalaby,Tamara Sweets,Desserts,4,282 EGP,0,Cash,C103,Tuk-tuk,4.6,15,30,35,5,U0439,Delivered,,1
ORD04116,1/3/2025 18:55,MINYA,Nazlet Hussein,Hadouta Masreya,Egyptian,4,165 EGP,0,Wallet,C044,Motorcycle,7.3,19,35,41,,U1480,Delivered,,0
ORD03982,5/1/2025 14:21,New Minya,New Minya,Koshary El-Sheikh,Egyptian,1,51,0,Card,C108,Tuk-tuk,12.7,16,45,58,4,U0623,Delivered,,0
ORD02115,11/2/2025 15:43,Minya,Wast El-Balad,Slice Minya,Pizza,3,321,0,Cash,C053,Motorcycle,2,19,25,27,4,U0342,Delivered,,0
ORD02900,1/23/2025 19:36,El Minya,Wast El-Balad,Forno Nile,Pizza,1,102 EGP,0,Wallet,C002,Motorcycle,1.8,31,25,54,4,U0380,Delivered,,0
ORD00233,6/13/2025 21:16,El Minya,Abu Helal,Burger Corniche,Burgers,2,193 EGP,0,Cash,C005,Tuk-tuk,3,18,25,40,,U0333,Delivered,,1
ORD03618,1/4/2025 20:08,minya,Corniche El-Nil,Koshary El-Sheikh,Egyptian,6,310 EGP,0,Card,C081,Motorcycle,2.4,8,25,30,5,U1482,Delivered,,1
ORD00431,6/13/2025 12:24,new minya,New Minya,Samak El-Balad,Fish,1,EGP 156,0,Cash,C090,Motorcycle,12.5,21,45,57,4,U0132,Delivered,,0
ORD01511,30/03/2025 12:14,MINYA,El-Gamaa,Burger Corniche,Burgers,2,EGP 187,37,Wallet,C108,Tuk-tuk,5.7,15,30,26,5,U0981,Delivered,,1
ORD01043,5/21/2025 21:30,Minya,Shalaby,El-Dawar,Egyptian,5,206 EGP,15,Cash,C016,Motorcycle,3,17,25,35,4,U0922,Delivered,,1
ORD00791,5/18/2025 16:17,El Minya,El-Mahatta,Tamara Sweets,Desserts,3,177,0,Cash,C110,Bicycle,2.2,5,25,18,5,U0075,Delivered,,0
ORD03073,19/06/2025 22:20,El-Minya,El-Gamaa,Om Ali House,Desserts,3,164 EGP,0,Card,C092,Tuk-tuk,5.6,7,30,18,5,U0966,Delivered,,0
ORD03595,6/14/2025 19:31,El Minya,El-Gamaa,Bites Burger,Burgers,3,281 EGP,0,Card,C085,Motorcycle,5.8,13,35,45,4,U0602,Delivered,,1
ORD03113,5/12/2025 20:03,Abu Qurqas,Abu Qurqas,Forno Nile,Pizza,3,258 EGP,32,Cash,C064,Tuk-tuk,15,31,50,87,,U1355,Delivered,,1
ORD01415,6/23/2025 20:17,Minya,Shalaby,Slice Minya,Pizza,5,521 EGP,106,Card,C084,Tuk-tuk,4.2,17,30,37,4,U0129,Delivered,,1
ORD00720,2/18/2025 13:23,Minya,Shalaby,Slice Minya,Pizza,5,531 EGP,0,Card,C030,Tuk-tuk,3.5,16,30,29,4,U0395,Delivered,,1
ORD02866,23/01/2025 20:14,Minya,Corniche El-Nil,Burger Corniche,Burgers,4,"1,284 EGP",0,Cash,C094,Motorcycle,3.1,16,25,27,4,U1152,Delivered,,0
ORD03300,30/04/2025 14:55,Abu Qurqas,Abu Qurqas,Burger Corniche,Burgers,1,EGP 122,10,Card,C052,Motorcycle,16.5,13,55,50,5,U1197,Delivered,,1
ORD01597,5/21/2025 20:19,Minya,Wast El-Balad,Sheikh El-Balad,Grills,5,822,0,Card,C077,Tuk-tuk,0.8,23,20,32,,U0833,Delivered,,1
ORD00034,4/21/2025 22:54,Minya,Shalaby,Foul El-Mahatta,Egyptian,4,EGP 173,30,Cash,C078,Motorcycle,4.8,7,30,22,5,U0375,Delivered,,1
ORD03231,3/15/2025 19:08,Minya,Abu Helal,Sultan Grill,Grills,6,451,112,Wallet,C033,Motorcycle,0.6,16,20,31,4,U0507,Delivered,,1
ORD01075,3/5/2025 13:36,El-Minya,Wast El-Balad,Sultan Grill,Grills,3,EGP 235,0,Cash,C003,Bicycle,2.4,18,25,28,4,U0249,Delivered,,0
ORD03247,5/4/2025 21:20,Minya,Wast El-Balad,Koshary El-Sheikh,Egyptian,1,54 EGP,0,Cash,C067,Motorcycle,0.6,10,20,23,,U1002,Delivered,,1
ORD00181,5/18/2025 18:32,minya,Nazlet Hussein,Hadouta Masreya,Egyptian,4,167 EGP,0,Card,C033,Motorcycle,6.6,10,35,25,5,U0891,Delivered,,1
ORD03411,5/15/2025 22:07,New Minya,New Minya,Sultan Grill,Grills,5,EGP 940,0,Cash,C039,Motorcycle,12.8,15,45,42,,U1247,Delivered,,1
ORD03229,3/22/2025 16:39,Minya,Abu Helal,Tamara Sweets,Desserts,6,275 EGP,0,Cash,C085,Motorcycle,2.5,7,25,13,4,U1327,Delivered,,1
ORD00025,3/13/2025 15:42,Minya,Wast El-Balad,El-Nil Fish,Fish,5,867,0,Cash,C078,Motorcycle,2.5,23,25,28,4,U0997,Delivered,,1
ORD00377,2/7/2025 19:46,Minya,Nazlet Hussein,Om Ali House,Desserts,2,109,0,Cash,C039,Bicycle,7.9,9,35,63,,U0860,Delivered,,1
ORD02299,1/17/2025 20:13,NEW MINYA,New Minya,Samak El-Balad,Fish,5,841 EGP,125,Card,C094,Tuk-tuk,10.5,17,45,74,,U0306,Delivered,,0
ORD00664,6/11/2025 15:56,Minya,Nazlet Hussein,Sultan Grill,Grills,2,294 EGP,46,Cash,C041,Bicycle,5,17,30,46,4,U0513,Delivered,,1
ORD00372,3/29/2025 17:27,Minya,Nazlet Hussein,Burger Corniche,Burgers,4,329,0,Cash,C109,Tuk-tuk,8.3,8,40,39,5,U0360,Delivered,re-assigned,1
ORD01243,1/19/2025 21:02,Abu Qorqas,Abu Qurqas,Forno Nile,Pizza,6,423 EGP,0,Cash,C097,Motorcycle,16.9,29,55,68,4,U1386,Delivered,,1
ORD01885,15/06/2025 21:29,Minya,Ard Sultan,Crispy House,Burgers,3,216 EGP,0,Cash,C091,Tuk-tuk,3.1,20,25,31,5,U0936,Delivered,,1
ORD02318,6/30/2025 14:51,MINYA,Wast El-Balad,Hadouta Masreya,Egyptian,4,145 EGP,23,Card,C028,Motorcycle,3,13,25,23,5,U0237,Delivered,address unclear,1
ORD03422,10/5/2025 20:28,Minya,El-Mahatta,Basbousa Bar,Desserts,3,EGP 176,0,Wallet,C052,Motorcycle,1.8,11,25,27,5,U1303,Delivered,,1
ORD03505,6/1/2025 19:08,Minya ,Ard Sultan,El-Nil Fish,Fish,1,EGP 202,0,Cash,C097,Bicycle,3.7,21,30,51,,U0271,Delivered,,0
ORD03363,6/10/2025 23:43,Minya,El-Gamaa,Bahary Corner,Fish,2,EGP 316,0,Wallet,C073,Tuk-tuk,5.3,34,30,53,,U1371,Delivered,,0
ORD01592,2/8/2025 20:53, Minya,Shalaby,Burger Corniche,Burgers,1,67,10,Card,C074,Motorcycle,1.7,19,25,28,5,U0281,Delivered,,0
ORD02893,16/01/2025 12:04,Minya,Shalaby,Sheikh El-Balad,Grills,4,534,0,Cash,C004,Motorcycle,3.4,34,30,39,4,U1490,Delivered,,0
ORD03566,3/8/2025 14:28,Minya,Shalaby,El-Abd Minya,Desserts,5,EGP 302,0,Wallet,C088,Motorcycle,2.8,6,25,17,5,U0034,Delivered,,1
ORD01664,5/28/2025 18:40,Minya,Corniche El-Nil,Bahary Corner,Fish,1,224 EGP,0,Wallet,C024,Motorcycle,3.2,29,25,33,5,U0749,Delivered,,1
ORD01568,1/25/2025 18:20,Minya,El-Mahatta,El-Abd Minya,Desserts,6,275,0,Cash,C087,Motorcycle,3.3,5,25,13,,U0886,Delivered,,0
ORD03705,3/2/2025 19:05,Minya,Nazlet Hussein,Basbousa Bar,Desserts,2,119,0,Cash,C076,Bicycle,7.8,13,35,65,3,U1311,Delivered,,0
ORD02374,4/12/2025 19:57,Minya,Corniche El-Nil,Sultan Grill,Grills,6,658,0,Wallet,C105,Bicycle,2.8,21,25,51,,U1356,Delivered,re-assigned,1
ORD04075,3/8/2025 19:59, Minya,Ard Sultan,Koshary El-Sheikh,Egyptian,3,173,0,Cash,C020,Motorcycle,2.5,15,25,40,4,U0857,Delivered,,0
ORD00877,1/10/2025 11:57,MINYA,Ard Sultan,Forno Nile,Pizza,3,266 EGP,0,Card,C048,Motorcycle,4.8,32,30,41,5,U1024,Delivered,,1
ORD00738,6/14/2025 13:55,Minya,El-Gamaa,Tamara Sweets,Desserts,2,123,0,Card,C079,Tuk-tuk,6,12,35,33,5,U1107,Delivered,,0
ORD01569,5/31/2025 20:25,El-Minya,El-Gamaa,Hadouta Masreya,Egyptian,6,218,22,Wallet,C108,Bicycle,5.2,16,30,55,,U0600,Delivered,,1
ORD03560,3/15/2025 13:59,Minya,El-Gamaa,Koshary El-Sheikh,Egyptian,3,EGP 154,0,Cash,C076,Motorcycle,6.1,9,35,25,5,U1300,Delivered,,1
ORD03002,1/15/2025 20:46,Minya,Abu Helal,El-Nil Fish,Fish,6,"1,228 EGP",0,Wallet,C032,Motorcycle,3.1,19,25,41,,U0360,Delivered,,0
ORD03344,3/25/2025 18:07,Minya,Abu Helal,El-Abd Minya,Desserts,5,EGP 212,0,Wallet,C080,Motorcycle,3.2,9,25,13,4,U1331,Delivered,,0
ORD01382,6/8/2025 15:51,ABU QURQAS,Abu Qurqas,Bites Burger,Burgers,1,97 EGP,0,Cash,C101,Motorcycle,17.9,19,60,61,,U1183,Delivered,,1
ORD01422,2/3/2025 17:49,New Minya,New Minya,Farag Kebab,Grills,3,471 EGP,44,Wallet,C042,Motorcycle,13.1,25,50,59,5,U1304,Delivered,,0
ORD00413,3/30/2025 19:08,El-Minya,El-Mahatta,Farag Kebab,Grills,4,587 EGP,0,Card,C084,Motorcycle,1.7,25,25,31,5,U1474,Delivered,,0
ORD02502,6/27/2025 18:21,El Minya,El-Sahel,Sultan Grill,Grills,3,EGP 441,0,Wallet,C057,Tuk-tuk,5,18,30,36,5,U0038,Delivered,,1
ORD03843,5/19/2025 14:59,Minya ,El-Sahel,Bahary Corner,Fish,4,442 EGP,33,Cash,C030,Tuk-tuk,4.9,35,30,46,3,U1493,Delivered,,0
ORD01434,1/7/2025 21:11,Abu Qurqas,Abu Qurqas,El-Abd Minya,Desserts,3,EGP 173,0,Cash,C045,Bicycle,16.9,8,55,133,,U0971,Delivered,,0
ORD03270,3/7/2025 20:31,Minya,Abu Helal,Koshary El-Sheikh,Egyptian,3,176,16,Cash,C035,Bicycle,4.7,8,30,42,5,U0737,Delivered,,1
ORD03297,4/30/2025 22:06,Minya,Ard Sultan,Om Ali House,Desserts,4,207,0,Cash,C063,Motorcycle,2.9,8,25,13,5,U0507,Delivered,,1
ORD02700,2/26/2025 20:25,Minya ,El-Sahel,Slice Minya,Pizza,5,EGP 273,0,Cash,C072,Tuk-tuk,2.6,19,25,45,4,U0304,Delivered,address unclear,1
ORD03906,5/11/2025 20:46,New Minya,New Minya,El-Nil Fish,Fish,6,EGP 786,146,Wallet,C061,Motorcycle,10.5,28,45,71,3,U0723,Delivered,,0
ORD01762,31/05/2025 15:46,Minya ,Abu Helal,Pizza Roma,Pizza,5,530,109,Cash,C033,Tuk-tuk,3.2,17,25,19,3,U1047,Delivered,,1
ORD00678,1/22/2025 14:19,Minya,Abu Helal,Foul El-Mahatta,Egyptian,4,131,0,Cash,C079,Motorcycle,2.9,4,25,6,4,U0046,Delivered,,1
ORD01145,3/25/2025 21:31,Minya,El-Mahatta,Slice Minya,Pizza,4,EGP 442,0,Wallet,C065,Bicycle,2,18,25,31,5,U1279,Delivered,,0
ORD00717,1/25/2025 13:09,Minya,Ard Sultan,Burger Corniche,Burgers,1,EGP 117,27,Wallet,C027,Motorcycle,3.9,12,30,24,5,U1435,Delivered,,1
ORD02375,1/5/2025 17:19,Minya,Ard Sultan,Bahary Corner,Fish,3,399 EGP,0,Card,C088,Motorcycle,2.8,32,25,45,3,U0658,Delivered,,0
ORD02939,8/3/2025 18:01,Abu Qurqas,Abu Qurqas,Bites Burger,Burgers,4,306,49,Cash,C016,Motorcycle,14.3,15,50,49,5,U0543,Delivered,,1
ORD02979,1/4/2025 14:21,NEW MINYA,New Minya,Tamara Sweets,Desserts,4,EGP 182,10,Cash,C093,Motorcycle,11.2,7,45,40,5,U0071,Delivered,,1
ORD00126,1/12/2025 12:38,Minya,Abu Helal,Forno Nile,Pizza,5,424,0,Wallet,C081,Motorcycle,1.7,29,25,,,U1010,Cancelled,,
ORD00808,5/31/2025 19:31,Minya,Corniche El-Nil,Tamara Sweets,Desserts,6,365 EGP,45,Cash,C048,Bicycle,2.8,8,25,36,4,U1302,Delivered,address unclear,0
ORD00193,4/19/2025 17:53,Minya,Wast El-Balad,Bahary Corner,Fish,6,EGP 812,0,Cash,C024,Bicycle,3.5,31,30,50,3,U1166,Delivered,re-assigned,0
ORD02478,6/24/2025 21:15,New Minya,New Minya,Bahary Corner,Fish,5,807,0,Card,C010,Motorcycle,12.1,36,45,88,,U1309,Delivered,,1
ORD04082,19/04/2025 20:21,New Minya ,New Minya,Forno Nile,Pizza,6,734,0,Cash,C090,Motorcycle,10.8,30,45,73,3,U0240,Delivered,,0
ORD00630,2/21/2025 22:50, Minya,Wast El-Balad,Tamara Sweets,Desserts,5,249 EGP,0,Cash,C083,Motorcycle,2.1,9,25,11,,U0456,Delivered,,1
ORD03983,15/04/2025 13:11,Abu Qurqas,Abu Qurqas,Bahary Corner,Fish,5,426 EGP,79,Cash,C006,Tuk-tuk,15.9,31,55,81,4,U0111,Delivered,,1
ORD01389,22/05/2025 12:21,Minya,Abu Helal,Slice Minya,Pizza,1,75,0,Card,C024,Motorcycle,4.3,15,30,27,5,U0224,Delivered,,1
ORD02809,5/27/2025 21:36,Minya,Shalaby,El-Dawar,Egyptian,1,51,6,Card,C013,Motorcycle,2.8,12,25,24,,U1308,Delivered,,1
ORD02846,5/23/2025 22:56,Minya,El-Sahel,El-Abd Minya,Desserts,6,442 EGP,0,Cash,C055,Motorcycle,4.6,5,30,14,5,U0319,Delivered,,1
ORD03118,14/05/2025 18:42,Minya,Abu Helal,Burger Corniche,Burgers,4,230,0,Card,C076,Tuk-tuk,2.5,6,25,13,5,U1381,Delivered,,1
ORD00462,5/6/2025 12:29,Menia,Wast El-Balad,Sultan Grill,Grills,2,193 EGP,41,Wallet,C028,Motorcycle,1.2,17,25,15,4,U0551,Delivered,,1
ORD00787,18/01/2025 20:31,NEW MINYA,New Minya,Sheikh El-Balad,Grills,1,101,0,Wallet,C034,Tuk-tuk,10.1,32,40,79,3,U1075,Delivered,,0
ORD02411,22/05/2025 22:43,Minya,El-Mahatta,Sultan Grill,Grills,2,372 EGP,0,Card,C093,Motorcycle,2.7,23,25,26,5,U1490,Delivered,,0
ORD01905,3/1/2025 15:33,minya,El-Sahel,Koshary El-Sheikh,Egyptian,3,EGP 142,0,Cash,C081,Bicycle,4.5,9,30,31,5,U0853,Delivered,,1
ORD01537,21/04/2025 21:11,Minya ,Wast El-Balad,Om Ali House,Desserts,5,EGP 144,0,Wallet,C046,Motorcycle,1.7,9,25,16,4,U0584,Delivered,,0
ORD02917,4/10/2025 12:22,Minya,Abu Helal,Tamara Sweets,Desserts,4,171 EGP,0,Wallet,C019,Motorcycle,3.1,12,25,23,5,U1399,Delivered,,1
ORD01101,6/22/2025 16:54,Minya ,El-Gamaa,El-Abd Minya,Desserts,5,EGP 229,0,Wallet,C039,Tuk-tuk,5.4,7,30,24,5,U1120,Delivered,customer not answering,1
ORD01590,4/5/2025 22:55,Menia,Shalaby,Bites Burger,Burgers,6,769,0,Cash,C089,Bicycle,2.8,10,25,25,4,U0800,Delivered,,0
ORD01986,3/23/2025 23:24,Minya,El-Sahel,Hadouta Masreya,Egyptian,2,83,0,Card,C035,Motorcycle,4.3,16,30,21,4,U0424,Delivered,,1
ORD02543,23/06/2025 23:04,Minya,Ard Sultan,El-Abd Minya,Desserts,3,173 EGP,31,Cash,C086,Motorcycle,2.4,13,25,9,5,U1090,Delivered,,1
ORD01022,2/7/2025 17:26,Minya,Ard Sultan,Bahary Corner,Fish,6,771 EGP,49,Cash,C035,Bicycle,3.4,30,30,47,,U0535,Delivered,address unclear,1
ORD02726,26/04/2025 19:21,Minya,Shalaby,Koshary El-Sheikh,Egyptian,4,143 EGP,0,Card,C083,Tuk-tuk,4.6,11,30,31,5,U0953,Delivered,,1
ORD03708,1/14/2025 12:42,El Minya,El-Gamaa,Farag Kebab,Grills,4,527 EGP,0,Wallet,C010,Tuk-tuk,4.8,20,30,37,4,U1395,Delivered,,1
ORD03388,1/29/2025 17:32,minya,Ard Sultan,Om Ali House,Desserts,4,212 EGP,0,Wallet,C092,Motorcycle,2.5,12,25,28,5,U1251,Delivered,,0
ORD03756,4/28/2025 22:58,Minya ,Abu Helal,Farag Kebab,Grills,2,255 EGP,0,Wallet,C103,Tuk-tuk,4.1,17,30,28,4,U0993,Delivered,,1
ORD03115,9/5/2025 18:31,Minya,El-Mahatta,Slice Minya,Pizza,3,184,26,Card,C011,Motorcycle,1.9,22,25,29,,U1412,Delivered,,0
ORD02980,4/27/2025 13:06,New Minya,New Minya,El-Dawar,Egyptian,5,212,0,Cash,C061,Motorcycle,12.6,15,45,42,5,U0246,Delivered,,1
ORD02928,22/01/2025 14:15,Minya,Abu Helal,Om Ali House,Desserts,2,EGP 145,25,Card,C008,Motorcycle,1.2,9,25,11,4,U1279,Delivered,,1
ORD01801,6/13/2025 16:38,El-Minya El-Gedida,New Minya,Om Ali House,Desserts,5,178 EGP,0,Card,C025,Tuk-tuk,11.1,17,45,59,4,U0649,Delivered,,1
ORD03621,2/27/2025 18:56,Minya,Nazlet Hussein,Sultan Grill,Grills,1,149 EGP,0,Card,C069,Bicycle,6.7,26,35,57,2,U0962,Delivered,,0
ORD03547,3/20/2025 23:59,El Minya,Corniche El-Nil,El-Dawar,Egyptian,3,119 EGP,0,Cash,C006,Tuk-tuk,2.5,14,25,25,5,U0808,Delivered,,1
ORD01794,5/6/2025 21:46,Minya,Wast El-Balad,Foul El-Mahatta,Egyptian,1,55 EGP,0,Wallet,C020,Motorcycle,1.6,8,25,14,4,U1152,Delivered,,0
ORD01674,1/27/2025 21:13,new minya,New Minya,Farag Kebab,Grills,4,EGP 319,57,Card,C057,Bicycle,,28,45,106,,U1268,Delivered,,0
ORD01558,3/4/2025 22:48,Minya,Corniche El-Nil,El-Abd Minya,Desserts,5,222,32,Cash,C107,Motorcycle,1.9,16,25,24,4,U1326,Delivered,,0
ORD00067,5/19/2025 16:53,Minya,Wast El-Balad,Foul El-Mahatta,Egyptian,3,177,26,Wallet,C054,Motorcycle,0.8,15,20,21,5,U1273,Delivered,,1
ORD01102,6/25/2025 14:18,Menia,Wast El-Balad,Basbousa Bar,Desserts,3,213 EGP,0,Cash,C027,Motorcycle,1.5,8,25,0,5,U1350,Delivered,,1
ORD04108,4/26/2025 15:16,Minya,Wast El-Balad,Foul El-Mahatta,Egyptian,3,EGP 155,0,Card,C047,Motorcycle,2.9,9,25,14,5,U0307,Delivered,,1
ORD03194,30/04/2025 13:28,Minya,El-Mahatta,Basbousa Bar,Desserts,3,164 EGP,0,Card,C017,Bicycle,3.6,14,30,27,5,U0928,Delivered,,1
ORD02898,2/21/2025 19:13,Minya,Ard Sultan,Tamara Sweets,Desserts,3,EGP 190,0,Cash,C012,Motorcycle,,9,30,33,5,U1122,Delivered,,1
ORD00850,19/05/2025 22:39,Abu Qurqas,Abu Qurqas,Bites Burger,Burgers,4,316 EGP,0,Cash,C034,Motorcycle,16.1,21,55,52,4,U0055,Delivered,,0
ORD03094,10/5/2025 23:40,Minya,El-Mahatta,Burger Corniche,Burgers,4,346 EGP,0,Card,C057,Motorcycle,2.3,13,25,16,4,U1119,Delivered,,1
ORD03261,1/18/2025 21:35,Minya,Shalaby,Slice Minya,Pizza,2,195 EGP,0,Cash,C019,Motorcycle,2.9,18,25,38,,U0497,Delivered,,1
ORD00485,2/10/2025 15:35,Minya,Nazlet Hussein,Bites Burger,Burgers,1,EGP 102,0,Cash,C095,Motorcycle,8.7,16,40,37,,U0493,Delivered,,1
ORD03908,4/17/2025 12:16,Minya,El-Mahatta,Koshary El-Sheikh,Egyptian,6,EGP 393,0,Card,C025,Tuk-tuk,2.2,11,25,18,5,U0221,Delivered,,1
ORD02539,1/17/2025 19:39,abu qurqas,Abu Qurqas,El-Dawar,Egyptian,1,64 EGP,12,Cash,C110,Motorcycle,14,15,50,74,4,U1202,Delivered,,0
ORD02708,21/01/2025 20:03,Minya,Wast El-Balad,Sultan Grill,Grills,6,EGP 745,0,Card,C010,Motorcycle,1.4,15,25,25,4,U0947,Delivered,,1
ORD00862,3/17/2025 19:30,Minya,Corniche El-Nil,Crispy House,Burgers,4,378 EGP,0,Cash,C009,Tuk-tuk,2.5,11,25,32,5,U0664,Delivered,,0
ORD03608,4/13/2025 14:02,minya,Wast El-Balad,Slice Minya,Pizza,1,166,37,Cash,C110,Motorcycle,1.9,14,25,11,5,U1240,Delivered,,1
ORD01125,2/12/2025 19:30,El Minya,Ard Sultan,Om Ali House,Desserts,4,274,0,Cash,C108,Motorcycle,4,13,30,39,,U1011,Delivered,,0
ORD01029,3/18/2025 20:46, Minya,Shalaby,Bites Burger,Burgers,2,190,0,Card,C036,Motorcycle,4,13,30,45,,U0137,Delivered,,1
ORD00053,7/3/2025 19:52,Minya ,El-Mahatta,Pizza Roma,Pizza,4,356,0,Wallet,C069,Bicycle,3.4,15,30,34,,U0215,Delivered,,0
ORD03868,6/26/2025 23:13,Minya,Ard Sultan,Burger Corniche,Burgers,4,445 EGP,0,Card,C029,Motorcycle,4,18,30,28,5,U0572,Delivered,,1
ORD01868,4/8/2025 13:21,Minya,Abu Helal,El-Abd Minya,Desserts,6,203 EGP,0,Wallet,C025,Tuk-tuk,3.8,9,30,16,5,U1216,Delivered,,1
ORD01651,5/21/2025 20:45,Minya,Ard Sultan,Sheikh El-Balad,Grills,5,738 EGP,0,Cash,C065,Tuk-tuk,4.7,27,30,52,3,U1490,Delivered,,0
ORD02930,6/2/2025 21:50,Minya,Shalaby,Koshary El-Sheikh,Egyptian,2,EGP 62,0,Wallet,C010,Motorcycle,5,10,30,32,5,U0951,Delivered,,0
ORD02395,4/17/2025 17:57, Minya,Wast El-Balad,Burger Corniche,Burgers,5,EGP 346,78,Cash,C106,Bicycle,1.5,21,25,36,5,U1108,Delivered,,0
ORD01798,5/15/2025 23:09,El Minya,Corniche El-Nil,Samak El-Balad,Fish,3,507 EGP,0,Cash,C026,Tuk-tuk,1.2,27,25,28,4,U0502,Delivered,,1
ORD02887,6/23/2025 19:59,New Minya,New Minya,Burger Corniche,Burgers,2,183 EGP,0,Cash,C064,Motorcycle,11.1,18,45,50,4,U0128,Delivered,,1
ORD01135,1/11/2025 12:57,Minya,El-Mahatta,Bahary Corner,Fish,6,889,200,Cash,C062,Tuk-tuk,2.4,34,25,35,4,U1335,Delivered,gate closed,0
ORD01163,3/8/2025 14:49,New Minya,New Minya,Forno Nile,Pizza,4,366,0,Wallet,C004,Motorcycle,10.8,24,45,52,5,U0682,Delivered,,0
ORD03531,5/14/2025 17:38,Minya ,Nazlet Hussein,Tamara Sweets,Desserts,3,EGP 126,0,Card,C056,Motorcycle,5.8,11,35,25,5,U1466,Delivered,,1
ORD01397,4/5/2025 20:33,minya,El-Gamaa,Farag Kebab,Grills,6,947 EGP,0,Wallet,C099,Tuk-tuk,4.5,20,30,41,5,U0882,Delivered,,1
ORD01741,4/29/2025 20:59,Minya,Abu Helal,Basbousa Bar,Desserts,2,113 EGP,0,Cash,C086,Bicycle,2,6,25,19,5,U0054,Delivered,,0
ORD03976,4/14/2025 20:20,New Minya,New Minya,El-Dawar,Egyptian,1,47,0,Cash,C027,Motorcycle,11.1,10,45,44,5,U0683,Delivered,,1
ORD00295,2/20/2025 18:35,Minya,Abu Helal,Farag Kebab,Grills,1,182 EGP,0,Cash,C023,Motorcycle,3.2,19,25,20,5,U0294,Delivered,,1
ORD03207,6/3/2025 18:40,El-Minya El-Gedida,New Minya,Basbousa Bar,Desserts,3,187,13,Cash,C101,Motorcycle,10.9,10,45,34,5,U0579,Delivered,,0
ORD00327,5/4/2025 22:10,Abu Qurqas,Abu Qurqas,Hadouta Masreya,Egyptian,1,66,15,Cash,C101,Bicycle,14.7,16,50,118,2,U0858,Delivered,,0
ORD01841,2/23/2025 19:29,Minya,Abu Helal,El-Nil Fish,Fish,1,EGP 134,26,Wallet,C072,Motorcycle,4.7,23,30,44,,U0107,Delivered,,0
ORD01055,2/21/2025 21:48,Minya,Wast El-Balad,Slice Minya,Pizza,3,"2,222",0,Cash,C084,Motorcycle,1.2,18,25,26,4,U0659,Delivered,,0
ORD03919,5/22/2025 13:19,Minya,Wast El-Balad,Pizza Roma,Pizza,4,527 EGP,0,Cash,C007,Motorcycle,2.2,22,25,23,4,U1496,Delivered,,1
ORD01447,30/04/2025 18:33,Minya,Shalaby,Farag Kebab,Grills,1,141 EGP,0,Card,C098,Motorcycle,2.6,22,25,32,4,U0549,Delivered,,0
ORD04184,7/2/2025 16:27,Minya,Shalaby,Pizza Roma,Pizza,2,279,46,Wallet,C082,Motorcycle,5.1,15,30,23,,U0570,Delivered,,0
ORD01161,3/5/2025 17:25,Minya,Abu Helal,Koshary El-Sheikh,Egyptian,3,146 EGP,0,Wallet,C094,Tuk-tuk,2.5,8,25,16,5,U1210,Delivered,,1
ORD02730,11/1/2025 12:31,NEW MINYA,New Minya,El-Dawar,Egyptian,5,218 EGP,0,Wallet,C035,Tuk-tuk,11,15,45,54,5,U0818,Delivered,,1
ORD03809,6/4/2025 13:41,New Minya,New Minya,Om Ali House,Desserts,2,EGP 123,0,Wallet,C052,Tuk-tuk,11.6,4,45,44,5,U0359,Delivered,,1
ORD02334,2/19/2025 19:39,Abu Qurqas,Abu Qurqas,Koshary El-Sheikh,Egyptian,1,45 EGP,0,Card,C016,Bicycle,17.4,6,55,125,1,U1043,Delivered,,0
ORD03754,10/6/2025 15:53,Minya,El-Gamaa,Forno Nile,Pizza,5,468 EGP,0,Card,C082,Motorcycle,5.8,22,35,35,4,U0422,Delivered,,1
ORD00211,1/3/2025 17:30,Minya,El-Gamaa,Koshary El-Sheikh,Egyptian,5,224 EGP,0,Cash,C026,Motorcycle,4.5,14,30,22,4,U0185,Delivered,,0
ORD00640,3/3/2025 21:42,Menia,Corniche El-Nil,Pizza Roma,Pizza,1,118,0,Cash,C029,Motorcycle,4.7,20,30,36,3,U0265,Delivered,,0
ORD01474,2/15/2025 19:11,Minya,Shalaby,Farag Kebab,Grills,5,934 EGP,0,Cash,C038,Motorcycle,3.1,23,25,52,3,U1361,Delivered,,0
ORD03465,3/30/2025 15:47,abu qurqas,Abu Qurqas,Forno Nile,Pizza,1,102,0,Cash,C077,Bicycle,14.7,31,50,124,,U1360,Delivered,address unclear,0
ORD02912,3/4/2025 11:11,Minya,Shalaby,Foul El-Mahatta,Egyptian,5,256 EGP,0,Wallet,C070,Motorcycle,4.8,6,30,20,4,U0959,Delivered,,0
ORD02572,3/5/2025 23:51, Minya,Corniche El-Nil,Bahary Corner,Fish,6,"1,127 EGP",0,Wallet,C080,Bicycle,1.8,37,25,44,,U0844,Delivered,,1
ORD00646,5/11/2025 21:53,abu qurqas,Abu Qurqas,Pizza Roma,Pizza,2,216 EGP,26,Cash,C054,Tuk-tuk,16.2,15,55,79,,U0599,Delivered,,0
ORD03880,1/31/2025 14:20,New Minya,New Minya,Sultan Grill,Grills,1,EGP 164,0,Cash,C104,Motorcycle,14.4,21,50,57,4,U0921,Delivered,,1
ORD04139,27/02/2025 21:44,Minya,Corniche El-Nil,Sheikh El-Balad,Grills,2,270 EGP,26,Card,C091,Bicycle,2.5,29,25,50,,U1297,Delivered,,0
ORD00354,6/30/2025 19:42,abu qurqas,Abu Qurqas,Hadouta Masreya,Egyptian,6,355 EGP,44,Cash,C098,Bicycle,16.2,13,55,132,1,U1358,Delivered,,0
ORD01483,6/13/2025 23:12,El-Minya El-Gedida,New Minya,El-Dawar,Egyptian,5,257,50,Cash,C055,Bicycle,11.9,10,45,81,2,U0594,Delivered,,0
ORD02394,2/2/2025 12:05,Abu Qurqas,Abu Qurqas,Om Ali House,Desserts,6,EGP 244,0,Cash,C061,Motorcycle,15.1,7,50,46,5,U0285,Delivered,,0
ORD02177,15/05/2025 15:56,New Minya,New Minya,Samak El-Balad,Fish,1,EGP 195,0,Cash,C047,Motorcycle,13.1,23,50,51,,U1233,Delivered,,1
ORD01882,17/05/2025 17:27,Minya ,El-Gamaa,Tamara Sweets,Desserts,2,75,6,Card,C009,Bicycle,7.5,11,35,52,,U0582,Delivered,,0
ORD02908,3/25/2025 23:32,MINYA,Abu Helal,Bites Burger,Burgers,4,285 EGP,62,Cash,C045,Motorcycle,2.3,16,25,30,5,U1318,Delivered,,1
ORD00477,3/20/2025 21:30,Minya,Shalaby,Tamara Sweets,Desserts,4,168 EGP,0,Cash,C054,Bicycle,4.1,11,30,47,4,U0136,Delivered,,0
ORD00487,4/11/2025 13:35,minya,Shalaby,Samak El-Balad,Fish,3,EGP 561,131,Cash,C066,Motorcycle,3.2,27,25,41,5,U0363,Delivered,,0
ORD00667,5/5/2025 20:48,New Minya,New Minya,Tamara Sweets,Desserts,1,54 EGP,0,Wallet,C069,Tuk-tuk,10.4,11,40,49,5,U1146,Delivered,,1
ORD00948,6/4/2025 12:44,Minya,Nazlet Hussein,Hadouta Masreya,Egyptian,2,110 EGP,0,Wallet,C055,Tuk-tuk,6.5,14,35,34,5,U0587,Delivered,,1
ORD01057,4/30/2025 19:52,MINYA,Wast El-Balad,Foul El-Mahatta,Egyptian,5,256 EGP,47,Card,C037,Motorcycle,1.6,10,25,23,5,U0643,Delivered,,1
ORD03537,11/1/2025 17:08,Minya,El-Gamaa,El-Nil Fish,Fish,5,EGP 869,179,Cash,C101,Motorcycle,5.6,18,30,33,5,U0524,Delivered,,1
ORD03401,6/27/2025 22:46,Minya,El-Mahatta,Bahary Corner,Fish,1,103,0,Cash,C027,Motorcycle,3.2,28,25,33,4,U1287,Delivered,,0
ORD01296,4/9/2025 23:07,Minya,El-Gamaa,Basbousa Bar,Desserts,4,EGP 245,33,Cash,C050,Bicycle,6.5,7,35,45,5,U0806,Delivered,,0
ORD03408,5/17/2025 21:25,Minya,El-Mahatta,Om Ali House,Desserts,4,191,0,Card,C102,Tuk-tuk,1.5,9,25,7,4,U0692,Delivered,,1
ORD02853,5/12/2025 22:28,Minya,Wast El-Balad,Burger Corniche,Burgers,5,383 EGP,0,Card,C049,Motorcycle,3.1,14,25,28,4,U1435,Delivered,,1
ORD03242,3/5/2025 12:13,Minya,Ard Sultan,Crispy House,Burgers,3,203 EGP,0,Wallet,C094,Tuk-tuk,3.3,20,25,26,5,U0584,Delivered,,1
ORD01912,6/4/2025 19:54,Abu Qorqas,Abu Qurqas,El-Nil Fish,Fish,2,271,0,Cash,C050,Motorcycle,15.1,17,50,73,,U0732,Delivered,,0
ORD01146,6/17/2025 21:13,MINYA,Shalaby,Burger Corniche,Burgers,1,EGP 95,0,Cash,C106,Motorcycle,4.8,12,30,24,3,U1311,Delivered,,1
ORD00370,12/2/2025 14:45,New Minya,New Minya,Hadouta Masreya,Egyptian,5,293,0,Card,C026,Motorcycle,9.7,15,40,44,,U1435,Delivered,,0
ORD00258,3/24/2025 15:31,El Minya,Ard Sultan,Slice Minya,Pizza,1,93,0,Cash,C102,Motorcycle,,23,30,35,4,U1333,Delivered,,1
ORD01739,1/30/2025 21:40,Minya,Corniche El-Nil,Basbousa Bar,Desserts,2,125,16,Cash,C090,Bicycle,1.1,13,25,31,4,U0837,Delivered,,0
ORD02190,5/24/2025 16:17,minya,El-Sahel,Foul El-Mahatta,Egyptian,1,62,15,Card,C051,Tuk-tuk,5.5,13,30,24,5,U1183,Delivered,,0
ORD00585,2/2/2025 20:52,Minya,El-Gamaa,El-Abd Minya,Desserts,1,61,6,Card,C048,Motorcycle,3,8,25,23,5,U1016,Delivered,,1
ORD03544,3/19/2025 17:09,Minya,El-Mahatta,Forno Nile,Pizza,5,489,0,Cash,C024,Motorcycle,2.1,28,25,37,5,U0206,Delivered,,0
ORD02952,1/22/2025 17:32,New Minya,New Minya,Sheikh El-Balad,Grills,4,EGP 734,0,Cash,C061,Motorcycle,12.3,33,45,60,4,U0053,Delivered,,0
ORD03216,6/13/2025 19:11,Minya,Nazlet Hussein,Tamara Sweets,Desserts,2,115 EGP,0,Wallet,C107,Tuk-tuk,7.3,10,35,55,,U1453,Delivered,,0
ORD03842,2/21/2025 18:31,Minya,Wast El-Balad,El-Dawar,Egyptian,3,176,39,Cash,C045,Motorcycle,2.9,14,25,17,5,U0704,Delivered,,1
ORD02535,4/4/2025 17:50,Minya,Shalaby,Bites Burger,Burgers,4,EGP 366,0,Cash,C081,Tuk-tuk,2.6,12,25,19,,U0064,Delivered,,0
ORD03904,4/5/2025 18:40,El-Minya,Corniche El-Nil,Foul El-Mahatta,Egyptian,5,EGP 164,21,Card,C026,Motorcycle,4,8,30,18,4,U0253,Delivered,,0
ORD00438,6/15/2025 23:53,Minya,Ard Sultan,Tamara Sweets,Desserts,6,EGP 296,0,Cash,C062,Motorcycle,3.3,7,25,13,5,U0673,Delivered,,1
ORD02811,5/12/2025 19:11,Minya,El-Sahel,Sheikh El-Balad,Grills,5,598,111,Cash,C020,Bicycle,3,31,25,55,,U0646,Delivered,,0
ORD00507,2/5/2025 18:52,Minya,Ard Sultan,Hadouta Masreya,Egyptian,4,111 EGP,0,Card,C002,Bicycle,2.8,14,25,19,4,U0752,Delivered,,0
ORD02146,2/26/2025 16:51,MINYA,Corniche El-Nil,Basbousa Bar,Desserts,3,139,0,Cash,C012,Motorcycle,1.4,11,25,18,5,U1085,Delivered,,1
ORD03172,6/12/2025 21:31,Abu Qurqas,Abu Qurqas,Crispy House,Burgers,5,452 EGP,0,Wallet,C052,Bicycle,18.4,6,60,0,1,U1028,Delivered,,0
ORD00655,1/16/2025 20:27,El-Minya,Wast El-Balad,Sultan Grill,Grills,1,145 EGP,0,Wallet,C031,Motorcycle,2.4,14,25,34,4,U1344,Delivered,,0
ORD01586,5/13/2025 12:59,Minya,Nazlet Hussein,Farag Kebab,Grills,2,302 EGP,18,Card,C048,Tuk-tuk,7.3,21,35,44,4,U0997,Delivered,gate closed,0
ORD02009,21/01/2025 12:03,Abu Qorqas,Abu Qurqas,Bites Burger,Burgers,4,342,0,Cash,C049,Bicycle,16.6,23,55,134,1,U0148,Delivered,,0
ORD02321,6/12/2025 17:53,New Minya,New Minya,Basbousa Bar,Desserts,2,EGP 91,11,Cash,C087,Bicycle,12,9,45,83,,U1405,Delivered,,0
ORD03694,21/02/2025 18:36,Menia,Shalaby,Bites Burger,Burgers,3,246,30,Card,C074,Motorcycle,1.4,14,25,6,,U0920,Delivered,,0
ORD03748,3/7/2025 23:11,Minya,El-Gamaa,Tamara Sweets,Desserts,6,274 EGP,0,Wallet,C060,Tuk-tuk,5.7,8,30,23,4,U1301,Delivered,gate closed,1
ORD03220,5/4/2025 20:37,Minya,Ard Sultan,Sultan Grill,Grills,4,EGP 442,0,Cash,C053,Tuk-tuk,1.4,28,25,46,4,U1234,Delivered,,1
ORD00825,3/13/2025 18:31,El Minya,Corniche El-Nil,Hadouta Masreya,Egyptian,5,233,0,Card,C065,Bicycle,2.3,12,25,29,5,U0958,Delivered,,1
ORD01548,6/14/2025 21:58,New Minya,New Minya,Sheikh El-Balad,Grills,4,156 EGP,0,Card,C072,Motorcycle,9.5,30,40,62,,U1241,Delivered,,1
ORD03001,3/21/2025 15:34,Minya,Nazlet Hussein,Bahary Corner,Fish,5,709 EGP,0,Wallet,C017,Motorcycle,5.5,29,30,39,4,U1111,Delivered,,0
ORD01050,4/2/2025 11:19,minya,El-Gamaa,Pizza Roma,Pizza,4,376 EGP,0,Cash,C102,Motorcycle,8.4,25,40,46,4,U0603,Delivered,,0
ORD01127,6/1/2025 17:39,Minya,Abu Helal,Crispy House,Burgers,1,72 EGP,0,Wallet,C055,Tuk-tuk,5,16,30,35,5,U0545,Delivered,,1
ORD00558,3/7/2025 20:11,Minya ,Corniche El-Nil,Koshary El-Sheikh,Egyptian,6,347,83,Cash,C108,Bicycle,3.3,14,25,31,,U0798,Delivered,,1
ORD02036,3/2/2025 22:09,Minya,Ard Sultan,Bahary Corner,Fish,3,546,68,Wallet,C047,Motorcycle,2.6,28,25,37,5,U0877,Delivered,,0
ORD02806,5/14/2025 20:27,New Minya,New Minya,Sheikh El-Balad,Grills,4,441 EGP,0,Card,C081,Tuk-tuk,11.9,24,45,70,3,U0049,Delivered,customer not answering,0
ORD03250,6/8/2025 16:03,minya,Ard Sultan,Sultan Grill,Grills,4,730 EGP,107,Wallet,C012,Bicycle,3.3,18,25,26,5,U0309,Delivered,,1
ORD00804,23/04/2025 22:08, Minya,Corniche El-Nil,Samak El-Balad,Fish,5,710,0,Wallet,C038,Motorcycle,1.5,22,25,26,5,U1317,Delivered,,1
ORD03975,2/26/2025 20:41,MINYA,Corniche El-Nil,El-Abd Minya,Desserts,4,204 EGP,0,Wallet,C038,Motorcycle,2.5,10,25,20,4,U0360,Delivered,,1
ORD02807,26/02/2025 14:37,NEW MINYA,New Minya,Bites Burger,Burgers,4,EGP 366,77,Cash,C087,Bicycle,13.9,13,50,104,,U1171,Delivered,,0
ORD01087,4/29/2025 20:17,Minya,Corniche El-Nil,Samak El-Balad,Fish,4,292,0,Cash,C065,Motorcycle,4.6,27,30,,,U0228,Cancelled,,
ORD01211,5/28/2025 18:02,minya,Wast El-Balad,Crispy House,Burgers,3,EGP 185,0,Cash,C082,Tuk-tuk,1.7,19,25,35,4,U0958,Delivered,,1
ORD00344,1/17/2025 16:39,New Minya,New Minya,Slice Minya,Pizza,4,231 EGP,24,Card,C005,Motorcycle,12.2,9,45,34,5,U0515,Delivered,,1
ORD02901,5/16/2025 19:05,Minya,El-Gamaa,Samak El-Balad,Fish,5,695,42,Card,C078,Motorcycle,5.3,23,30,38,4,U1440,Delivered,,0
ORD02113,3/31/2025 14:43,Minya,Wast El-Balad,El-Nil Fish,Fish,2,"2,377 EGP",0,Cash,C068,Motorcycle,,24,25,36,4,U0367,Delivered,,0
ORD00359,4/22/2025 18:53,New Minya,New Minya,Koshary El-Sheikh,Egyptian,3,124,0,Card,C089,Motorcycle,11.7,15,45,44,5,U1260,Delivered,,0
ORD01603,6/8/2025 22:27,abu qurqas,Abu Qurqas,Sheikh El-Balad,Grills,1,110,0,Cash,C044,Motorcycle,16.8,32,55,70,,U0358,Delivered,,0
ORD01714,21/03/2025 11:00, Minya,Corniche El-Nil,Pizza Roma,Pizza,5,422,0,Card,C066,Motorcycle,3.7,19,30,28,5,U0782,Delivered,,1
ORD03038,22/06/2025 20:40,Minya,El-Mahatta,Sultan Grill,Grills,1,126 EGP,0,Cash,C024,Tuk-tuk,3.6,12,30,21,5,U0294,Delivered,,0
ORD03435,15/02/2025 18:38,Minya,Nazlet Hussein,El-Abd Minya,Desserts,5,EGP 339,0,Cash,C103,Motorcycle,6.7,10,35,24,5,U0990,Delivered,,0
ORD03170,1/31/2025 19:59,Minya,Wast El-Balad,Crispy House,Burgers,1,87,0,Card,C011,Bicycle,4.1,14,30,46,4,U1471,Delivered,,0
ORD01106,27/05/2025 20:26,Minya,Wast El-Balad,Foul El-Mahatta,Egyptian,3,201,40,Cash,C108,Motorcycle,0.6,4,20,20,5,U1054,Delivered,,1
ORD00677,1/5/2025 20:19,Minya,El-Gamaa,Bites Burger,Burgers,3,EGP 307,73,Cash,C061,Motorcycle,7.1,11,35,41,4,U1221,Delivered,,0
ORD03014,6/22/2025 14:41,Minya,El-Mahatta,Farag Kebab,Grills,6,792 EGP,52,Card,C039,Motorcycle,3.7,20,30,38,5,U0023,Delivered,address unclear,1
ORD02639,4/21/2025 23:44,Minya,Nazlet Hussein,Foul El-Mahatta,Egyptian,6,293,0,Wallet,C067,Motorcycle,6.8,20,35,30,4,U1024,Delivered,,1
ORD03564,6/22/2025 22:24,El-Minya,Corniche El-Nil,El-Nil Fish,Fish,2,185 EGP,0,Wallet,C082,Motorcycle,2.4,27,25,36,4,U1171,Delivered,,1
ORD01942,4/25/2025 13:20,Minya,El-Gamaa,Slice Minya,Pizza,4,431,74,Cash,C091,Tuk-tuk,5.8,14,35,34,5,U0288,Delivered,,1
ORD01623,3/23/2025 22:05,El Minya,Shalaby,Foul El-Mahatta,Egyptian,3,124 EGP,0,Wallet,C072,Motorcycle,3,11,25,19,4,U0368,Delivered,,0
ORD00490,5/31/2025 20:44,Abu Qorqas,Abu Qurqas,Sultan Grill,Grills,1,86 EGP,15,Cash,C003,Motorcycle,15.7,21,55,84,3,U0426,Delivered,,0
ORD00115,4/7/2025 22:36,Minya,Abu Helal,Pizza Roma,Pizza,5,568 EGP,0,Cash,C071,Motorcycle,3.3,16,25,30,3,U0683,Delivered,,0
ORD03581,3/25/2025 15:21,Abu Qurqas,Abu Qurqas,Foul El-Mahatta,Egyptian,1,73 EGP,0,Cash,C028,Tuk-tuk,15.1,11,50,58,4,U0332,Delivered,,1
ORD00596,21/04/2025 17:14,Minya,Abu Helal,Bahary Corner,Fish,2,238 EGP,0,Cash,C014,Motorcycle,5.1,32,30,43,3,U0063,Delivered,,0
ORD04038,1/10/2025 11:12,Minya,Ard Sultan,Om Ali House,Desserts,6,328 EGP,0,Cash,C038,Motorcycle,1.6,7,25,14,5,U0164,Delivered,,1
ORD03226,3/14/2025 21:50,Minya,Corniche El-Nil,Foul El-Mahatta,Egyptian,1,61,0,Cash,C066,Motorcycle,2.6,13,25,23,5,U0116,Delivered,,1
ORD00584,5/9/2025 19:08,Menia,Corniche El-Nil,Tamara Sweets,Desserts,6,EGP 335,0,Card,C089,Motorcycle,4.2,11,30,29,5,U0203,Delivered,,0
ORD00611,6/21/2025 18:34,El Minya,Nazlet Hussein,Sultan Grill,Grills,3,EGP 393,0,Wallet,C035,Motorcycle,7,16,35,28,4,U0290,Delivered,,1
ORD01074,2/7/2025 19:16,Minya ,Nazlet Hussein,Crispy House,Burgers,5,360 EGP,0,Cash,C080,Motorcycle,6.5,14,35,27,4,U0965,Delivered,,1
ORD01061,10/1/2025 20:39,Minya,Wast El-Balad,Samak El-Balad,Fish,3,482,0,Cash,C011,Motorcycle,0.9,21,20,40,5,U0622,Delivered,,0
ORD00978,1/29/2025 21:51,Minya,El-Gamaa,El-Dawar,Egyptian,5,263 EGP,19,Cash,C039,Motorcycle,5.2,10,30,27,,U0831,Delivered,,1
ORD00731,5/8/2025 20:27,Minya,Wast El-Balad,Crispy House,Burgers,3,283,0,Cash,C090,Motorcycle,1.4,20,25,31,4,U1251,Delivered,,0
ORD00393,1/14/2025 20:21,New Minya,New Minya,Pizza Roma,Pizza,2,EGP 252,0,Card,C077,Bicycle,12.2,17,45,109,1,U0832,Delivered,,0
ORD01086,5/13/2025 16:22,new minya,New Minya,Hadouta Masreya,Egyptian,2,129,0,Wallet,C094,Motorcycle,12,11,45,33,5,U0608,Delivered,address unclear,1
ORD01621,2/26/2025 18:18,Abu Qurqas,Abu Qurqas,Pizza Roma,Pizza,3,245 EGP,0,Wallet,C049,Motorcycle,16.1,14,55,49,5,U0177,Delivered,,1
ORD02197,4/29/2025 19:24,Minya,Nazlet Hussein,Om Ali House,Desserts,5,339 EGP,0,Cash,C079,Motorcycle,5,12,30,44,4,U1459,Delivered,,0
ORD01650,1/2/2025 19:10,Minya,Abu Helal,Forno Nile,Pizza,4,520 EGP,0,Card,C062,Bicycle,3.1,27,25,55,3,U1232,Delivered,,0
ORD02540,4/19/2025 20:49,Minya,Ard Sultan,Hadouta Masreya,Egyptian,5,239 EGP,0,Card,C087,Bicycle,4.3,17,30,56,4,U1386,Delivered,,0
ORD00771,29/01/2025 19:36,abu qurqas,Abu Qurqas,Bahary Corner,Fish,2,266,0,Cash,C086,Motorcycle,19.2,30,60,83,4,U0344,Delivered,,1
ORD01594,5/24/2025 22:46,El-Minya El-Gedida,New Minya,Bahary Corner,Fish,1,EGP 130,32,Card,C002,Tuk-tuk,13.4,36,50,84,3,U0428,Delivered,,0
ORD00765,1/12/2025 23:57,abu qurqas,Abu Qurqas,Forno Nile,Pizza,4,430,0,Cash,C033,Motorcycle,16.8,27,55,69,,U1387,Delivered,,0
ORD01427,26/02/2025 13:00,Minya,Wast El-Balad,Bahary Corner,Fish,5,699 EGP,0,Card,C002,Motorcycle,2.3,26,25,31,4,U0200,Delivered,,1
ORD04076,27/01/2025 13:13,Minya,Ard Sultan,Hadouta Masreya,Egyptian,5,EGP 234,0,Card,C004,Bicycle,1.8,11,25,18,4,U0828,Delivered,,0
ORD00107,16/05/2025 21:17,Minya,El-Sahel,Koshary El-Sheikh,Egyptian,3,116 EGP,0,Cash,C017,Tuk-tuk,4.3,9,30,42,3,U0262,Delivered,,0
ORD03449,6/9/2025 18:40,El-Minya,Wast El-Balad,Bahary Corner,Fish,3,562 EGP,0,Cash,C094,Bicycle,0.6,31,20,34,5,U0162,Delivered,,0
ORD02445,2/3/2025 12:59,El-Minya,El-Mahatta,El-Abd Minya,Desserts,6,355 EGP,0,Cash,C079,Motorcycle,2.3,9,25,17,5,U0055,Delivered,,0
ORD02124,6/10/2025 23:25, Minya,Corniche El-Nil,Bites Burger,Burgers,5,493,99,Cash,C091,Tuk-tuk,2.4,15,25,25,4,U1020,Delivered,,1
ORD03023,1/5/2025 21:38,Minya,El-Mahatta,Burger Corniche,Burgers,3,240 EGP,0,Cash,C073,Tuk-tuk,3.6,8,30,37,4,U0549,Delivered,,0
ORD01503,4/26/2025 17:16,minya,El-Gamaa,Crispy House,Burgers,4,361 EGP,73,Wallet,C051,Motorcycle,5,19,30,35,5,U0813,Delivered,,0
ORD02813,11/4/2025 19:51,El Minya,El-Mahatta,Tamara Sweets,Desserts,2,145,36,Cash,C017,Motorcycle,1.3,4,25,16,4,U0174,Delivered,,0
ORD03461,1/10/2025 12:16,Minya,Wast El-Balad,Tamara Sweets,Desserts,2,100 EGP,0,Cash,C090,Tuk-tuk,2.2,4,25,13,4,U1366,Delivered,,0
ORD02815,6/10/2025 23:05,New Minya ,New Minya,Hadouta Masreya,Egyptian,5,375,21,Cash,C108,Bicycle,11.3,8,45,72,4,U0974,Delivered,,0
ORD00278,25/04/2025 19:41,Minya,Wast El-Balad,Samak El-Balad,Fish,3,365 EGP,0,Cash,C048,Motorcycle,2.7,20,25,41,4,U1142,Delivered,,1
ORD04106,2/7/2025 18:39,New Minya,New Minya,Bites Burger,Burgers,2,162 EGP,39,Cash,C078,Motorcycle,11.4,14,45,39,5,U1406,Delivered,,1
ORD02825,5/8/2025 13:51,Minya,El-Gamaa,Koshary El-Sheikh,Egyptian,5,264,16,Cash,C027,Tuk-tuk,6.2,8,35,31,4,U0901,Delivered,,0
ORD02455,3/18/2025 13:58,El-Minya,El-Gamaa,Bahary Corner,Fish,5,EGP 906,0,Cash,C106,Motorcycle,6.5,31,35,51,,U1311,Delivered,,1
ORD00221,3/2/2025 23:18,Minya,El-Sahel,Bahary Corner,Fish,6,EGP 679,91,Cash,C014,Bicycle,3.9,31,30,50,4,U1348,Delivered,,1
ORD03428,3/22/2025 20:47,Minya,Nazlet Hussein,Forno Nile,Pizza,6,526,0,Wallet,C075,Motorcycle,6.4,25,35,44,5,U0739,Delivered,,1
ORD04024,1/26/2025 14:50,Minya,Ard Sultan,Crispy House,Burgers,1,103 EGP,0,Cash,C101,Motorcycle,3.3,20,25,27,5,U1167,Delivered,,0
ORD02613,3/28/2025 18:55,minya,Ard Sultan,Om Ali House,Desserts,3,133,20,Wallet,C054,Motorcycle,3.4,8,30,16,5,U0378,Delivered,address unclear,1
ORD01066,6/5/2025 21:46,Minya,El-Mahatta,Hadouta Masreya,Egyptian,2,561,0,Cash,C038,Motorcycle,2.7,17,25,26,5,U0114,Delivered,,0
ORD00274,4/1/2025 16:02,MINYA,Shalaby,Crispy House,Burgers,2,244 EGP,37,Card,C028,Motorcycle,3,7,25,15,,U1027,Delivered,,0
ORD03415,5/2/2025 20:24,Minya ,Nazlet Hussein,Bites Burger,Burgers,6,456 EGP,0,Card,C064,Bicycle,4,16,30,37,5,U0425,Delivered,,0
ORD00642,4/5/2025 23:02, Minya,Abu Helal,Pizza Roma,Pizza,1,138 EGP,0,Wallet,C050,Motorcycle,3.9,19,30,33,4,U1192,Delivered,,1
ORD02787,4/28/2025 19:56,Minya,Wast El-Balad,El-Nil Fish,Fish,1,183 EGP,0,Card,C081,Motorcycle,1.5,21,25,35,5,U1231,Delivered,,1
ORD01653,2/25/2025 17:54, Minya,El-Gamaa,Burger Corniche,Burgers,5,447 EGP,36,Cash,C010,Tuk-tuk,5.1,10,30,30,,U1006,Delivered,,1
ORD02306,2/5/2025 13:58,El-Minya,El-Gamaa,Crispy House,Burgers,4,EGP 279,0,Cash,C061,Motorcycle,4.3,14,30,27,5,U0148,Delivered,,1
ORD02069,3/11/2025 20:07,new minya,New Minya,Farag Kebab,Grills,1,200 EGP,0,Cash,C018,Motorcycle,10.4,26,40,71,3,U0208,Delivered,,1
ORD01173,6/3/2025 23:26,Minya,El-Gamaa,Sultan Grill,Grills,3,EGP 352,0,Cash,C032,Tuk-tuk,6.1,18,35,32,5,U0996,Delivered,,1
ORD01308,12/6/2025 19:14, Minya,Abu Helal,Bahary Corner,Fish,5,880 EGP,0,Card,C045,Motorcycle,4.9,35,30,,,U1334,Cancelled,,
ORD00076,5/18/2025 19:25,Minya,Abu Helal,Tamara Sweets,Desserts,3,204,0,Card,C053,Tuk-tuk,1,10,25,22,4,U1058,Delivered,customer not answering,1
ORD04006,6/4/2025 21:43,El Minya,Ard Sultan,Farag Kebab,Grills,1,112,0,Cash,C086,Bicycle,4.1,19,30,43,4,U1158,Delivered,,0
ORD02350,1/21/2025 19:57,Minya,Abu Helal,El-Dawar,Egyptian,2,83,13,Wallet,C096,Motorcycle,3.6,9,30,33,5,U1152,Delivered,,1
ORD00320,3/7/2025 18:17,Minya,El-Gamaa,Burger Corniche,Burgers,6,416,0,Card,C057,Tuk-tuk,6.7,10,35,45,,U1423,Delivered,,1
ORD01514,6/12/2025 20:06,El-Minya El-Gedida,New Minya,Slice Minya,Pizza,2,EGP 192,0,Card,C060,Motorcycle,10.8,18,45,61,,U1133,Delivered,,1
ORD04070,1/9/2025 22:18,El-Minya,Ard Sultan,Pizza Roma,Pizza,2,159,30,Card,C007,Motorcycle,2.6,19,25,26,5,U0229,Delivered,,0
ORD01268,4/12/2025 19:33,New Minya,New Minya,Tamara Sweets,Desserts,6,299 EGP,57,Card,C076,Tuk-tuk,11.4,14,45,50,5,U0190,Delivered,,1
ORD01631,2/17/2025 20:26,Abu Qorqas,Abu Qurqas,Tamara Sweets,Desserts,4,EGP 252,0,Cash,C060,Bicycle,13.2,7,50,101,2,U0665,Delivered,,0
ORD03381,5/31/2025 19:35,El Minya,Wast El-Balad,Sheikh El-Balad,Grills,4,EGP 682,55,Cash,C027,Motorcycle,1.5,33,25,50,,U1500,Delivered,,1
ORD02860,6/2/2025 21:43,Minya,Nazlet Hussein,Bahary Corner,Fish,1,EGP 104,0,Cash,C071,Tuk-tuk,9,30,40,79,2,U1466,Delivered,,0
ORD00457,1/17/2025 16:37,Abu Qurqas,Abu Qurqas,Sultan Grill,Grills,4,478,0,Cash,C086,Motorcycle,18.2,21,60,0,4,U0078,Delivered,,1
ORD02972,5/13/2025 19:11,Minya,Nazlet Hussein,Samak El-Balad,Fish,3,529 EGP,126,Card,C099,Motorcycle,6.2,18,35,38,4,U0789,Delivered,,1
ORD04118,26/01/2025 22:55,El Minya,El-Mahatta,El-Abd Minya,Desserts,1,64 EGP,5,Card,C084,Motorcycle,0.6,12,20,13,5,U0586,Delivered,,1
ORD03950,6/16/2025 18:45,Minya,Wast El-Balad,Sheikh El-Balad,Grills,5,752 EGP,0,Cash,C093,Motorcycle,0.6,29,20,33,,U1085,Delivered,,0
ORD04050,5/24/2025 21:06,El Minya,Corniche El-Nil,Samak El-Balad,Fish,5,666,0,Wallet,C002,Motorcycle,1.1,19,25,40,3,U0037,Delivered,,0
ORD02965,9/2/2025 19:20,New Minya,New Minya,Crispy House,Burgers,1,97 EGP,0,Card,C110,Motorcycle,12.2,16,45,56,5,U1042,Delivered,,1
ORD01388,5/17/2025 13:52,Minya,El-Gamaa,Basbousa Bar,Desserts,3,167,18,Card,C075,Motorcycle,5.1,15,30,26,4,U0353,Delivered,,0
ORD02915,9/4/2025 23:01,Minya ,Wast El-Balad,El-Nil Fish,Fish,6,928 EGP,77,Card,C016,Motorcycle,1.8,25,25,28,5,U0453,Delivered,,1
ORD01781,5/31/2025 20:46,Minya ,Nazlet Hussein,Farag Kebab,Grills,3,EGP 288,15,Cash,C050,Bicycle,5.9,22,35,57,3,U0514,Delivered,,1
ORD01668,6/29/2025 19:03,El Minya,Ard Sultan,Sultan Grill,Grills,2,367 EGP,0,Cash,C038,Motorcycle,5.2,19,30,42,4,U1031,Delivered,,0
ORD01769,2/16/2025 19:07,Minya,El-Sahel,El-Dawar,Egyptian,5,262 EGP,0,Wallet,C031,Motorcycle,4.6,13,30,37,5,U0351,Delivered,,0
ORD00395,3/3/2025 23:27,Minya,Nazlet Hussein,El-Dawar,Egyptian,6,298 EGP,71,Wallet,C093,Motorcycle,6.2,17,35,25,5,U0522,Delivered,,0
ORD01371,27/02/2025 22:23,Minya,Ard Sultan,Pizza Roma,Pizza,2,EGP 288,53,Cash,C002,Motorcycle,4.2,23,30,33,5,U1228,Delivered,,1
ORD02960,9/4/2025 22:44,Minya,El-Sahel,El-Nil Fish,Fish,1,EGP 154,23,Card,C085,Motorcycle,2.5,26,25,37,3,U1347,Delivered,,0
ORD01263,6/9/2025 19:46,minya,Wast El-Balad,Om Ali House,Desserts,3,EGP 169,0,Card,C084,Motorcycle,3.1,13,25,23,4,U1036,Delivered,,1
ORD03639,9/5/2025 12:13,El-Minya El-Gedida,New Minya,El-Abd Minya,Desserts,5,249 EGP,23,Cash,C088,Motorcycle,11.7,9,45,34,4,U0884,Delivered,,0
ORD02163,14/04/2025 13:55,Minya,Wast El-Balad,Crispy House,Burgers,6,EGP 506,0,Cash,C002,Tuk-tuk,2.4,19,25,24,5,U0062,Delivered,,0
ORD01819,5/9/2025 12:46,Minya,El-Sahel,Crispy House,Burgers,2,EGP 164,0,Cash,C085,Motorcycle,2.9,21,25,20,5,U0478,Delivered,,0
ORD03812,4/23/2025 23:42,Minya,El-Mahatta,Crispy House,Burgers,6,554 EGP,37,Cash,C029,Bicycle,2.5,11,25,,,U0209,Cancelled,,
ORD03701,1/5/2025 20:26,Minya,Abu Helal,Tamara Sweets,Desserts,4,EGP 217,0,Cash,C082,Bicycle,2.4,8,25,21,4,U1318,Delivered,,0
ORD01184,3/23/2025 22:24,Minya,El-Sahel,Hadouta Masreya,Egyptian,1,63,0,Cash,C093,Motorcycle,5.6,18,30,32,5,U0080,Delivered,,1
ORD01218,6/17/2025 15:36,Minya,Abu Helal,Hadouta Masreya,Egyptian,1,EGP 69,10,Card,C025,Motorcycle,2.6,17,25,26,4,U1329,Delivered,,1
ORD00161,8/4/2025 21:47,Minya,El-Mahatta,Bahary Corner,Fish,6,896,219,Cash,C044,Motorcycle,3.9,32,30,60,,U0385,Delivered,,1
ORD02627,3/29/2025 22:50,El-Minya,Corniche El-Nil,Tamara Sweets,Desserts,5,EGP 222,0,Card,C095,Tuk-tuk,2.7,9,25,,,U0831,Cancelled,,
ORD01815,4/16/2025 20:13,Minya,Wast El-Balad,Bites Burger,Burgers,2,EGP 144,10,Cash,C074,Motorcycle,1.6,24,25,37,3,U0215,Delivered,,0
ORD01156,6/2/2025 20:30,Minya,Wast El-Balad,Samak El-Balad,Fish,3,424,0,Cash,C025,Motorcycle,0.6,25,20,,,U0511,Cancelled,,
ORD02474,3/24/2025 15:00,Minya,Nazlet Hussein,Slice Minya,Pizza,3,EGP 263,0,Cash,C091,Motorcycle,4.2,22,30,27,,U0421,Delivered,,1
ORD01471,2/28/2025 13:33,Minya,Wast El-Balad,Foul El-Mahatta,Egyptian,3,EGP 149,0,Card,C013,Motorcycle,2,15,25,25,5,U0070,Delivered,,0
ORD03711,4/1/2025 19:49,Minya,Ard Sultan,Forno Nile,Pizza,4,395 EGP,0,Wallet,C004,Motorcycle,3.1,31,25,46,,U0164,Delivered,,0
ORD02843,5/4/2025 17:59,Minya,El-Mahatta,Pizza Roma,Pizza,5,EGP 591,0,Cash,C020,Motorcycle,4.7,17,30,22,5,U0661,Delivered,,1
ORD03067,1/23/2025 21:53,Minya,Shalaby,Bahary Corner,Fish,5,EGP 695,114,Cash,C050,Motorcycle,4.9,26,30,48,4,U0738,Delivered,,1
ORD01734,2/5/2025 21:37,Minya,Ard Sultan,Crispy House,Burgers,5,EGP 344,0,Wallet,C098,Motorcycle,3.9,15,30,36,5,U1266,Delivered,,0
ORD00494,3/31/2025 18:51,New Minya,New Minya,Samak El-Balad,Fish,1,153,0,Card,C090,Motorcycle,11.4,25,45,48,4,U1188,Delivered,,0
ORD02876,27/01/2025 21:21,Minya ,Abu Helal,Om Ali House,Desserts,6,367 EGP,0,Cash,C057,Tuk-tuk,1.7,7,25,22,5,U0216,Delivered,,1
ORD02054,2/13/2025 19:50,Minya,Corniche El-Nil,Pizza Roma,Pizza,5,511 EGP,0,Card,C017,Motorcycle,1.3,14,25,20,5,U1255,Delivered,,0
ORD01671,1/23/2025 13:00,Minya,El-Gamaa,Sheikh El-Balad,Grills,2,274,0,Card,C051,Motorcycle,4.2,33,30,37,3,U0258,Delivered,,0
ORD03905,27/01/2025 18:40,Minya,El-Gamaa,El-Abd Minya,Desserts,4,EGP 190,0,Cash,C041,Motorcycle,5.1,10,30,19,5,U1494,Delivered,,1
ORD03751,1/5/2025 21:35,Minya,El-Sahel,Slice Minya,Pizza,1,EGP 91,13,Cash,C046,Motorcycle,5.4,12,30,40,4,U1134,Delivered,,0
ORD01007,5/26/2025 20:16, Minya,Wast El-Balad,Sultan Grill,Grills,6,744,0,Card,C095,Motorcycle,1.2,17,25,35,4,U0392,Delivered,,0
ORD02656,1/24/2025 20:09,New Minya,New Minya,Slice Minya,Pizza,3,269 EGP,14,Cash,C025,Motorcycle,9.6,20,40,57,4,U1434,Delivered,,0
ORD00152,6/18/2025 22:25,New Minya,New Minya,Basbousa Bar,Desserts,6,EGP 225,21,Wallet,C093,Motorcycle,12.5,4,45,35,4,U0008,Delivered,,1
ORD02450,3/1/2025 13:21,Minya,El-Gamaa,Burger Corniche,Burgers,4,EGP 347,0,Cash,C107,Bicycle,4.9,13,30,41,4,U1307,Delivered,,1
ORD01755,3/23/2025 14:37,Minya,Nazlet Hussein,Bahary Corner,Fish,4,698 EGP,0,Cash,C022,Tuk-tuk,6.3,33,35,61,,U0588,Delivered,,0
ORD00035,3/13/2025 13:37,New Minya ,New Minya,Bahary Corner,Fish,3,482 EGP,111,Cash,C052,Bicycle,12.2,30,45,108,2,U0242,Delivered,,0
ORD01059,4/27/2025 22:48,MINYA,El-Gamaa,Crispy House,Burgers,6,584,0,Cash,C028,Motorcycle,6.8,18,35,29,5,U0423,Delivered,,1
ORD00250,5/3/2025 19:00,New Minya,New Minya,Crispy House,Burgers,4,215 EGP,0,Wallet,C051,Motorcycle,11.9,20,45,57,4,U0292,Delivered,,1
ORD01301,5/3/2025 21:28,Menia,Ard Sultan,Farag Kebab,Grills,4,459,0,Card,C024,Motorcycle,3.4,21,30,42,3,U0929,Delivered,,0
ORD00662,2/1/2025 20:40,Minya,El-Mahatta,Samak El-Balad,Fish,6,"1,007",237,Cash,C067,Bicycle,4.4,26,30,46,5,U1327,Delivered,,0
ORD03832,4/28/2025 23:49,El Minya,El-Sahel,Farag Kebab,Grills,6,"EGP 1,040",0,Cash,C091,Bicycle,2.9,23,25,36,,U0315,Delivered,,1
ORD01494,17/02/2025 22:22,Minya,El-Sahel,Burger Corniche,Burgers,4,322 EGP,75,Cash,C101,Tuk-tuk,5.7,10,30,25,5,U0445,Delivered,,0
ORD02373,3/24/2025 13:57,El-Minya,Ard Sultan,Foul El-Mahatta,Egyptian,2,112 EGP,23,Cash,C031,Motorcycle,4.4,7,30,17,5,U1075,Delivered,,1
ORD03219,6/18/2025 20:06,El Minya,Ard Sultan,Samak El-Balad,Fish,5,624 EGP,0,Wallet,C096,Motorcycle,1.9,23,25,42,4,U0618,Delivered,,1
ORD03331,2/1/2025 19:45,Menia,Abu Helal,Sheikh El-Balad,Grills,2,274 EGP,0,Cash,C106,Tuk-tuk,3.9,26,30,48,4,U0163,Delivered,,0
ORD02148,1/31/2025 23:15,minya,El-Gamaa,Slice Minya,Pizza,4,EGP 428,0,Cash,C071,Motorcycle,7,12,35,21,5,U1159,Delivered,,0
ORD01123,6/12/2025 16:18,Minya,El-Gamaa,Om Ali House,Desserts,1,56,0,Card,C052,Motorcycle,5.3,6,30,14,5,U0643,Delivered,,0
ORD03970,5/26/2025 20:27,Minya,El-Sahel,El-Abd Minya,Desserts,6,276 EGP,0,Cash,C010,Bicycle,5.7,4,30,32,5,U0611,Delivered,re-assigned,1
ORD00780,2/11/2025 19:50,Minya,Abu Helal,Crispy House,Burgers,1,EGP 104,0,Cash,C071,Motorcycle,3.6,20,30,42,5,U0774,Delivered,,1
ORD01116,23/03/2025 16:20,Minya,Ard Sultan,Samak El-Balad,Fish,1,96 EGP,0,Cash,C105,Bicycle,2.2,25,25,34,4,U1407,Delivered,,0
ORD02442,15/02/2025 15:34,Minya,El-Sahel,Burger Corniche,Burgers,2,208 EGP,21,Cash,C105,Bicycle,5.3,10,30,28,3,U0666,Delivered,,0
ORD00491,19/05/2025 20:57,New Minya,New Minya,Burger Corniche,Burgers,5,306 EGP,0,Cash,C037,Tuk-tuk,12.1,21,45,74,,U0105,Delivered,,1
ORD02959,6/14/2025 19:29,Minya,Wast El-Balad,Slice Minya,Pizza,6,783 EGP,0,Card,C061,Tuk-tuk,2.1,12,25,42,4,U1386,Delivered,,0
ORD02732,1/21/2025 20:35,Minya,Nazlet Hussein,Bahary Corner,Fish,3,EGP 413,0,Wallet,C046,Tuk-tuk,9,31,40,69,,U1436,Delivered,,0
ORD02796,4/4/2025 17:01,minya,El-Mahatta,Pizza Roma,Pizza,3,361,0,Card,C015,Motorcycle,2.3,22,25,26,5,U0174,Delivered,,1
ORD02077,22/03/2025 19:46, Minya,Shalaby,Sultan Grill,Grills,2,EGP 202,0,Wallet,C085,Motorcycle,2.8,25,25,43,3,U0894,Delivered,,1
ORD02405,1/15/2025 21:23,Minya,Abu Helal,Samak El-Balad,Fish,1,112 EGP,10,Cash,C098,Motorcycle,2.6,23,25,45,4,U0239,Delivered,,1
ORD03992,5/4/2025 12:58,Menia,Shalaby,Sheikh El-Balad,Grills,1,EGP 139,0,Cash,C068,Bicycle,3.9,30,30,46,4,U1436,Delivered,,0
ORD02835,1/1/2025 19:20,Minya,El-Gamaa,Samak El-Balad,Fish,6,EGP 747,115,Cash,C086,Bicycle,5.8,24,35,71,3,U1194,Delivered,,1
ORD01244,2/3/2025 13:48,minya,Shalaby,Samak El-Balad,Fish,2,EGP 314,0,Cash,C015,Tuk-tuk,4.5,28,30,46,4,U0448,Delivered,,0
ORD02297,2/13/2025 14:05,Minya,Abu Helal,Foul El-Mahatta,Egyptian,3,148,29,Cash,C086,Motorcycle,2.7,13,25,20,3,U1086,Delivered,,1
ORD01489,1/4/2025 12:52, Minya,El-Mahatta,Sultan Grill,Grills,3,EGP 483,0,Card,C085,Motorcycle,2.7,19,25,21,,U0348,Delivered,gate closed,1
ORD00082,2/11/2025 21:51,Minya,Shalaby,Forno Nile,Pizza,1,124 EGP,0,Card,C100,Motorcycle,3.7,27,30,55,3,U0971,Delivered,,0
ORD00848,4/14/2025 12:55,Minya,Corniche El-Nil,Slice Minya,Pizza,5,386 EGP,0,Cash,C103,Motorcycle,2.2,21,25,27,4,U0922,Delivered,,1
ORD02989,2/7/2025 12:19,New Minya,New Minya,Sultan Grill,Grills,3,469,0,Cash,C014,Motorcycle,13.8,16,50,48,5,U0038,Delivered,,1
ORD00602,4/15/2025 20:06,El-Minya,Corniche El-Nil,Koshary El-Sheikh,Egyptian,1,54 EGP,9,Cash,C101,Tuk-tuk,2.2,13,25,26,5,U0096,Delivered,,0
ORD04017,12/4/2025 17:52,new minya,New Minya,Burger Corniche,Burgers,6,437 EGP,0,Cash,C074,Motorcycle,11.1,14,45,38,,U1269,Delivered,,1
ORD02472,21/03/2025 13:59,Minya,El-Sahel,Hadouta Masreya,Egyptian,6,308,0,Cash,C040,Motorcycle,4.8,14,30,20,5,U1344,Delivered,,1
ORD01733,17/01/2025 23:36,Minya,Wast El-Balad,Crispy House,Burgers,2,144 EGP,0,Cash,C085,Motorcycle,0.6,14,20,21,5,U0613,Delivered,,0
ORD03486,2/3/2025 20:26,El-Minya,Corniche El-Nil,Forno Nile,Pizza,4,664 EGP,0,Card,C100,Motorcycle,1.7,29,25,44,,U0352,Delivered,,0
ORD01988,1/2/2025 11:55,Menia,Wast El-Balad,Foul El-Mahatta,Egyptian,4,EGP 175,0,Cash,C074,Tuk-tuk,1.3,13,25,18,5,U1289,Delivered,,1
ORD01945,2/11/2025 12:29,Minya,Nazlet Hussein,El-Abd Minya,Desserts,3,165,0,Card,C070,Tuk-tuk,7.4,14,35,46,5,U0499,Delivered,,1
ORD03536,1/11/2025 14:10,Minya ,Nazlet Hussein,Slice Minya,Pizza,2,168,0,Card,C064,Motorcycle,7.3,17,35,23,3,U0660,Delivered,,0
ORD01974,4/5/2025 21:16,El-Minya,Corniche El-Nil,Tamara Sweets,Desserts,4,181 EGP,0,Wallet,C056,Bicycle,2.4,13,25,38,,U0471,Delivered,,0
ORD01780,5/13/2025 13:29,El-Minya,Nazlet Hussein,Samak El-Balad,Fish,1,EGP 152,34,Cash,C006,Motorcycle,6.9,19,35,34,4,U0498,Delivered,,0
ORD03349,1/18/2025 12:51,El-Minya El-Gedida,New Minya,Sultan Grill,Grills,1,131,0,Wallet,C040,Motorcycle,11.5,21,45,52,4,U0075,Delivered,,1
ORD03149,2/24/2025 16:34,Minya,Wast El-Balad,Foul El-Mahatta,Egyptian,5,288,0,Cash,C031,Bicycle,2.5,6,25,16,5,U1395,Delivered,,1
ORD00723,4/24/2025 14:51,New Minya,New Minya,Hadouta Masreya,Egyptian,1,68,4,Card,C086,Bicycle,12,13,45,86,,U1266,Delivered,,0
ORD03520,2/24/2025 20:06,Minya,Corniche El-Nil,Slice Minya,Pizza,6,EGP 710,167,Cash,C054,Motorcycle,1.6,18,25,28,4,U0620,Delivered,,0
ORD03273,4/6/2025 13:11,Minya,Ard Sultan,Bahary Corner,Fish,1,EGP 151,0,Cash,C011,Bicycle,4.8,32,30,59,3,U1335,Delivered,,1
ORD03734,13/02/2025 19:13,Minya,Corniche El-Nil,El-Nil Fish,Fish,4,409 EGP,32,Cash,C093,Motorcycle,1.5,15,25,30,4,U1308,Delivered,,1
ORD01393,1/7/2025 19:30,Minya,Ard Sultan,El-Dawar,Egyptian,5,237 EGP,55,Cash,C107,Motorcycle,4.2,9,30,30,5,U0609,Delivered,,0
ORD00412,4/26/2025 23:00,MINYA,El-Sahel,Bahary Corner,Fish,5,EGP 815,0,Card,C022,Motorcycle,4.2,30,30,44,4,U1072,Delivered,,1
ORD03485,2/3/2025 19:19,NEW MINYA,New Minya,Basbousa Bar,Desserts,6,288 EGP,0,Cash,C076,Motorcycle,11.8,11,45,44,5,U0720,Delivered,,1
ORD01122,6/6/2025 16:03,Minya,Shalaby,El-Nil Fish,Fish,2,369 EGP,62,Cash,C038,Motorcycle,5,20,30,34,5,U1047,Delivered,,1
ORD02590,11/1/2025 20:31,Minya ,Corniche El-Nil,Bahary Corner,Fish,4,501 EGP,0,Cash,C073,Motorcycle,3.3,28,25,41,,U0870,Delivered,,1
ORD01952,8/2/2025 14:14,El-Minya,Ard Sultan,Burger Corniche,Burgers,5,EGP 485,31,Card,C009,Motorcycle,4.7,15,30,28,5,U0171,Delivered,,0
ORD02977,2/5/2025 19:09,abu qurqas,Abu Qurqas,El-Abd Minya,Desserts,3,208,38,Wallet,C064,Bicycle,15.2,9,50,126,1,U0697,Delivered,,0
ORD01365,6/27/2025 19:25,Minya,Wast El-Balad,El-Dawar,Egyptian,5,242 EGP,0,Cash,C055,Motorcycle,0.7,14,20,30,4,U0605,Delivered,,1
ORD00283,3/15/2025 21:55,Minya,Ard Sultan,El-Dawar,Egyptian,1,69,0,Wallet,C063,Motorcycle,3.3,13,25,24,,U0327,Delivered,,1
ORD00505,11/5/2025 21:53,New Minya,New Minya,Om Ali House,Desserts,6,209 EGP,0,Card,C035,Bicycle,10.7,12,45,87,3,U1170,Delivered,,0
ORD03333,5/28/2025 18:49,Menia,Wast El-Balad,El-Abd Minya,Desserts,5,241 EGP,0,Cash,C067,Tuk-tuk,2,8,25,19,4,U0175,Delivered,,1
ORD00526,23/03/2025 11:10,Minya,Wast El-Balad,Pizza Roma,Pizza,5,228 EGP,27,Cash,C078,Motorcycle,2,20,25,31,5,U1333,Delivered,,1
ORD03866,2/6/2025 13:31,New Minya,New Minya,Koshary El-Sheikh,Egyptian,5,EGP 295,0,Card,C101,Tuk-tuk,11.2,11,45,40,4,U0891,Delivered,,1
ORD03164,1/10/2025 12:06,new minya,New Minya,Hadouta Masreya,Egyptian,6,EGP 222,19,Cash,C009,Tuk-tuk,11.4,13,45,45,,U1119,Delivered,,1
ORD00488,5/6/2025 15:06,minya,Ard Sultan,Tamara Sweets,Desserts,2,EGP 119,0,Card,C083,Bicycle,4.6,5,30,31,4,U1328,Delivered,,1
ORD02420,6/4/2025 12:53,Minya,Wast El-Balad,Burger Corniche,Burgers,1,EGP 121,7,Cash,C031,Tuk-tuk,1.2,15,25,13,,U1014,Delivered,re-assigned,1
ORD03798,3/20/2025 20:10,Minya,El-Mahatta,Forno Nile,Pizza,1,114,19,Cash,C097,Motorcycle,5.7,22,30,55,3,U0813,Delivered,,0
ORD02088,5/30/2025 21:50,Minya,El-Mahatta,Forno Nile,Pizza,6,635 EGP,0,Card,C092,Bicycle,2.5,29,25,76,2,U0736,Delivered,,0
ORD00513,5/13/2025 14:33,Minya ,Ard Sultan,Basbousa Bar,Desserts,1,89 EGP,0,Cash,C043,Bicycle,3.3,14,25,32,4,U0737,Delivered,gate closed,1
ORD02435,6/28/2025 22:59,ABU QURQAS,Abu Qurqas,Forno Nile,Pizza,3,157 EGP,0,Cash,C071,Motorcycle,16.7,25,55,62,5,U0842,Delivered,,1
ORD01698,10/6/2025 18:10,El-Minya,Abu Helal,Bahary Corner,Fish,1,121 EGP,0,Cash,C012,Motorcycle,3.2,32,25,39,4,U0486,Delivered,,1
ORD00935,10/5/2025 15:58,Minya,Ard Sultan,Sultan Grill,Grills,3,410 EGP,94,Cash,C050,Tuk-tuk,4,19,30,36,4,U0800,Delivered,gate closed,0
ORD03670,20/05/2025 19:08,Minya,El-Sahel,Sheikh El-Balad,Grills,1,167 EGP,25,Cash,C025,Tuk-tuk,3,29,25,59,2,U1203,Delivered,,0
ORD03188,6/4/2025 15:31,Minya,El-Sahel,Tamara Sweets,Desserts,4,266 EGP,0,Card,C074,Motorcycle,5.8,7,35,24,5,U0679,Delivered,,1
ORD00864,1/16/2025 18:10,New Minya,New Minya,El-Dawar,Egyptian,6,EGP 239,0,Wallet,C086,Motorcycle,10,11,40,33,5,U1465,Delivered,,0
ORD00323,21/01/2025 14:45,Minya ,El-Sahel,El-Dawar,Egyptian,5,208,0,Cash,C065,Motorcycle,4.7,11,30,21,4,U0336,Delivered,,1
ORD03656,24/01/2025 19:10,Minya,El-Gamaa,Om Ali House,Desserts,4,305,0,Wallet,C069,Motorcycle,6.5,7,35,31,5,U0834,Delivered,,0
ORD01117,6/5/2025 17:50,Menia,El-Sahel,Samak El-Balad,Fish,4,520 EGP,0,Card,C047,Bicycle,5.1,19,30,45,,U1008,Delivered,,0
ORD02909,4/23/2025 14:08,Minya,Wast El-Balad,Forno Nile,Pizza,3,EGP 335,0,Cash,C049,Bicycle,1.2,32,25,34,4,U0153,Delivered,,1
ORD03193,4/28/2025 19:46,Minya,Ard Sultan,Basbousa Bar,Desserts,6,EGP 315,0,Wallet,C059,Motorcycle,2.7,12,25,21,5,U0181,Delivered,,1
ORD02384,1/13/2025 18:05,Minya,Ard Sultan,Slice Minya,Pizza,1,99,18,Cash,C053,Motorcycle,3.1,15,25,29,5,U0613,Delivered,,1
ORD01381,5/26/2025 13:27,MINYA,Abu Helal,Bites Burger,Burgers,6,680 EGP,0,Card,C107,Motorcycle,2.7,13,25,16,,U0312,Delivered,,1
ORD00890,6/5/2025 13:00,El-Minya,Corniche El-Nil,Bites Burger,Burgers,3,EGP 225,0,Card,C108,Bicycle,2.2,15,25,29,4,U0099,Delivered,,1
ORD00992,6/8/2025 21:29,Minya,Wast El-Balad,El-Nil Fish,Fish,6,"1,130 EGP",83,Cash,C090,Bicycle,1.7,25,25,44,5,U0180,Delivered,customer not answering,1
ORD01913,3/3/2025 11:31,Minya,Abu Helal,Koshary El-Sheikh,Egyptian,3,160,0,Cash,C003,Motorcycle,1.9,15,25,31,4,U0086,Delivered,address unclear,0
ORD03153,4/11/2025 17:29,Minya,Ard Sultan,Samak El-Balad,Fish,3,390,0,Card,C110,Motorcycle,3.8,21,30,25,5,U0760,Delivered,,0
ORD00235,3/27/2025 17:20,Minya,Corniche El-Nil,Koshary El-Sheikh,Egyptian,1,EGP 54,0,Wallet,C028,Tuk-tuk,1.9,4,25,7,5,U1128,Delivered,,1
ORD00353,4/9/2025 16:05,Minya,Nazlet Hussein,Burger Corniche,Burgers,3,322,0,Card,C105,Motorcycle,4.8,11,30,16,5,U0163,Delivered,,0
ORD00871,2/17/2025 21:14,Minya,Corniche El-Nil,Sultan Grill,Grills,6,707 EGP,0,Cash,C106,Bicycle,4.6,22,30,65,3,U0061,Delivered,,0
ORD02124,6/10/2025 23:25, Minya,Corniche El-Nil,Bites Burger,Burgers,5,493,99,Cash,C091,Tuk-tuk,2.4,15,25,25,4,U1020,Delivered,,1
ORD02688,1/4/2025 15:48,El-Minya,El-Gamaa,Pizza Roma,Pizza,1,101 EGP,0,Cash,C026,Bicycle,4.6,17,30,43,4,U1063,Delivered,,1
ORD00735,5/5/2025 19:12,Minya,Wast El-Balad,Farag Kebab,Grills,4,305,0,Card,C082,Motorcycle,5.1,26,30,52,,U1123,Delivered,,1
ORD03489,4/24/2025 11:54,Minya,El-Sahel,El-Dawar,Egyptian,2,EGP 82,7,Cash,C077,Bicycle,6,10,35,45,5,U1143,Delivered,,1
ORD02000,5/22/2025 18:42,El-Minya,Corniche El-Nil,Hadouta Masreya,Egyptian,1,68 EGP,0,Cash,C092,Motorcycle,2.9,11,25,16,,U0435,Delivered,,1
ORD04045,2/24/2025 11:17,Minya,El-Mahatta,Tamara Sweets,Desserts,5,EGP 283,0,Cash,C058,Tuk-tuk,3,9,25,20,5,U0332,Delivered,,0
ORD02031,1/31/2025 21:51,Minya,Ard Sultan,Sheikh El-Balad,Grills,4,273,0,Cash,C028,Bicycle,3.9,32,30,,,U0437,Cancelled,,
ORD00208,2/5/2025 16:59,Menia,Shalaby,Sultan Grill,Grills,3,372,80,Card,C097,Motorcycle,3.5,21,30,26,5,U1263,Delivered,,0
ORD02210,3/10/2025 21:47,Minya,El-Gamaa,El-Dawar,Egyptian,5,321,42,Cash,C036,Motorcycle,5.4,15,30,48,,U0171,Delivered,,1
ORD00183,4/19/2025 22:19,Minya,Shalaby,El-Dawar,Egyptian,3,97 EGP,0,Card,C059,Motorcycle,3.9,14,30,19,5,U0722,Delivered,,1
ORD01816,4/20/2025 23:13,Minya,Corniche El-Nil,Basbousa Bar,Desserts,3,114 EGP,9,Card,C064,Motorcycle,3.3,13,25,19,4,U0502,Delivered,,1
ORD03723,22/04/2025 20:58, Minya,Wast El-Balad,El-Dawar,Egyptian,3,162 EGP,0,Wallet,C005,Tuk-tuk,0.8,9,20,25,4,U0400,Delivered,,1
ORD02074,3/25/2025 12:26,Minya,Shalaby,Hadouta Masreya,Egyptian,1,EGP 72,0,Cash,C063,Motorcycle,7,16,35,35,,U0726,Delivered,,0
ORD00610,4/30/2025 23:48,Menia,Wast El-Balad,Pizza Roma,Pizza,1,106 EGP,0,Card,C002,Motorcycle,1.8,15,25,24,5,U0947,Delivered,,1
ORD01619,3/22/2025 22:05,Minya,Corniche El-Nil,Koshary El-Sheikh,Egyptian,6,347,0,Cash,C011,Motorcycle,0.6,7,20,13,5,U0816,Delivered,,0
ORD03072,2/9/2025 19:05,New Minya ,New Minya,Foul El-Mahatta,Egyptian,6,299 EGP,0,Cash,C013,Motorcycle,11.4,8,45,37,5,U0705,Delivered,,1
ORD03656,24/01/2025 19:10,Minya,El-Gamaa,Om Ali House,Desserts,4,305,0,Wallet,C069,Motorcycle,6.5,7,35,31,5,U0834,Delivered,,0
ORD01187,2/16/2025 20:05,Minya,Wast El-Balad,Burger Corniche,Burgers,4,319 EGP,0,Card,C003,Motorcycle,2.3,13,25,29,5,U1479,Delivered,,1
ORD03499,3/13/2025 19:03,Minya,Ard Sultan,Forno Nile,Pizza,4,266 EGP,0,Cash,C095,Motorcycle,3.6,26,30,41,4,U0416,Delivered,,1
ORD01284,2/1/2025 14:26,Minya,El-Mahatta,Om Ali House,Desserts,4,157 EGP,19,Cash,C088,Motorcycle,3.4,6,30,15,,U0040,Delivered,,0
ORD01024,2/16/2025 14:04,Minya,Corniche El-Nil,Basbousa Bar,Desserts,6,277,45,Cash,C063,Motorcycle,3.2,13,25,20,4,U0519,Delivered,,1
ORD03251,27/04/2025 18:12,abu qurqas,Abu Qurqas,Farag Kebab,Grills,2,EGP 280,0,Cash,C084,Tuk-tuk,14.3,16,50,,,U1413,Cancelled,,
ORD01839,4/9/2025 18:17,Menia,El-Gamaa,Tamara Sweets,Desserts,3,EGP 128,0,Card,C104,Motorcycle,6.5,9,35,26,5,U0568,Delivered,,1
ORD01544,6/1/2025 22:30, Minya,Ard Sultan,Hadouta Masreya,Egyptian,1,EGP 45,6,Cash,C064,Motorcycle,5.4,12,30,25,5,U0108,Delivered,,1
ORD01814,3/8/2025 20:31,Minya,Shalaby,Burger Corniche,Burgers,1,EGP 104,0,Card,C068,Motorcycle,3.7,15,30,36,4,U0481,Delivered,,1
ORD00470,3/14/2025 15:47,Minya,Shalaby,Koshary El-Sheikh,Egyptian,1,67,0,Card,C018,Motorcycle,5.3,16,30,34,5,U1026,Delivered,,0
ORD03374,3/9/2025 13:58,Menia,Wast El-Balad,Burger Corniche,Burgers,1,86,16,Card,C053,Motorcycle,1.7,11,25,12,5,U0261,Delivered,,1
ORD03443,3/3/2025 19:48,Minya,Corniche El-Nil,Samak El-Balad,Fish,4,523 EGP,0,Wallet,C050,Motorcycle,3.1,18,25,35,5,U0378,Delivered,,1
ORD00371,4/8/2025 21:38,Minya,Corniche El-Nil,Forno Nile,Pizza,1,107,0,Wallet,C065,Motorcycle,2.5,23,25,37,,U0867,Delivered,,1
ORD03706,6/3/2025 21:11,El-Minya,El-Sahel,Slice Minya,Pizza,6,659,104,Cash,C075,Motorcycle,3.8,13,30,30,4,U1057,Delivered,,1
ORD03629,4/27/2025 20:53, Minya,El-Sahel,Om Ali House,Desserts,6,EGP 303,26,Cash,C075,Bicycle,3.8,10,30,38,4,U1033,Delivered,,0
ORD02369,2/12/2025 20:55,Minya,El-Mahatta,Crispy House,Burgers,1,87 EGP,0,Card,C026,Motorcycle,0.8,15,20,27,5,U0747,Delivered,,0
ORD03342,5/30/2025 21:47,Minya,Nazlet Hussein,Forno Nile,Pizza,2,172,0,Card,C014,Bicycle,6.6,30,35,69,4,U1488,Delivered,,1
ORD00084,6/19/2025 22:38,Abu Qurqas,Abu Qurqas,Crispy House,Burgers,4,286 EGP,46,Cash,C045,Motorcycle,16.3,13,55,46,4,U0431,Delivered,,0
ORD00748,3/20/2025 14:37,MINYA,Corniche El-Nil,Om Ali House,Desserts,6,356,0,Card,C064,Bicycle,2.2,17,25,28,5,U0864,Delivered,,0
ORD04191,5/11/2025 15:17,Minya,Shalaby,Burger Corniche,Burgers,3,EGP 179,0,Cash,C007,Tuk-tuk,5.2,20,30,,,U0721,Cancelled,,
ORD03667,6/14/2025 19:07,Abu Qurqas,Abu Qurqas,El-Abd Minya,Desserts,1,66,0,Cash,C091,Motorcycle,14.3,13,50,67,,U0879,Delivered,,0
ORD02233,4/5/2025 14:12,Minya,El-Sahel,Foul El-Mahatta,Egyptian,4,233,0,Cash,C090,Motorcycle,4.9,18,30,23,5,U0694,Delivered,,1
ORD00255,5/12/2025 23:03,Menia,Nazlet Hussein,Foul El-Mahatta,Egyptian,1,53,0,Cash,C071,Motorcycle,7.8,7,35,22,5,U0986,Delivered,,0
ORD00544,3/20/2025 21:32,Abu Qorqas,Abu Qurqas,Farag Kebab,Grills,4,319 EGP,0,Cash,C033,Motorcycle,17.9,21,60,73,4,U0885,Delivered,,0
ORD01436,5/14/2025 23:12,Minya,Wast El-Balad,Pizza Roma,Pizza,1,EGP 104,0,Wallet,C085,Tuk-tuk,2.5,20,25,28,5,U0434,Delivered,,1
ORD00706,4/7/2025 21:38, Abu Qurqas,Abu Qurqas,Basbousa Bar,Desserts,5,283 EGP,0,Cash,C089,Tuk-tuk,16.9,8,55,80,3,U0895,Delivered,,1
ORD03707,4/17/2025 20:17,Minya,Ard Sultan,Tamara Sweets,Desserts,2,82 EGP,0,Card,C076,Motorcycle,3,7,25,32,5,U0240,Delivered,,0
ORD03828,5/30/2025 20:32,Minya,Corniche El-Nil,Bahary Corner,Fish,4,572 EGP,0,Cash,C004,Motorcycle,1.7,28,25,42,,U0473,Delivered,,0
ORD02145,1/8/2025 12:49,Minya,Shalaby,Sultan Grill,Grills,4,EGP 498,0,Wallet,C038,Motorcycle,3.4,22,30,27,5,U0732,Delivered,,0
ORD01643,19/02/2025 18:11,Minya,El-Mahatta,El-Abd Minya,Desserts,2,99,0,Cash,C073,Motorcycle,1,8,25,11,4,U0503,Delivered,,0
ORD04113,4/6/2025 19:36,Minya,Wast El-Balad,Burger Corniche,Burgers,4,184 EGP,0,Cash,C036,Motorcycle,2.2,15,25,26,4,U0538,Delivered,,0
ORD02181,4/4/2025 20:17, Minya,El-Gamaa,Burger Corniche,Burgers,2,EGP 197,0,Cash,C025,Motorcycle,5.1,15,30,45,5,U1028,Delivered,,0
ORD04095,17/04/2025 14:10,Menia,Wast El-Balad,Slice Minya,Pizza,6,730,112,Wallet,C085,Bicycle,1.5,18,25,26,5,U0091,Delivered,,1
ORD03999,4/28/2025 18:28,Minya ,Abu Helal,Samak El-Balad,Fish,5,785 EGP,0,Cash,C011,Motorcycle,2.5,15,25,20,5,U0713,Delivered,,1
ORD03620,3/1/2025 11:50,El Minya,El-Mahatta,Burger Corniche,Burgers,2,EGP 165,0,Cash,C030,Tuk-tuk,3.4,20,30,34,5,U0039,Delivered,,0
ORD03676,8/2/2025 17:03,Menia,El-Gamaa,Koshary El-Sheikh,Egyptian,3,185,23,Cash,C001,Tuk-tuk,7.6,14,35,38,4,U0870,Delivered,,1
ORD01084,29/05/2025 19:56,El-Minya,Wast El-Balad,Pizza Roma,Pizza,4,485 EGP,0,Cash,C005,Motorcycle,3,19,25,,,U0528,Cancelled,,
ORD02870,6/3/2025 21:19,El-Minya El-Gedida,New Minya,Crispy House,Burgers,4,EGP 398,0,Wallet,C018,Bicycle,11.1,17,45,94,2,U0800,Delivered,,0
ORD03062,3/18/2025 18:29,Menia,Abu Helal,Forno Nile,Pizza,3,327 EGP,72,Cash,C017,Motorcycle,4.5,28,30,30,5,U0937,Delivered,,1
ORD03253,3/28/2025 21:55,New Minya,New Minya,Om Ali House,Desserts,2,108,13,Card,C086,Motorcycle,9.7,7,40,48,5,U1041,Delivered,,1
ORD00576,1/30/2025 21:52,New Minya ,New Minya,Farag Kebab,Grills,3,409 EGP,0,Wallet,C108,Tuk-tuk,12.4,16,45,66,4,U0666,Delivered,,1
ORD00234,30/05/2025 21:35, Abu Qurqas,Abu Qurqas,Om Ali House,Desserts,3,201,38,Cash,C105,Motorcycle,13.8,15,50,47,4,U0671,Delivered,,1
ORD02999,16/03/2025 19:32,El Minya,Abu Helal,Hadouta Masreya,Egyptian,3,EGP 156,0,Wallet,C023,Bicycle,3.4,12,30,39,4,U0828,Delivered,,0
ORD04127,4/5/2025 11:46,Menia,El-Mahatta,Sultan Grill,Grills,6,777 EGP,0,Cash,C065,Bicycle,2.5,13,25,25,4,U1390,Delivered,,0
ORD03049,1/6/2025 20:56,Minya,Corniche El-Nil,Pizza Roma,Pizza,1,120 EGP,8,Card,C097,Motorcycle,2.8,11,25,22,4,U1394,Delivered,,1
ORD01401,5/31/2025 20:16,New Minya,New Minya,Basbousa Bar,Desserts,6,EGP 374,0,Card,C035,Tuk-tuk,12.3,12,45,66,,U0849,Delivered,,1
ORD01953,25/01/2025 16:00,Minya,El-Mahatta,Basbousa Bar,Desserts,1,72,7,Wallet,C034,Tuk-tuk,3.2,8,25,27,4,U0137,Delivered,,1
ORD02323,3/8/2025 20:54,Minya,El-Sahel,Hadouta Masreya,Egyptian,6,456 EGP,0,Cash,C088,Bicycle,4.5,16,30,54,4,U1064,Delivered,,1
ORD00484,7/6/2025 17:40, Abu Qurqas,Abu Qurqas,Pizza Roma,Pizza,4,376,90,Card,C039,Motorcycle,15.4,22,55,56,5,U0136,Delivered,,1
ORD00580,6/13/2025 19:03,Minya,El-Mahatta,Slice Minya,Pizza,6,787,0,Cash,C069,Motorcycle,3.1,12,25,0,5,U0100,Delivered,,0
ORD03155,6/4/2025 18:29,Abu Qurqas,Abu Qurqas,El-Abd Minya,Desserts,6,289,62,Cash,C006,Tuk-tuk,18,11,60,61,5,U0237,Delivered,,1
ORD01295,4/1/2025 15:10,Minya,El-Mahatta,Koshary El-Sheikh,Egyptian,4,144 EGP,0,Card,C073,Bicycle,2.6,15,25,33,3,U0860,Delivered,,1
ORD02717,3/22/2025 19:48,new minya,New Minya,El-Abd Minya,Desserts,1,76 EGP,0,Wallet,C104,Motorcycle,12.1,5,45,39,,U1002,Delivered,,1
ORD00760,6/28/2025 21:04,Minya,Wast El-Balad,Samak El-Balad,Fish,4,EGP 361,18,Card,C036,Motorcycle,2.8,27,25,,,U0107,Cancelled,,
ORD00756,11/4/2025 22:29,NEW MINYA,New Minya,Crispy House,Burgers,5,EGP 265,0,Cash,C075,Bicycle,11.9,15,45,97,2,U0734,Delivered,,0
ORD02650,6/6/2025 21:23,Minya,Ard Sultan,El-Abd Minya,Desserts,5,269 EGP,0,Card,C068,Bicycle,5.7,12,30,49,2,U1482,Delivered,,1
ORD01119,10/4/2025 19:36,Minya,El-Sahel,Sultan Grill,Grills,3,287,0,Wallet,C105,Tuk-tuk,3,20,25,,,U0337,Cancelled,,
ORD00946,4/23/2025 15:30,Minya,Ard Sultan,Samak El-Balad,Fish,6,843,0,Card,C036,Motorcycle,4.5,28,30,41,4,U1047,Delivered,,1
ORD02473,4/7/2025 11:35,Minya,Abu Helal,El-Dawar,Egyptian,3,143 EGP,0,Card,C072,Tuk-tuk,4.2,17,30,38,4,U0212,Delivered,,1
ORD04040,5/2/2025 22:08,Minya,Corniche El-Nil,Bites Burger,Burgers,2,EGP 169,0,Wallet,C086,Motorcycle,2.4,18,25,27,4,U0082,Delivered,,1
ORD01157,6/3/2025 16:19,Menia,El-Gamaa,El-Dawar,Egyptian,3,EGP 179,0,Cash,C040,Motorcycle,,15,30,28,5,U1020,Delivered,,1
ORD01817,23/03/2025 21:58,Minya ,Nazlet Hussein,El-Dawar,Egyptian,1,57,10,Card,C048,Motorcycle,7.1,13,35,,,U0369,Cancelled,,
ORD03558,2/24/2025 16:47,Minya,Wast El-Balad,Om Ali House,Desserts,3,141,11,Cash,C041,Bicycle,1.3,9,25,12,5,U1047,Delivered,,1
ORD02855,15/06/2025 20:23,ABU QURQAS,Abu Qurqas,Sheikh El-Balad,Grills,6,"EGP 1,041",0,Card,C032,Motorcycle,15.8,31,55,80,4,U0714,Delivered,,0
ORD03525,2/1/2025 20:35,Minya,Ard Sultan,Hadouta Masreya,Egyptian,4,255 EGP,0,Card,C056,Motorcycle,3.7,14,30,41,4,U1180,Delivered,,1
ORD01205,3/1/2025 20:38,minya,Ard Sultan,Slice Minya,Pizza,2,158,28,Wallet,C091,Motorcycle,3.6,14,30,41,4,U1353,Delivered,,1
ORD01591,25/03/2025 18:20,abu qurqas,Abu Qurqas,El-Dawar,Egyptian,4,215,0,Wallet,C023,Motorcycle,17.5,15,55,52,5,U0803,Delivered,,0
ORD04107,6/16/2025 19:43,Minya,Corniche El-Nil,El-Abd Minya,Desserts,1,EGP 61,14,Wallet,C019,Motorcycle,1.2,9,25,25,,U0331,Delivered,,1
ORD00460,1/3/2025 13:39,Minya,Abu Helal,Basbousa Bar,Desserts,6,271,60,Card,C100,Motorcycle,1.3,15,25,19,5,U0280,Delivered,gate closed,1
ORD02578,3/20/2025 14:14,Minya,Shalaby,Tamara Sweets,Desserts,3,177 EGP,0,Cash,C076,Motorcycle,2.7,4,25,6,5,U0391,Delivered,,1
ORD01640,4/13/2025 11:23,Minya ,Wast El-Balad,Tamara Sweets,Desserts,3,EGP 165,0,Card,C054,Tuk-tuk,1.9,11,25,13,4,U0970,Delivered,,1
ORD03960,4/29/2025 11:18,New Minya ,New Minya,Bites Burger,Burgers,2,210,0,Card,C019,Motorcycle,10.8,14,45,-7,5,U1169,Delivered,,0
ORD02600,10/4/2025 14:03, Minya,El-Gamaa,Burger Corniche,Burgers,6,410 EGP,69,Cash,C045,Bicycle,5.8,20,35,49,4,U1379,Delivered,,0
ORD00399,2/17/2025 20:54,minya,El-Gamaa,Sultan Grill,Grills,1,140 EGP,29,Wallet,C018,Bicycle,4,16,30,49,4,U0465,Delivered,,0
ORD01171,5/29/2025 19:05,Minya,Wast El-Balad,Pizza Roma,Pizza,1,747 EGP,0,Cash,C035,Tuk-tuk,0.6,15,20,34,3,U0137,Delivered,,0
ORD02822,6/21/2025 14:56,Minya,Wast El-Balad,Sultan Grill,Grills,3,355,0,Card,C001,Motorcycle,2.4,21,25,22,5,U0949,Delivered,,1
ORD02934,2/6/2025 23:35,New Minya ,New Minya,Crispy House,Burgers,5,440 EGP,0,Cash,C056,Tuk-tuk,10.5,11,45,46,4,U1278,Delivered,,1
ORD01576,4/25/2025 20:50,New Minya,New Minya,El-Nil Fish,Fish,5,EGP 715,127,Cash,C040,Tuk-tuk,11,19,45,66,,U0781,Delivered,re-assigned,1
ORD04067,2/3/2025 17:30,Minya,Shalaby,Tamara Sweets,Desserts,2,123,0,Cash,C108,Bicycle,4.2,7,30,34,5,U1348,Delivered,,1
ORD00977,6/5/2025 19:40,Abu Qurqas,Abu Qurqas,Burger Corniche,Burgers,2,182,31,Card,C035,Tuk-tuk,15.6,15,55,85,3,U0304,Delivered,,1
ORD03990,3/14/2025 15:36,abu qurqas,Abu Qurqas,Basbousa Bar,Desserts,2,119 EGP,0,Cash,C075,Motorcycle,15.5,10,55,49,4,U0326,Delivered,,1
ORD04104,4/29/2025 22:25,new minya,New Minya,Sultan Grill,Grills,3,457,43,Cash,C050,Tuk-tuk,11.3,17,45,61,4,U0198,Delivered,address unclear,0
ORD00975,4/2/2025 19:20,Abu Qurqas,Abu Qurqas,Crispy House,Burgers,5,480 EGP,0,Card,C063,Motorcycle,16.3,15,55,58,4,U1113,Delivered,,0
ORD01303,4/30/2025 13:56,Minya,El-Gamaa,Om Ali House,Desserts,2,116,25,Cash,C065,Motorcycle,5.1,8,30,18,4,U1145,Delivered,,0
ORD01642,4/3/2025 18:34,Minya,El-Sahel,Samak El-Balad,Fish,1,164 EGP,0,Card,C053,Tuk-tuk,5.8,33,35,54,4,U0094,Delivered,,0
ORD02565,6/5/2025 20:49,El-Minya,Ard Sultan,Basbousa Bar,Desserts,1,77 EGP,14,Card,C046,Motorcycle,3.3,12,25,41,3,U0185,Delivered,,1
ORD00059,1/14/2025 15:55,Abu Qurqas,Abu Qurqas,Slice Minya,Pizza,3,EGP 390,66,Wallet,C069,Motorcycle,,19,50,51,5,U1388,Delivered,,1
ORD03848,3/1/2025 13:28,Minya,Corniche El-Nil,Bites Burger,Burgers,5,438,0,Card,C049,Motorcycle,1.5,16,25,21,5,U0991,Delivered,,1
ORD01015,1/20/2025 23:55,Minya ,El-Sahel,Burger Corniche,Burgers,1,EGP 83,0,Cash,C108,Motorcycle,5.8,13,35,32,5,U1265,Delivered,,1
ORD01255,5/14/2025 22:09,Menia,Nazlet Hussein,Foul El-Mahatta,Egyptian,3,EGP 194,46,Cash,C084,Motorcycle,7.4,8,35,27,3,U1002,Delivered,,1
ORD00350,28/01/2025 22:04,Minya,Shalaby,Farag Kebab,Grills,3,342 EGP,23,Cash,C001,Motorcycle,4.1,23,30,30,4,U0840,Delivered,,1
ORD01987,9/2/2025 15:05,Minya,El-Sahel,Om Ali House,Desserts,1,72 EGP,17,Cash,C110,Motorcycle,4.8,12,30,21,4,U0001,Delivered,,1
ORD00939,3/31/2025 14:46, Minya,El-Mahatta,El-Nil Fish,Fish,2,318 EGP,43,Wallet,C076,Tuk-tuk,1.9,22,25,25,5,U1349,Delivered,,0
ORD02935,1/6/2025 20:58,Menia,Wast El-Balad,Sheikh El-Balad,Grills,4,425 EGP,66,Card,C091,Motorcycle,2.3,29,25,52,3,U0333,Delivered,,0
ORD00950,2/6/2025 16:54,El-Minya,Corniche El-Nil,Foul El-Mahatta,Egyptian,6,318 EGP,0,Card,C034,Tuk-tuk,1.6,13,25,23,4,U0324,Delivered,re-assigned,0
ORD02199,1/3/2025 19:04, Minya,Wast El-Balad,Slice Minya,Pizza,3,EGP 356,76,Wallet,C050,Tuk-tuk,1.4,25,25,36,5,U0420,Delivered,,1
ORD00007,4/5/2025 13:39, Minya,El-Mahatta,Samak El-Balad,Fish,2,310 EGP,0,Cash,C103,Motorcycle,4.2,20,30,33,4,U0235,Delivered,,1
ORD04170,4/17/2025 19:12,Minya,El-Mahatta,Tamara Sweets,Desserts,6,EGP 436,0,Card,C026,Motorcycle,3.9,7,30,28,5,U1385,Delivered,,1
ORD04149,26/06/2025 23:50,Minya,El-Mahatta,El-Nil Fish,Fish,3,552 EGP,0,Cash,C043,Motorcycle,2,22,25,37,3,U1317,Delivered,,1
ORD03154,1/20/2025 11:28,El-Minya,Abu Helal,Pizza Roma,Pizza,1,110 EGP,0,Card,C062,Tuk-tuk,4,19,30,35,,U1073,Delivered,,0
ORD00656,1/13/2025 19:09,Menia,El-Mahatta,Samak El-Balad,Fish,1,117 EGP,22,Cash,C043,Motorcycle,2.6,21,25,44,4,U1396,Delivered,,1
ORD00156,5/7/2025 19:57,Minya,El-Mahatta,Slice Minya,Pizza,4,250,17,Card,C012,Motorcycle,2.5,8,25,15,5,U0986,Delivered,customer not answering,1
ORD00118,6/1/2025 18:25,Minya,Shalaby,El-Dawar,Egyptian,6,206 EGP,16,Cash,C052,Motorcycle,5.3,5,30,13,5,U0765,Delivered,,0
ORD00340,3/2/2025 20:59,MINYA,El-Mahatta,Tamara Sweets,Desserts,2,112 EGP,22,Cash,C088,Bicycle,2.1,9,25,35,5,U0940,Delivered,,0
ORD03968,14/03/2025 20:33,El Minya,Wast El-Balad,Bites Burger,Burgers,5,370,0,Cash,C042,Motorcycle,1.7,9,25,29,,U0254,Delivered,,1
ORD03752,14/04/2025 15:17, Minya,Nazlet Hussein,Bahary Corner,Fish,4,EGP 599,45,Card,C060,Bicycle,6.7,31,35,60,4,U0793,Delivered,,0
ORD03154,1/20/2025 11:28,El-Minya,Abu Helal,Pizza Roma,Pizza,1,110 EGP,0,Card,C062,Tuk-tuk,4,19,30,35,,U1073,Delivered,,0
ORD00715,6/28/2025 23:22,Minya,Shalaby,Foul El-Mahatta,Egyptian,4,160 EGP,10,Wallet,C070,Motorcycle,6.1,7,35,17,4,U1145,Delivered,,0
ORD03150,3/31/2025 12:38,Minya,El-Gamaa,Forno Nile,Pizza,4,476,0,Card,C071,Tuk-tuk,6.3,26,35,,,U1484,Cancelled,,
ORD03988,22/03/2025 20:52,Menia,Wast El-Balad,Samak El-Balad,Fish,1,EGP 116,0,Cash,C002,Bicycle,2.9,24,25,-8,4,U0762,Delivered,,0
ORD03503,5/15/2025 14:43,New Minya,New Minya,El-Dawar,Egyptian,1,70,6,Card,C110,Motorcycle,13.1,10,50,43,5,U0323,Delivered,,1
ORD03898,1/22/2025 21:29,Minya,Ard Sultan,Foul El-Mahatta,Egyptian,3,EGP 140,0,Cash,C068,Motorcycle,2.6,8,25,22,5,U0663,Delivered,,1
ORD01039,1/31/2025 21:01,MINYA,El-Mahatta,El-Abd Minya,Desserts,5,EGP 341,0,Card,C096,Motorcycle,3.6,9,30,34,5,U0711,Delivered,gate closed,1
ORD03903,3/27/2025 14:38,Minya,Nazlet Hussein,Burger Corniche,Burgers,5,396,0,Cash,C004,Bicycle,5.9,18,35,,,U1293,Cancelled,,
ORD03100,1/7/2025 19:54,Minya,El-Mahatta,Pizza Roma,Pizza,6,643,123,Cash,C060,Bicycle,2,15,25,37,4,U0816,Delivered,,0
ORD00443,5/15/2025 15:20,Minya,Wast El-Balad,Bites Burger,Burgers,3,366 EGP,91,Card,C084,Motorcycle,2.3,14,25,24,5,U0626,Delivered,,1
ORD03480,4/3/2025 21:30,Minya,Nazlet Hussein,Sultan Grill,Grills,5,694,44,Card,C005,Tuk-tuk,5.6,22,30,48,4,U1209,Delivered,,1
ORD03457,3/24/2025 22:01,Minya,El-Mahatta,Basbousa Bar,Desserts,2,137 EGP,0,Card,C041,Bicycle,1.1,10,25,14,5,U1061,Delivered,,1
ORD02278,4/29/2025 11:35,Minya,Wast El-Balad,Hadouta Masreya,Egyptian,6,240 EGP,34,Card,C024,Motorcycle,3.5,16,30,32,5,U1036,Delivered,,0
ORD02340,4/21/2025 17:04,Minya,Ard Sultan,Om Ali House,Desserts,3,EGP 184,0,Card,C081,Motorcycle,4.8,6,30,20,4,U1175,Delivered,,0
ORD03087,6/9/2025 20:48,Minya,El-Gamaa,Om Ali House,Desserts,4,EGP 221,52,Cash,C086,Motorcycle,6.8,4,35,25,5,U0965,Delivered,,0
ORD00764,3/18/2025 19:09,Abu Qurqas,Abu Qurqas,Burger Corniche,Burgers,4,290 EGP,57,Cash,C025,Motorcycle,15.5,14,55,67,4,U0789,Delivered,,0
ORD00993,3/8/2025 21:45,Minya,Wast El-Balad,Farag Kebab,Grills,3,427 EGP,0,Cash,C058,Motorcycle,3.2,25,25,45,,U1336,Delivered,,0
ORD00895,14/05/2025 15:40,New Minya ,New Minya,Sheikh El-Balad,Grills,5,794,45,Cash,C002,Bicycle,11.9,33,45,115,1,U0953,Delivered,,0
ORD03482,5/14/2025 22:07,Minya,El-Mahatta,Forno Nile,Pizza,6,606,0,Wallet,C084,Bicycle,3.1,31,25,44,4,U0593,Delivered,,0
ORD03027,3/3/2025 20:46,minya,Nazlet Hussein,Bahary Corner,Fish,4,702,116,Cash,C069,Bicycle,6.5,30,35,69,3,U0600,Delivered,,0
ORD01105,4/2/2025 13:13,New Minya,New Minya,Pizza Roma,Pizza,5,EGP 479,99,Card,C022,Motorcycle,13.1,24,50,54,5,U0558,Delivered,customer not answering,1
ORD00436,3/3/2025 15:54,NEW MINYA,New Minya,Crispy House,Burgers,5,418,72,Wallet,C043,Motorcycle,12.7,17,45,57,4,U0737,Delivered,,1
ORD00676,1/30/2025 13:27,Minya,El-Mahatta,Basbousa Bar,Desserts,2,104 EGP,0,Wallet,C033,Tuk-tuk,3.2,12,25,22,4,U0324,Delivered,,0
ORD03589,5/13/2025 14:19, Minya,Abu Helal,Forno Nile,Pizza,5,434,45,Cash,C058,Motorcycle,2.4,32,25,38,,U1422,Delivered,,0
ORD03574,1/25/2025 19:10,Minya,Corniche El-Nil,El-Dawar,Egyptian,2,104 EGP,0,Cash,C058,Bicycle,2.8,8,25,28,5,U1037,Delivered,,1
ORD02903,2/15/2025 18:18,Minya,Shalaby,El-Abd Minya,Desserts,5,EGP 392,27,Cash,C066,Motorcycle,2.8,4,25,15,5,U0923,Delivered,,1
ORD00063,4/29/2025 20:19,El-Minya,Abu Helal,Crispy House,Burgers,4,372 EGP,0,Card,C010,Tuk-tuk,4.2,21,30,50,3,U1028,Delivered,,0
ORD00215,5/27/2025 20:30,Minya,Abu Helal,Crispy House,Burgers,5,396 EGP,0,Card,C036,Motorcycle,3.2,14,25,35,4,U0446,Delivered,,1
ORD02984,5/23/2025 22:29,New Minya,New Minya,Sultan Grill,Grills,2,EGP 310,0,Cash,C067,Motorcycle,11.1,17,45,40,,U1424,Delivered,,0
ORD03361,6/8/2025 21:16,New Minya,New Minya,El-Nil Fish,Fish,6,EGP 512,0,Cash,C077,Motorcycle,11.3,23,45,61,5,U1425,Delivered,,0
ORD03986,2/22/2025 12:04,Minya,Abu Helal,Farag Kebab,Grills,6,597,0,Cash,C080,Motorcycle,3.1,25,25,34,5,U0985,Delivered,,1
ORD04032,6/23/2025 23:08,Minya,El-Mahatta,Slice Minya,Pizza,2,EGP 219,0,Cash,C032,Tuk-tuk,1,20,25,24,4,U1015,Delivered,,0
ORD02342,4/29/2025 19:02,New Minya,New Minya,Bites Burger,Burgers,3,211,0,Cash,C074,Bicycle,10.7,15,45,91,1,U0669,Delivered,re-assigned,0
ORD01749,6/16/2025 15:28,Abu Qorqas,Abu Qurqas,Farag Kebab,Grills,2,281 EGP,0,Card,C104,Tuk-tuk,15.9,22,55,79,,U1108,Delivered,,1
ORD04080,21/04/2025 20:59,Minya,El-Gamaa,Basbousa Bar,Desserts,6,EGP 247,58,Card,C107,Motorcycle,6.6,11,35,34,4,U1031,Delivered,,1
ORD01206,4/28/2025 16:32,Minya,Abu Helal,Basbousa Bar,Desserts,1,68,0,Card,C053,Tuk-tuk,0.6,12,20,18,5,U0766,Delivered,,0
ORD04023,6/5/2025 13:48, Minya,Nazlet Hussein,Bites Burger,Burgers,1,EGP 84,0,Card,C087,Tuk-tuk,7.6,18,35,50,,U1418,Delivered,,0
ORD02333,1/6/2025 16:51,MINYA,Abu Helal,Farag Kebab,Grills,2,EGP 363,60,Cash,C030,Bicycle,2.6,16,25,23,5,U0405,Delivered,,1
ORD00452,4/8/2025 20:21,New Minya,New Minya,Sheikh El-Balad,Grills,4,EGP 405,0,Card,C060,Bicycle,12.2,30,45,107,1,U1003,Delivered,,0
ORD00392,4/25/2025 22:21,Minya,Abu Helal,Hadouta Masreya,Egyptian,1,EGP 56,0,Card,C107,Motorcycle,3.1,12,25,25,5,U0884,Delivered,,1
ORD00759,24/05/2025 14:46,Minya ,Corniche El-Nil,El-Dawar,Egyptian,1,70,0,Cash,C003,Motorcycle,3.3,12,25,23,4,U1053,Delivered,,1
ORD03189,3/20/2025 19:33,Minya,Abu Helal,El-Abd Minya,Desserts,1,61,0,Card,C035,Bicycle,2.8,9,25,32,4,U0926,Delivered,,0
ORD03673,5/11/2025 15:47,Minya,El-Mahatta,Slice Minya,Pizza,2,183 EGP,0,Cash,C051,Motorcycle,2.2,21,25,28,4,U0616,Delivered,,1
ORD00439,13/04/2025 14:05,New Minya,New Minya,Hadouta Masreya,Egyptian,1,66 EGP,6,Card,C004,Bicycle,10.8,18,45,87,3,U1425,Delivered,,0
ORD02888,20/06/2025 18:27,El Minya,Wast El-Balad,Foul El-Mahatta,Egyptian,2,118 EGP,25,Card,C065,Motorcycle,2.8,8,25,14,5,U0953,Delivered,,1
ORD03777,29/04/2025 18:41,El-Minya,El-Mahatta,El-Dawar,Egyptian,3,EGP 132,18,Card,C090,Motorcycle,2.3,8,25,16,5,U1307,Delivered,,1
ORD01149,1/19/2025 13:00,Minya,Shalaby,Slice Minya,Pizza,6,651 EGP,140,Wallet,C077,Tuk-tuk,2.4,19,25,33,4,U0494,Delivered,,1
ORD00103,1/30/2025 18:06,New Minya,New Minya,Sheikh El-Balad,Grills,1,EGP 107,23,Cash,C092,Motorcycle,10.8,29,45,57,4,U0657,Delivered,,1
ORD01334,4/11/2025 20:03,Minya,Abu Helal,Tamara Sweets,Desserts,1,EGP 77,0,Cash,C010,Motorcycle,2.4,13,25,29,5,U0329,Delivered,,0
ORD01185,25/05/2025 20:10,Minya,Abu Helal,Basbousa Bar,Desserts,4,EGP 237,0,Wallet,C053,Tuk-tuk,3.3,11,25,35,,U0881,Delivered,,1
ORD00828,5/18/2025 20:12,Minya ,Wast El-Balad,Crispy House,Burgers,6,356 EGP,0,Cash,C099,Bicycle,1.3,19,25,39,4,U0906,Delivered,,1
ORD02553,5/24/2025 11:41,El Minya,Shalaby,Foul El-Mahatta,Egyptian,2,EGP 88,0,Card,C068,Motorcycle,5.8,7,35,17,4,U0349,Delivered,,1
ORD03805,1/30/2025 18:43,Minya,El-Sahel,Pizza Roma,Pizza,4,EGP 373,0,Cash,C067,Motorcycle,4.5,24,30,37,,U1087,Delivered,gate closed,0
ORD02004,3/17/2025 19:43,Minya,El-Gamaa,Tamara Sweets,Desserts,4,EGP 284,0,Cash,C011,Motorcycle,6.2,19,35,44,5,U1342,Delivered,,1
ORD00634,2/8/2025 21:08,El-Minya,Abu Helal,Basbousa Bar,Desserts,4,193 EGP,0,Cash,C092,Tuk-tuk,2.5,7,25,31,4,U0001,Delivered,,0
ORD03764,2/20/2025 19:46,Minya,Wast El-Balad,Pizza Roma,Pizza,6,682 EGP,57,Cash,C009,Motorcycle,2.4,21,25,41,4,U0110,Delivered,,0
ORD00368,5/8/2025 11:45,Minya,El-Mahatta,Crispy House,Burgers,1,EGP 128,7,Cash,C007,Motorcycle,1.5,17,25,23,4,U0902,Delivered,,1
ORD01407,6/20/2025 15:30,Minya,Corniche El-Nil,Slice Minya,Pizza,4,374 EGP,0,Wallet,C031,Motorcycle,3.3,12,25,17,5,U1371,Delivered,,1
ORD00338,4/28/2025 20:21,Minya,El-Mahatta,Farag Kebab,Grills,2,253 EGP,0,Wallet,C104,Motorcycle,2.3,21,25,41,5,U0775,Delivered,,0
ORD01191,1/9/2025 22:20,Minya,Abu Helal,Crispy House,Burgers,1,58 EGP,0,Cash,C044,Tuk-tuk,2.1,14,25,29,4,U0197,Delivered,,1
ORD00801,5/15/2025 19:37,New Minya,New Minya,Forno Nile,Pizza,2,186,0,Cash,C062,Motorcycle,10.5,26,45,57,4,U0181,Delivered,,1
ORD03775,5/2/2025 19:55,minya,El-Sahel,Sultan Grill,Grills,5,EGP 852,0,Cash,C051,Motorcycle,5,17,30,40,4,U0348,Delivered,,1
ORD03293,1/22/2025 20:56,New Minya,New Minya,Tamara Sweets,Desserts,1,81 EGP,0,Wallet,C020,Motorcycle,11.5,9,45,47,4,U1464,Delivered,,0
ORD03078,1/24/2025 14:15,Menia,Corniche El-Nil,Bites Burger,Burgers,4,353,0,Cash,C029,Bicycle,1.3,19,25,22,5,U1183,Delivered,,0
ORD00331,4/25/2025 17:05,Minya,Ard Sultan,Basbousa Bar,Desserts,5,201,17,Card,C074,Motorcycle,4.1,8,30,11,5,U0562,Delivered,,0
ORD00192,3/26/2025 22:27,Minya,Wast El-Balad,El-Nil Fish,Fish,2,190 EGP,0,Cash,C102,Tuk-tuk,1.1,22,25,,,U0646,Cancelled,,
ORD00254,3/9/2025 23:10,Minya,Ard Sultan,Bites Burger,Burgers,6,530 EGP,0,Cash,C026,Motorcycle,5.9,5,35,21,,U0280,Delivered,,1
ORD03869,5/2/2025 20:17,Minya,Nazlet Hussein,Sultan Grill,Grills,3,326,0,Cash,C028,Bicycle,7,17,35,71,4,U0953,Delivered,,0
ORD03802,6/3/2025 17:33,Menia,Ard Sultan,Farag Kebab,Grills,2,EGP 323,0,Wallet,C102,Motorcycle,3.8,21,30,34,,U0035,Delivered,,1
ORD00931,4/19/2025 21:27,Minya,Corniche El-Nil,Crispy House,Burgers,6,606 EGP,0,Cash,C064,Bicycle,2.6,15,25,39,3,U0696,Delivered,,1
ORD03393,30/06/2025 21:58,Minya,El-Mahatta,Crispy House,Burgers,4,234 EGP,0,Card,C090,Motorcycle,0.7,12,20,26,4,U0094,Delivered,,1
ORD01081,27/01/2025 12:54,Minya ,Ard Sultan,Sultan Grill,Grills,5,513,0,Cash,C001,Motorcycle,1.4,19,25,,,U1440,Cancelled,,
ORD03712,5/1/2025 20:33,Minya,Corniche El-Nil,El-Abd Minya,Desserts,6,EGP 259,30,Cash,C052,Motorcycle,2.6,7,25,23,5,U1004,Delivered,,1
ORD00437,2/22/2025 20:26,Minya,El-Mahatta,Foul El-Mahatta,Egyptian,2,EGP 93,0,Cash,C051,Tuk-tuk,4.7,14,30,46,,U1370,Delivered,,0
ORD00256,2/19/2025 21:07,MINYA,Wast El-Balad,Om Ali House,Desserts,6,EGP 365,0,Cash,C086,Tuk-tuk,1,13,25,30,5,U1197,Delivered,,1
ORD03957,4/22/2025 20:41,Minya,El-Gamaa,Slice Minya,Pizza,2,232,0,Cash,C012,Motorcycle,,25,30,-8,,U0930,Delivered,,0
ORD01772,3/24/2025 15:45,Minya,Corniche El-Nil,Om Ali House,Desserts,1,58,0,Wallet,C008,Bicycle,1.6,9,25,15,5,U1265,Delivered,gate closed,1
ORD01998,3/4/2025 23:25,minya,Nazlet Hussein,Tamara Sweets,Desserts,2,EGP 111,0,Card,C046,Motorcycle,5.9,8,35,18,5,U0834,Delivered,,1
ORD02833,2/26/2025 11:16,Minya,Abu Helal,Basbousa Bar,Desserts,6,372 EGP,0,Cash,C067,Bicycle,0.9,8,20,15,4,U0978,Delivered,,1
ORD04096,4/30/2025 18:47,Minya,Shalaby,Foul El-Mahatta,Egyptian,3,208 EGP,0,Wallet,C100,Motorcycle,2.6,7,25,6,4,U1244,Delivered,,0
ORD03280,6/19/2025 13:27,Minya,Ard Sultan,Slice Minya,Pizza,4,394,0,Cash,C005,Motorcycle,4.1,16,30,34,4,U0453,Delivered,,1
ORD03410,3/16/2025 21:12,Abu Qurqas,Abu Qurqas,Foul El-Mahatta,Egyptian,3,170,35,Cash,C071,Tuk-tuk,15.5,12,55,83,3,U0732,Delivered,,0
ORD02091,5/13/2025 13:28,Minya,Corniche El-Nil,Tamara Sweets,Desserts,2,102,0,Cash,C076,Motorcycle,2.2,8,25,20,4,U1197,Delivered,,1
ORD03551,5/12/2025 14:10,Minya ,El-Sahel,Pizza Roma,Pizza,4,EGP 481,0,Wallet,C004,Motorcycle,2.7,19,25,28,4,U1204,Delivered,,1
ORD03562,1/25/2025 12:10,Minya,Wast El-Balad,Sheikh El-Balad,Grills,5,730,94,Card,C012,Motorcycle,3.1,27,25,31,5,U0579,Delivered,,1
ORD00869,3/20/2025 20:22,Minya ,Corniche El-Nil,Slice Minya,Pizza,2,200 EGP,0,Wallet,C027,Tuk-tuk,3,18,25,34,4,U0200,Delivered,address unclear,1
ORD03425,4/2/2025 20:02,Minya,Nazlet Hussein,Sultan Grill,Grills,5,713 EGP,0,Card,C017,Motorcycle,3.9,13,30,34,,U0063,Delivered,,1
ORD00953,5/26/2025 20:08,Minya,Ard Sultan,Basbousa Bar,Desserts,1,62 EGP,0,Cash,C022,Motorcycle,4.6,4,30,23,,U1271,Delivered,,1
ORD02457,1/8/2025 16:10,Menia,Wast El-Balad,El-Abd Minya,Desserts,2,115 EGP,0,Cash,C061,Tuk-tuk,3.2,6,25,19,5,U0197,Delivered,,0
ORD03157,1/30/2025 18:13,Minya,Ard Sultan,Foul El-Mahatta,Egyptian,2,EGP 95,10,Card,C059,Motorcycle,4.3,11,30,25,5,U1323,Delivered,,1
ORD03382,4/17/2025 17:04,Minya,El-Mahatta,Forno Nile,Pizza,2,184 EGP,0,Card,C103,Motorcycle,0.7,29,20,27,5,U0219,Delivered,,0
ORD01505,6/16/2025 13:34,El Minya,Abu Helal,Samak El-Balad,Fish,5,EGP 622,44,Wallet,C039,Motorcycle,2.4,21,25,24,4,U0378,Delivered,,0
ORD00927,3/15/2025 14:55,minya,Nazlet Hussein,Koshary El-Sheikh,Egyptian,6,319,40,Card,C069,Tuk-tuk,7.6,4,35,25,5,U0584,Delivered,gate closed,1
ORD01960,2/2/2025 18:55,Minya,Abu Helal,Forno Nile,Pizza,4,EGP 435,60,Card,C010,Motorcycle,1.9,28,25,34,,U0873,Delivered,,0
ORD00782,1/10/2025 21:31,MINYA,Corniche El-Nil,El-Nil Fish,Fish,6,709 EGP,0,Card,C062,Tuk-tuk,0.7,29,20,39,,U0827,Delivered,,1
ORD01795,2/17/2025 20:30,Minya,El-Mahatta,Sheikh El-Balad,Grills,6,641 EGP,49,Card,C105,Bicycle,2.8,24,25,50,4,U0872,Delivered,,1
ORD02444,1/31/2025 14:51,NEW MINYA,New Minya,Tamara Sweets,Desserts,2,115 EGP,0,Card,C030,Motorcycle,10.1,8,40,36,4,U1086,Delivered,,0
ORD03718,29/05/2025 21:19, Minya,Shalaby,El-Nil Fish,Fish,1,118,26,Card,C001,Motorcycle,1.3,24,25,37,4,U0949,Delivered,,1
ORD02881,4/11/2025 20:28,Minya ,Wast El-Balad,Burger Corniche,Burgers,6,623 EGP,114,Card,C056,Motorcycle,3.2,11,25,30,5,U0912,Delivered,,1
ORD01577,2/3/2025 19:53,Minya,Abu Helal,Forno Nile,Pizza,2,143 EGP,0,Wallet,C002,Motorcycle,4,26,30,48,,U0118,Delivered,,0
ORD03451,21/05/2025 19:28,El Minya,El-Gamaa,Sheikh El-Balad,Grills,2,EGP 326,76,Wallet,C065,Motorcycle,4.9,32,30,43,4,U0931,Delivered,,1
ORD02799,3/29/2025 14:11,Minya,Shalaby,Basbousa Bar,Desserts,5,326 EGP,74,Card,C050,Motorcycle,2.6,11,25,16,5,U0503,Delivered,,1
ORD02820,1/19/2025 22:06,Minya,Nazlet Hussein,Slice Minya,Pizza,2,191 EGP,25,Cash,C103,Motorcycle,8,18,35,30,5,U1436,Delivered,,0
ORD00868,3/13/2025 17:41, Minya,Ard Sultan,Samak El-Balad,Fish,2,321 EGP,43,Cash,C009,Motorcycle,2.7,21,25,26,5,U0234,Delivered,,1
ORD03085,2/6/2025 17:26,Minya,Nazlet Hussein,Sheikh El-Balad,Grills,4,EGP 538,0,Card,C087,Tuk-tuk,6.7,33,35,48,,U0863,Delivered,,1
ORD01208,4/22/2025 12:23,Minya,El-Gamaa,Bahary Corner,Fish,6,871,0,Wallet,C031,Tuk-tuk,5.3,36,30,49,4,U0754,Delivered,,1
ORD01763,2/15/2025 22:42,New Minya,New Minya,Sultan Grill,Grills,2,280,0,Card,C088,Motorcycle,12.4,22,45,51,5,U0261,Delivered,,1
ORD02923,4/21/2025 19:35,Minya,Abu Helal,Om Ali House,Desserts,5,275,0,Card,C008,Tuk-tuk,,8,30,35,4,U0223,Delivered,,0
ORD03914,2/27/2025 20:41,Minya,Ard Sultan,Tamara Sweets,Desserts,4,254 EGP,19,Wallet,C013,Motorcycle,3.6,9,30,33,5,U1163,Delivered,,1
ORD03571,2/21/2025 11:17,Minya ,Nazlet Hussein,Crispy House,Burgers,2,203,38,Wallet,C089,Bicycle,4.8,19,30,42,3,U0731,Delivered,,1
ORD01665,14/02/2025 19:08,Minya,Wast El-Balad,El-Dawar,Egyptian,3,108 EGP,0,Wallet,C031,Motorcycle,0.6,10,20,31,,U1162,Delivered,,1
ORD00996,6/16/2025 16:40,El-Minya,El-Mahatta,Foul El-Mahatta,Egyptian,3,148,0,Card,C053,Tuk-tuk,3.2,8,25,18,5,U1137,Delivered,,1
ORD00074,4/9/2025 12:51,New Minya,New Minya,Bites Burger,Burgers,6,603,0,Cash,C001,Motorcycle,9.6,17,40,42,5,U1167,Delivered,,1
ORD00106,1/31/2025 17:25,Menia,El-Mahatta,Sheikh El-Balad,Grills,5,790,0,Cash,C047,Motorcycle,3.4,32,30,40,5,U0442,Delivered,,0
ORD01954,4/21/2025 12:28,Minya,Wast El-Balad,Bahary Corner,Fish,5,EGP 814,0,Cash,C049,Motorcycle,2.3,38,25,45,,U0681,Delivered,address unclear,0
ORD01460,6/1/2025 19:32,Minya,Corniche El-Nil,Slice Minya,Pizza,3,351 EGP,0,Cash,C087,Motorcycle,0.7,18,20,29,5,U0707,Delivered,,1
ORD00419,1/20/2025 19:39,Minya,El-Gamaa,Tamara Sweets,Desserts,6,372,0,Cash,C001,Motorcycle,6,4,35,32,4,U1097,Delivered,,1
ORD02752,6/14/2025 14:31,minya,Corniche El-Nil,Sheikh El-Balad,Grills,2,262 EGP,0,Cash,C050,Tuk-tuk,3.2,32,25,37,4,U1123,Delivered,,0
ORD02665,2/7/2025 14:04,Minya,Abu Helal,Sheikh El-Balad,Grills,1,148 EGP,0,Cash,C037,Motorcycle,2.1,32,25,42,4,U0130,Delivered,,0
ORD01526,5/15/2025 17:00,Abu Qurqas,Abu Qurqas,Foul El-Mahatta,Egyptian,6,308 EGP,0,Cash,C007,Motorcycle,16.5,13,55,,,U0291,Cancelled,gate closed,
ORD00529,7/5/2025 20:44,abu qurqas,Abu Qurqas,Forno Nile,Pizza,1,EGP 109,0,Wallet,C044,Tuk-tuk,14.7,23,50,85,,U0123,Delivered,,0
ORD01804,3/6/2025 12:11,Abu Qurqas,Abu Qurqas,Bites Burger,Burgers,6,EGP 300,0,Wallet,C043,Tuk-tuk,15.3,22,55,78,4,U1211,Delivered,,0
ORD03060,17/05/2025 13:39,El-Minya,Abu Helal,Sheikh El-Balad,Grills,1,135,0,Card,C108,Bicycle,4.8,31,30,48,,U0536,Delivered,,0
ORD02164,6/8/2025 18:36,MINYA,Ard Sultan,Basbousa Bar,Desserts,2,EGP 155,26,Card,C106,Motorcycle,4.1,9,30,14,4,U0927,Delivered,,1
ORD03645,13/01/2025 14:26,minya,Abu Helal,Pizza Roma,Pizza,5,480 EGP,0,Cash,C006,Motorcycle,3.4,24,30,24,5,U0530,Delivered,,1
ORD00369,2/11/2025 17:38,Minya,Shalaby,Koshary El-Sheikh,Egyptian,6,263 EGP,0,Cash,C079,Tuk-tuk,5,4,30,24,5,U0774,Delivered,,1
ORD03093,28/02/2025 19:49,Minya,Shalaby,Bahary Corner,Fish,3,EGP 593,67,Card,C073,Bicycle,4.9,33,30,76,,U0504,Delivered,,0
ORD01860,12/3/2025 21:51,Minya,Nazlet Hussein,Farag Kebab,Grills,2,277,66,Card,C067,Motorcycle,7.9,26,35,66,3,U1494,Delivered,,0
ORD02940,5/31/2025 22:15, Minya,Corniche El-Nil,Sheikh El-Balad,Grills,6,583 EGP,0,Cash,C099,Motorcycle,2.7,26,25,37,4,U1356,Delivered,,1
ORD02346,5/19/2025 13:43,New Minya,New Minya,Bites Burger,Burgers,3,241 EGP,0,Cash,C078,Bicycle,11.6,16,45,94,2,U0721,Delivered,,0
ORD00818,1/5/2025 18:14,El-Minya,El-Sahel,Basbousa Bar,Desserts,6,327 EGP,68,Card,C025,Tuk-tuk,3.5,12,30,18,,U0175,Delivered,,0
ORD04131,6/8/2025 13:27,Minya,Nazlet Hussein,Bahary Corner,Fish,3,489,0,Card,C100,Motorcycle,4.8,32,30,46,,U1183,Delivered,,1
ORD00405,2/7/2025 19:01,minya,El-Sahel,El-Dawar,Egyptian,6,337,35,Cash,C038,Motorcycle,2.7,11,25,39,,U0763,Delivered,,0
ORD03262,2/14/2025 20:29,New Minya,New Minya,Slice Minya,Pizza,2,EGP 203,0,Card,C035,Motorcycle,12.7,17,45,66,4,U0034,Delivered,,1
ORD01725,26/04/2025 22:39,El Minya,El-Mahatta,Koshary El-Sheikh,Egyptian,4,133 EGP,0,Cash,C049,Motorcycle,3.4,5,30,8,5,U0062,Delivered,,0
ORD01926,4/9/2025 13:51,Minya,Ard Sultan,Sultan Grill,Grills,4,697 EGP,0,Cash,C012,Bicycle,3.7,19,30,39,5,U0395,Delivered,,1
ORD02053,3/13/2025 21:05,Abu Qorqas,Abu Qurqas,El-Dawar,Egyptian,3,191,0,Cash,C063,Bicycle,17.1,17,55,142,1,U0111,Delivered,,0
ORD04135,18/01/2025 12:28,minya,Shalaby,Slice Minya,Pizza,1,113 EGP,19,Cash,C066,Tuk-tuk,4,17,30,28,4,U0038,Delivered,,1
ORD02059,5/26/2025 20:03,Abu Qurqas,Abu Qurqas,Foul El-Mahatta,Egyptian,4,249 EGP,0,Wallet,C105,Motorcycle,16,9,55,55,5,U1033,Delivered,,1
ORD02658,1/1/2025 20:15,minya,El-Gamaa,Crispy House,Burgers,1,64,11,Cash,C068,Motorcycle,5.9,10,35,35,5,U0396,Delivered,,1
ORD01141,5/29/2025 19:46,NEW MINYA,New Minya,Tamara Sweets,Desserts,1,EGP 79,9,Cash,C014,Bicycle,10.5,6,45,87,2,U1416,Delivered,,0
ORD01270,4/1/2025 19:32,Minya,El-Mahatta,El-Nil Fish,Fish,2,EGP 322,79,Wallet,C082,Motorcycle,3.7,19,30,37,,U0096,Delivered,,1
ORD03815,5/19/2025 19:54,Minya,El-Sahel,Foul El-Mahatta,Egyptian,4,239,16,Cash,C012,Motorcycle,3.1,11,25,24,5,U1123,Delivered,,1
ORD02868,6/19/2025 19:28,minya,Ard Sultan,Forno Nile,Pizza,1,112 EGP,18,Cash,C084,Bicycle,2.6,29,25,48,3,U0246,Delivered,,0
ORD00508,4/16/2025 22:19,MINYA,Corniche El-Nil,Bahary Corner,Fish,3,358 EGP,27,Cash,C097,Bicycle,3.1,29,25,49,,U1429,Delivered,,0
ORD03944,22/05/2025 22:49,Minya,Wast El-Balad,Pizza Roma,Pizza,1,112,0,Cash,C103,Motorcycle,3.7,22,30,18,4,U0903,Delivered,,1
ORD02279,4/7/2025 23:59,minya,Shalaby,Pizza Roma,Pizza,4,424,68,Cash,C001,Tuk-tuk,6.6,16,35,41,4,U0839,Delivered,,0
ORD02862,4/21/2025 20:29,Minya,Shalaby,Forno Nile,Pizza,5,456,50,Card,C021,Motorcycle,2.7,29,25,40,,U1478,Delivered,,1
ORD03611,29/04/2025 14:54,Minya,Ard Sultan,Burger Corniche,Burgers,2,196 EGP,26,Cash,C081,Tuk-tuk,2.7,16,25,26,5,U0139,Delivered,,1
ORD03951,2/25/2025 12:28,MINYA,Nazlet Hussein,Crispy House,Burgers,6,506 EGP,0,Card,C065,Motorcycle,6.4,13,35,17,5,U0028,Delivered,,0
ORD02854,10/6/2025 13:03,Minya,Wast El-Balad,Bites Burger,Burgers,5,393,0,Wallet,C097,Tuk-tuk,1.8,17,25,25,4,U0571,Delivered,,1
ORD04036,4/3/2025 19:36,Minya,Corniche El-Nil,Foul El-Mahatta,Egyptian,5,169 EGP,0,Card,C053,Tuk-tuk,0.8,9,20,26,4,U0783,Delivered,,0
ORD02608,5/19/2025 19:10,Menia,Wast El-Balad,Farag Kebab,Grills,2,EGP 200,0,Wallet,C001,Motorcycle,2,24,25,40,4,U0067,Delivered,,1
ORD01477,2/10/2025 17:24,Minya,Wast El-Balad,Tamara Sweets,Desserts,6,261,0,Card,C074,Motorcycle,2.2,7,25,16,4,U0645,Delivered,,1
ORD00270,4/5/2025 22:41,Minya,El-Gamaa,Foul El-Mahatta,Egyptian,3,156,25,Cash,C056,Motorcycle,4.9,11,30,18,5,U0993,Delivered,,1
ORD02006,2/2/2025 12:43,El Minya,Wast El-Balad,El-Dawar,Egyptian,1,EGP 56,9,Card,C110,Tuk-tuk,1.6,8,25,15,5,U1124,Delivered,,1
ORD03515,3/6/2025 20:06,Minya,Corniche El-Nil,El-Abd Minya,Desserts,6,329,28,Card,C096,Bicycle,3.4,6,30,33,5,U1488,Delivered,,1
ORD02693,5/18/2025 18:38,Minya ,El-Sahel,Pizza Roma,Pizza,5,EGP 683,0,Cash,C104,Motorcycle,3.8,21,30,26,5,U1253,Delivered,,1
ORD01705,2/4/2025 14:03,Minya,Corniche El-Nil,El-Dawar,Egyptian,3,97 EGP,13,Cash,C106,Motorcycle,2.4,13,25,15,,U1402,Delivered,customer not answering,1
ORD03822,5/22/2025 19:31,New Minya,New Minya,Forno Nile,Pizza,6,EGP 698,171,Cash,C027,Bicycle,11.8,28,45,125,,U1335,Delivered,,0
ORD02534,4/18/2025 17:13,abu qurqas,Abu Qurqas,Slice Minya,Pizza,3,EGP 227,0,Cash,C106,Motorcycle,15.5,21,55,60,5,U1178,Delivered,,1
ORD01464,5/25/2025 22:35, Minya,Wast El-Balad,El-Abd Minya,Desserts,6,410 EGP,0,Cash,C063,Motorcycle,3.7,7,30,19,5,U1249,Delivered,,1
ORD01507,6/28/2025 19:51,Abu Qorqas,Abu Qurqas,Samak El-Balad,Fish,5,551,114,Card,C075,Tuk-tuk,16,23,55,84,2,U0634,Delivered,,0
ORD00061,26/02/2025 17:39,MINYA,Abu Helal,Samak El-Balad,Fish,5,842 EGP,106,Cash,C037,Bicycle,2.4,23,25,34,5,U0528,Delivered,,1
ORD03587,3/18/2025 15:38,Minya,El-Mahatta,Om Ali House,Desserts,3,195 EGP,0,Wallet,C021,Bicycle,3,13,25,28,5,U0709,Delivered,,1
ORD01863,1/3/2025 14:43,Minya,Shalaby,Om Ali House,Desserts,3,157,0,Cash,C005,Motorcycle,5.4,5,30,11,4,U0084,Delivered,,1
ORD01751,1/5/2025 21:10,Minya,Ard Sultan,Slice Minya,Pizza,2,223,0,Card,C110,Motorcycle,2.3,14,25,33,5,U0868,Delivered,,1
ORD01601,6/12/2025 12:03, Minya,Abu Helal,Farag Kebab,Grills,4,463,0,Wallet,C045,Bicycle,4,19,30,45,5,U0917,Delivered,,1
ORD00122,16/01/2025 21:43,MINYA,Wast El-Balad,Sheikh El-Balad,Grills,4,513 EGP,67,Card,C070,Bicycle,4.2,27,30,51,5,U0439,Delivered,,0
ORD02288,1/7/2025 18:54,Minya,Shalaby,Crispy House,Burgers,4,440 EGP,0,Card,C095,Motorcycle,3.2,15,25,20,5,U0547,Delivered,,1
ORD01711,4/5/2025 21:18,El Minya,El-Sahel,El-Nil Fish,Fish,1,177 EGP,34,Wallet,C057,Motorcycle,2.2,22,25,43,4,U0087,Delivered,,1
ORD03962,2/11/2025 14:01,Minya,El-Mahatta,Om Ali House,Desserts,1,EGP 57,0,Card,C085,Motorcycle,4.3,10,30,26,5,U0871,Delivered,,1
ORD00687,16/04/2025 18:20,Minya ,Wast El-Balad,Tamara Sweets,Desserts,6,220,43,Cash,C080,Bicycle,1.7,4,25,6,4,U1493,Delivered,,0
ORD03837,6/10/2025 19:33,Minya,Abu Helal,Forno Nile,Pizza,3,270,0,Wallet,C001,Tuk-tuk,4.2,30,30,60,2,U1038,Delivered,,0
ORD00075,25/03/2025 12:52,abu qurqas,Abu Qurqas,Slice Minya,Pizza,3,405,0,Cash,C037,Motorcycle,14.6,7,50,36,5,U0311,Delivered,address unclear,0
ORD00362,18/02/2025 20:27,Minya,Corniche El-Nil,Bahary Corner,Fish,4,642,76,Cash,C019,Motorcycle,1.5,34,25,44,5,U0820,Delivered,,1
ORD01658,1/13/2025 22:17,Minya,Abu Helal,Samak El-Balad,Fish,3,476 EGP,0,Wallet,C110,Motorcycle,3.2,21,25,34,5,U1167,Delivered,,0
ORD01425,3/18/2025 19:28, Minya,Abu Helal,El-Dawar,Egyptian,6,EGP 260,0,Card,C081,Motorcycle,3.1,16,25,35,5,U0509,Delivered,customer not answering,1
ORD02045,6/4/2025 16:29,El-Minya,Shalaby,El-Abd Minya,Desserts,5,EGP 291,0,Card,C100,Tuk-tuk,4.5,7,30,22,5,U0925,Delivered,,1
ORD01096,5/14/2025 12:00,El Minya,Nazlet Hussein,Forno Nile,Pizza,6,403,0,Card,C063,Motorcycle,5.8,35,35,46,,U1285,Delivered,,1
ORD01454,3/2/2025 17:57,Minya,Wast El-Balad,Sultan Grill,Grills,1,143,24,Cash,C054,Tuk-tuk,2.3,20,25,32,3,U1251,Delivered,,1
ORD00838,23/02/2025 12:29,Minya,Wast El-Balad,El-Dawar,Egyptian,4,EGP 197,0,Cash,C025,Motorcycle,2.2,12,25,20,5,U0686,Delivered,,0
ORD03937,3/31/2025 20:14,Minya,Wast El-Balad,Forno Nile,Pizza,4,211 EGP,39,Wallet,C050,Motorcycle,1.2,31,25,36,3,U1066,Delivered,,0
ORD01312,21/05/2025 20:22,Minya,Ard Sultan,Om Ali House,Desserts,2,EGP 78,7,Cash,C051,Tuk-tuk,2.9,13,25,34,5,U0190,Delivered,,0
ORD01518,11/1/2025 20:38,Minya,El-Mahatta,Burger Corniche,Burgers,3,153 EGP,10,Wallet,C105,Bicycle,1.6,13,25,27,4,U0284,Delivered,,1
ORD02471,4/22/2025 20:57,Minya,Wast El-Balad,Crispy House,Burgers,5,388,0,Cash,C002,Motorcycle,1.3,15,25,40,,U0248,Delivered,,1
ORD01080,6/28/2025 21:43,MINYA,El-Mahatta,Tamara Sweets,Desserts,3,108 EGP,0,Wallet,C077,Motorcycle,1.8,6,25,27,3,U0219,Delivered,,1
ORD01385,3/3/2025 22:33,Minya,Shalaby,Bahary Corner,Fish,3,425 EGP,0,Cash,C030,Motorcycle,4.4,29,30,0,5,U0643,Delivered,,1
ORD00512,6/10/2025 15:12,Minya,El-Mahatta,Basbousa Bar,Desserts,2,127 EGP,0,Cash,C057,Tuk-tuk,3.2,10,25,20,5,U1200,Delivered,,1
ORD00963,5/10/2025 21:09,Minya ,El-Gamaa,Sheikh El-Balad,Grills,3,548,0,Cash,C032,Bicycle,5.2,31,30,73,3,U1157,Delivered,,0
ORD04085,30/06/2025 21:09,Minya,Abu Helal,Bites Burger,Burgers,5,380 EGP,38,Wallet,C005,Tuk-tuk,2.5,15,25,44,,U0420,Delivered,,0
ORD00940,4/21/2025 19:53,Minya,Corniche El-Nil,Foul El-Mahatta,Egyptian,5,EGP 271,0,Wallet,C065,Bicycle,2.3,9,25,36,4,U1051,Delivered,,1
ORD03481,3/28/2025 19:30,NEW MINYA,New Minya,Om Ali House,Desserts,3,177 EGP,24,Cash,C058,Motorcycle,10.6,5,45,50,,U1318,Delivered,,1
ORD01540,1/22/2025 18:47, Minya,Ard Sultan,Sheikh El-Balad,Grills,3,EGP 450,0,Card,C035,Motorcycle,3.7,31,30,39,,U1179,Delivered,,1
ORD00474,4/15/2025 15:18,minya,El-Sahel,Burger Corniche,Burgers,3,EGP 294,0,Cash,C081,Motorcycle,5.7,15,30,38,5,U1160,Delivered,,0
ORD01911,3/15/2025 18:25,El-Minya,El-Gamaa,Tamara Sweets,Desserts,4,226 EGP,18,Card,C081,Motorcycle,5.7,17,30,29,4,U1166,Delivered,,1
ORD03583,3/30/2025 23:00,MINYA,Nazlet Hussein,Foul El-Mahatta,Egyptian,3,130,25,Cash,C019,Bicycle,7.4,9,35,52,4,U0412,Delivered,,1
ORD00296,3/20/2025 14:16,Minya,El-Mahatta,Sultan Grill,Grills,2,344 EGP,0,Card,C043,Tuk-tuk,0.6,19,20,27,4,U0836,Delivered,,1
ORD01595,13/03/2025 13:51, Minya,El-Gamaa,El-Dawar,Egyptian,4,263 EGP,55,Card,C022,Motorcycle,5.1,13,30,25,5,U0595,Delivered,,0
ORD01563,2/4/2025 12:57,New Minya,New Minya,Sultan Grill,Grills,4,300 EGP,0,Cash,C050,Tuk-tuk,10.8,13,45,46,5,U0334,Delivered,,0
ORD02423,1/5/2025 21:57,New Minya,New Minya,Forno Nile,Pizza,1,117 EGP,0,Cash,C049,Motorcycle,10.5,24,45,55,4,U0365,Delivered,,1
ORD01314,5/2/2025 23:27,Minya ,El-Sahel,Bites Burger,Burgers,5,237 EGP,57,Cash,C045,Motorcycle,4.6,14,30,26,4,U0185,Delivered,,1
ORD04021,5/14/2025 20:07,Minya,Corniche El-Nil,El-Abd Minya,Desserts,4,EGP 170,0,Wallet,C082,Tuk-tuk,1,10,25,22,,U1252,Delivered,,1
ORD01016,4/30/2025 19:15,Abu Qurqas,Abu Qurqas,Slice Minya,Pizza,2,236,0,Card,C107,Bicycle,15.4,18,55,140,1,U0192,Delivered,,0
ORD00223,3/17/2025 23:08,Minya,Ard Sultan,Forno Nile,Pizza,5,541 EGP,0,Cash,C021,Bicycle,3.2,30,25,42,4,U1063,Delivered,,1
ORD01486,2/26/2025 18:09,New Minya,New Minya,Om Ali House,Desserts,2,EGP 147,0,Cash,C110,Motorcycle,10.4,11,40,37,4,U0770,Delivered,,0
ORD02390,29/04/2025 21:50,MINYA,El-Gamaa,Sheikh El-Balad,Grills,1,157,0,Cash,C063,Motorcycle,5.4,29,30,46,4,U0538,Delivered,,0
ORD01253,6/8/2025 19:43,Minya,Abu Helal,Bites Burger,Burgers,4,508,62,Card,C101,Motorcycle,3.5,16,30,31,,U1287,Delivered,,1
ORD02173,1/23/2025 20:07,Minya,Abu Helal,Sheikh El-Balad,Grills,3,529 EGP,0,Card,C079,Motorcycle,4.8,32,30,46,,U0711,Delivered,,0
ORD02151,22/03/2025 23:34,El-Minya,Ard Sultan,El-Dawar,Egyptian,4,198 EGP,0,Cash,C092,Motorcycle,3.2,15,25,26,5,U1485,Delivered,,1
ORD04090,3/24/2025 23:24,El-Minya El-Gedida,New Minya,Farag Kebab,Grills,4,372 EGP,67,Cash,C095,Tuk-tuk,10.1,19,40,48,5,U1027,Delivered,,1
ORD02105,2/20/2025 15:37,Minya,El-Gamaa,Sultan Grill,Grills,3,374 EGP,0,Card,C082,Tuk-tuk,6.4,20,35,35,4,U1452,Delivered,,0
ORD02738,1/10/2025 23:37,Minya,Ard Sultan,Slice Minya,Pizza,3,EGP 339,0,Cash,C094,Bicycle,1.8,19,25,21,5,U1391,Delivered,re-assigned,0
ORD03362,3/12/2025 13:11,El-Minya,Ard Sultan,Samak El-Balad,Fish,4,EGP 688,0,Cash,C094,Motorcycle,4.1,17,30,32,5,U0394,Delivered,,1
ORD00447,6/6/2025 19:43,Minya,Abu Helal,Forno Nile,Pizza,4,503 EGP,0,Card,C086,Tuk-tuk,0.7,24,20,31,3,U0896,Delivered,,0
ORD01520,3/23/2025 11:21,Minya,El-Sahel,Crispy House,Burgers,2,138,0,Card,C045,Motorcycle,5.4,8,30,22,5,U0436,Delivered,,1
ORD03596,2/25/2025 13:42,new minya,New Minya,Sultan Grill,Grills,1,184,0,Wallet,C035,Motorcycle,10.9,16,45,,,U1116,Cancelled,,
ORD02945,5/1/2025 14:07,Minya,Corniche El-Nil,Hadouta Masreya,Egyptian,6,287,0,Card,C020,Tuk-tuk,2.6,17,25,31,4,U0888,Delivered,,1
ORD01840,3/29/2025 13:34,Minya,Abu Helal,Sheikh El-Balad,Grills,2,316,0,Wallet,C070,Motorcycle,1.2,36,25,41,5,U0341,Delivered,,1
ORD02391,2/28/2025 14:09,Menia,El-Mahatta,Bites Burger,Burgers,4,EGP 388,0,Cash,C107,Motorcycle,3.3,11,25,19,5,U0610,Delivered,,0
ORD03380,3/8/2025 15:33,Minya,Abu Helal,Sheikh El-Balad,Grills,4,715 EGP,0,Card,C040,Motorcycle,5,24,30,43,4,U1050,Delivered,,0
ORD02314,6/23/2025 12:30,Menia,El-Mahatta,Sheikh El-Balad,Grills,1,123,20,Wallet,C017,Bicycle,2.6,31,25,37,4,U0269,Delivered,,1
ORD02071,4/25/2025 22:00,Minya,El-Sahel,Slice Minya,Pizza,1,109 EGP,10,Cash,C060,Tuk-tuk,4.8,15,30,24,5,U0227,Delivered,,1
ORD02529,2/14/2025 17:12,Minya,Shalaby,Koshary El-Sheikh,Egyptian,6,399 EGP,0,Card,C014,Motorcycle,4.1,18,30,34,5,U0561,Delivered,,0
ORD00135,4/5/2025 19:03,Minya,El-Mahatta,Crispy House,Burgers,3,269,27,Cash,C061,Motorcycle,0.8,10,20,21,5,U0450,Delivered,,1
ORD03209,1/19/2025 21:40,Menia,Corniche El-Nil,Burger Corniche,Burgers,4,EGP 394,23,Cash,C038,Tuk-tuk,1.5,16,25,30,5,U0493,Delivered,,1
ORD04011,3/7/2025 12:30,El Minya,Wast El-Balad,Koshary El-Sheikh,Egyptian,1,59 EGP,9,Card,C092,Motorcycle,1.5,10,25,17,4,U0628,Delivered,re-assigned,1
ORD02425,2/10/2025 14:56,Minya,Corniche El-Nil,Sheikh El-Balad,Grills,4,585 EGP,0,Cash,C084,Motorcycle,2.1,28,25,27,5,U1072,Delivered,,1
ORD03319,12/5/2025 11:11,Minya ,Wast El-Balad,Om Ali House,Desserts,6,EGP 312,57,Cash,C081,Motorcycle,1.9,14,25,14,4,U1197,Delivered,,0
ORD01376,4/20/2025 19:57,New Minya,New Minya,Hadouta Masreya,Egyptian,2,EGP 139,0,Card,C054,Tuk-tuk,11.3,7,45,53,5,U0068,Delivered,,1
ORD03224,2/6/2025 20:08,El Minya,Nazlet Hussein,Hadouta Masreya,Egyptian,5,246,0,Card,C024,Motorcycle,6.6,14,35,43,4,U0307,Delivered,,1
ORD03901,3/22/2025 16:44,Minya,Nazlet Hussein,Sultan Grill,Grills,2,EGP 264,0,Card,C106,Motorcycle,6.4,24,35,38,,U1190,Delivered,,0
ORD00906,6/14/2025 21:07,minya,Abu Helal,Pizza Roma,Pizza,6,EGP 437,0,Wallet,C074,Bicycle,3.9,20,30,48,4,U0460,Delivered,,1
ORD01941,5/8/2025 20:50,Minya,Wast El-Balad,Hadouta Masreya,Egyptian,6,267,62,Wallet,C095,Motorcycle,0.6,10,20,29,5,U0654,Delivered,,1
ORD00737,4/13/2025 22:18,El-Minya,Corniche El-Nil,El-Nil Fish,Fish,4,511,0,Card,C031,Motorcycle,4.6,27,30,36,4,U1422,Delivered,,0
ORD01251,19/03/2025 16:03,El-Minya El-Gedida,New Minya,Slice Minya,Pizza,1,104,0,Cash,C044,Motorcycle,11.1,15,45,41,4,U1166,Delivered,,0
ORD00965,4/17/2025 19:49,El-Minya,El-Sahel,Samak El-Balad,Fish,3,278 EGP,67,Cash,C012,Motorcycle,5.4,24,30,39,3,U0505,Delivered,,1
ORD03074,2/5/2025 13:49,Minya,Corniche El-Nil,Bahary Corner,Fish,2,EGP 264,0,Cash,C039,Motorcycle,1.8,35,25,42,4,U1441,Delivered,,0
ORD01049,5/21/2025 19:49,minya,El-Mahatta,Crispy House,Burgers,3,"2,076",0,Card,C047,Motorcycle,3.9,14,30,36,4,U0661,Delivered,,1
ORD03110,2/8/2025 19:29,El Minya,Corniche El-Nil,Farag Kebab,Grills,3,332 EGP,0,Card,C110,Motorcycle,0.6,30,20,42,,U0088,Delivered,,0
ORD02556,2/28/2025 14:50,El Minya,Abu Helal,Forno Nile,Pizza,4,384 EGP,0,Card,C077,Motorcycle,2.6,31,25,32,5,U0894,Delivered,,1
ORD02758,3/16/2025 17:01,minya,Ard Sultan,Crispy House,Burgers,2,EGP 142,17,Card,C008,Motorcycle,3.8,16,30,19,5,U0084,Delivered,,0
ORD02329,1/25/2025 17:29,Minya,El-Gamaa,Bahary Corner,Fish,1,150 EGP,17,Card,C047,Motorcycle,4.1,33,30,42,4,U0387,Delivered,,1
ORD02606,3/7/2025 18:57,Minya,Corniche El-Nil,Bites Burger,Burgers,2,164,39,Cash,C003,Motorcycle,1.1,17,25,25,,U0695,Delivered,address unclear,1
ORD03138,4/28/2025 19:52,Minya,El-Gamaa,Bites Burger,Burgers,4,362 EGP,0,Card,C107,Motorcycle,6.4,15,35,44,3,U1267,Delivered,,0
ORD03816,5/16/2025 11:02,Minya,Nazlet Hussein,Sultan Grill,Grills,3,525,33,Card,C036,Motorcycle,4.8,20,30,34,5,U0600,Delivered,,1
ORD00472,5/1/2025 22:00,Menia,El-Gamaa,Koshary El-Sheikh,Egyptian,2,EGP 92,0,Cash,C108,Bicycle,7.1,13,35,55,,U1103,Delivered,,0
ORD00618,3/26/2025 20:16,Minya,El-Mahatta,Basbousa Bar,Desserts,5,336 EGP,21,Wallet,C093,Motorcycle,2.8,13,25,27,5,U0237,Delivered,,1
ORD01858,2/8/2025 15:57,El-Minya,Abu Helal,Koshary El-Sheikh,Egyptian,5,152,8,Cash,C062,Motorcycle,4.1,11,30,22,4,U0641,Delivered,,1
ORD01446,6/20/2025 17:50,Minya ,El-Mahatta,El-Nil Fish,Fish,3,411,0,Cash,C060,Motorcycle,2.1,30,25,34,5,U0072,Delivered,,0
ORD02765,2/26/2025 20:11,Minya,Ard Sultan,Koshary El-Sheikh,Egyptian,6,EGP 293,0,Cash,C029,Motorcycle,5.5,10,30,38,5,U1394,Delivered,,1
ORD00125,25/02/2025 13:44, Abu Qurqas,Abu Qurqas,Basbousa Bar,Desserts,5,271,0,Cash,C006,Motorcycle,18.6,15,60,56,4,U1453,Delivered,,1
ORD03204,1/26/2025 22:46,El Minya,El-Mahatta,El-Nil Fish,Fish,4,572 EGP,0,Card,C034,Motorcycle,2.1,21,25,18,5,U0950,Delivered,,0
ORD01220,1/18/2025 15:22,Minya,Nazlet Hussein,Koshary El-Sheikh,Egyptian,4,147 EGP,0,Cash,C054,Tuk-tuk,7.1,5,35,29,4,U1390,Delivered,,1
ORD03793,5/29/2025 13:11,Minya,El-Sahel,Om Ali House,Desserts,4,198,0,Cash,C039,Tuk-tuk,4.2,7,30,25,5,U0660,Delivered,,1
ORD00337,21/06/2025 18:20,Menia,El-Sahel,Om Ali House,Desserts,3,142 EGP,0,Card,C018,Bicycle,4.7,11,30,35,4,U0954,Delivered,,1
ORD01967,21/03/2025 22:14,New Minya,New Minya,Om Ali House,Desserts,3,227 EGP,0,Cash,C055,Bicycle,10.3,7,40,75,3,U0979,Delivered,,0
ORD02360,1/27/2025 18:14,Minya,El-Sahel,El-Abd Minya,Desserts,3,EGP 164,0,Card,C039,Motorcycle,4.6,4,30,11,5,U0903,Delivered,,0
ORD02770,4/22/2025 21:34,Minya,Ard Sultan,Forno Nile,Pizza,1,EGP 98,16,Cash,C007,Motorcycle,4.4,25,30,47,4,U0603,Delivered,,1
ORD02253,10/6/2025 21:26,Minya,Abu Helal,El-Dawar,Egyptian,1,58,0,Cash,C074,Motorcycle,1.5,8,25,17,5,U1341,Delivered,,1
ORD01321,3/30/2025 21:35,Minya,Abu Helal,Om Ali House,Desserts,3,147 EGP,36,Wallet,C088,Tuk-tuk,3.3,4,25,26,4,U0253,Delivered,,0
ORD00702,2/4/2025 17:28,El Minya,Wast El-Balad,El-Dawar,Egyptian,3,186,0,Card,C041,Motorcycle,2.6,6,25,10,5,U1335,Delivered,,1
ORD00335,1/19/2025 18:32,Minya,Corniche El-Nil,Sheikh El-Balad,Grills,6,730 EGP,112,Cash,C067,Motorcycle,3.8,32,30,46,,U1323,Delivered,,0
ORD02996,28/03/2025 15:10,Menia,Abu Helal,El-Nil Fish,Fish,4,820 EGP,0,Card,C052,Bicycle,4.3,23,30,48,5,U0117,Delivered,re-assigned,1
ORD02023,5/1/2025 15:49,minya,Wast El-Balad,Farag Kebab,Grills,3,EGP 232,0,Card,C074,Tuk-tuk,2.6,28,25,36,4,U0334,Delivered,customer not answering,1
ORD01694,1/23/2025 20:30,Minya,El-Mahatta,Farag Kebab,Grills,4,EGP 771,0,Card,C105,Motorcycle,2.1,19,25,27,5,U0473,Delivered,,0
ORD03326,1/26/2025 20:44,Abu Qurqas,Abu Qurqas,Burger Corniche,Burgers,4,336,0,Card,C064,Motorcycle,15.7,14,55,74,3,U0929,Delivered,,0
ORD02266,5/29/2025 20:21,Abu Qurqas,Abu Qurqas,El-Nil Fish,Fish,5,884,0,Cash,C003,Tuk-tuk,16.1,17,55,83,,U1408,Delivered,,0
ORD00132,2/27/2025 13:29,Minya,Corniche El-Nil,Sultan Grill,Grills,6,764 EGP,0,Cash,C012,Motorcycle,1.4,23,25,,,U0598,Cancelled,,
ORD02721,3/4/2025 12:37,MINYA,Nazlet Hussein,Pizza Roma,Pizza,2,162,24,Card,C008,Motorcycle,8.3,21,40,48,4,U0917,Delivered,,1
ORD02265,5/25/2025 15:21,Minya,El-Sahel,Bahary Corner,Fish,6,EGP 704,129,Card,C043,Motorcycle,3.7,39,30,40,,U1366,Delivered,,1
ORD00056,1/1/2025 19:34,Minya,Nazlet Hussein,Foul El-Mahatta,Egyptian,1,77,0,Cash,C100,Motorcycle,4.6,15,30,,,U1426,Cancelled,,
ORD00733,1/28/2025 19:18,El Minya,Wast El-Balad,Farag Kebab,Grills,1,146 EGP,0,Cash,C096,Bicycle,1.8,15,25,34,4,U1483,Delivered,,1
ORD01481,4/16/2025 15:32, Minya,Abu Helal,El-Dawar,Egyptian,3,EGP 163,0,Cash,C043,Tuk-tuk,3.3,10,25,20,5,U0899,Delivered,,1
ORD02139,5/9/2025 19:38,MINYA,Corniche El-Nil,Koshary El-Sheikh,Egyptian,5,312 EGP,0,Cash,C103,Motorcycle,2.3,15,25,31,4,U0980,Delivered,,0
ORD02995,6/27/2025 13:21,New Minya,New Minya,Pizza Roma,Pizza,5,EGP 605,0,Wallet,C007,Bicycle,12,16,45,91,3,U1193,Delivered,,0
ORD02236,5/5/2025 22:23,Menia,Wast El-Balad,Farag Kebab,Grills,2,265 EGP,66,Cash,C045,Tuk-tuk,1.8,23,25,31,5,U1314,Delivered,,1
ORD02157,1/18/2025 17:12, Abu Qurqas,Abu Qurqas,Sheikh El-Balad,Grills,6,"1,042",243,Cash,C073,Motorcycle,17.7,30,60,69,,U0676,Delivered,,0
ORD01167,20/02/2025 15:38,Abu Qurqas,Abu Qurqas,Burger Corniche,Burgers,1,102,0,Cash,C026,Bicycle,16.4,17,55,,,U0662,Cancelled,,
ORD01082,1/21/2025 20:12,Minya,El-Sahel,Samak El-Balad,Fish,3,486,0,Cash,C013,Motorcycle,4.4,27,30,40,4,U0807,Delivered,,0
ORD03471,3/31/2025 20:09,Minya,Shalaby,Bahary Corner,Fish,2,289 EGP,0,Cash,C020,Motorcycle,2.3,32,25,45,3,U1392,Delivered,,0
ORD01054,6/8/2025 20:21,Menia,El-Mahatta,El-Abd Minya,Desserts,5,197,0,Cash,C048,Tuk-tuk,3.5,4,30,28,5,U0547,Delivered,,1
ORD01362,3/20/2025 19:22,New Minya,New Minya,Forno Nile,Pizza,1,88 EGP,0,Cash,C024,Tuk-tuk,13.1,26,50,82,4,U0764,Delivered,,1
ORD01800,2/20/2025 13:04,Minya,El-Mahatta,El-Dawar,Egyptian,4,185 EGP,0,Cash,C100,Bicycle,3.6,4,30,23,,U0689,Delivered,,1
ORD02949,14/05/2025 14:10,minya,El-Gamaa,Burger Corniche,Burgers,5,EGP 306,0,Cash,C064,Motorcycle,6.3,13,35,29,4,U0452,Delivered,,1
ORD01692,21/04/2025 20:55,El-Minya,El-Gamaa,Bahary Corner,Fish,3,538,0,Cash,C011,Bicycle,5.7,31,30,62,3,U0298,Delivered,,0
ORD03432,30/05/2025 20:44,Minya ,El-Mahatta,Basbousa Bar,Desserts,5,EGP 307,52,Cash,C074,Motorcycle,1.7,11,25,30,4,U0632,Delivered,,0
ORD03576,6/6/2025 18:24,Minya,Ard Sultan,Tamara Sweets,Desserts,1,54 EGP,0,Cash,C011,Motorcycle,4,9,30,15,,U0774,Delivered,,0
ORD03632,24/03/2025 20:22,Menia,El-Gamaa,Sheikh El-Balad,Grills,6,EGP 957,0,Card,C065,Tuk-tuk,4.8,30,30,57,3,U0270,Delivered,,0
ORD00881,1/10/2025 17:47,Minya,Wast El-Balad,Bahary Corner,Fish,4,507 EGP,72,Cash,C040,Motorcycle,0.6,29,20,28,4,U0215,Delivered,,0
ORD00148,6/13/2025 18:04,Abu Qurqas,Abu Qurqas,Koshary El-Sheikh,Egyptian,6,275 EGP,0,Cash,C067,Bicycle,15.2,10,50,109,,U1192,Delivered,gate closed,0
ORD04092,27/05/2025 19:15,Minya,Corniche El-Nil,Hadouta Masreya,Egyptian,1,EGP 52,6,Card,C044,Tuk-tuk,2.7,18,25,45,4,U1067,Delivered,,0
ORD00330,3/5/2025 23:45,Minya,El-Mahatta,Koshary El-Sheikh,Egyptian,1,67 EGP,0,Cash,C102,Bicycle,,7,25,27,4,U1421,Delivered,,0
ORD00981,28/06/2025 16:18,Minya,El-Mahatta,Koshary El-Sheikh,Egyptian,3,EGP 156,0,Cash,C103,Bicycle,0.7,10,20,12,5,U0753,Delivered,,1
ORD00879,6/9/2025 19:20,El Minya,Shalaby,El-Abd Minya,Desserts,6,363,51,Cash,C057,Tuk-tuk,2.2,13,25,37,4,U0955,Delivered,,0
ORD02691,5/25/2025 21:17,New Minya,New Minya,Sultan Grill,Grills,6,EGP 839,0,Card,C009,Motorcycle,13,17,50,59,,U0113,Delivered,,0
ORD03135,26/02/2025 18:39,Minya,El-Mahatta,Forno Nile,Pizza,5,438,0,Cash,C019,Tuk-tuk,3.2,35,25,52,4,U1399,Delivered,,1
ORD01598,4/8/2025 22:19,Minya ,El-Mahatta,Forno Nile,Pizza,5,399 EGP,93,Cash,C058,Tuk-tuk,0.7,28,20,35,,U1268,Delivered,,0
ORD03276,4/1/2025 17:35,Minya,Abu Helal,Sultan Grill,Grills,2,EGP 261,0,Cash,C067,Motorcycle,2.4,18,25,32,4,U0552,Delivered,,1
ORD03508,3/1/2025 14:52,El-Minya,Nazlet Hussein,Tamara Sweets,Desserts,2,109,0,Cash,C050,Motorcycle,5.9,8,35,18,5,U1191,Delivered,,1
ORD00212,5/2/2025 21:49,New Minya,New Minya,El-Dawar,Egyptian,6,251 EGP,41,Cash,C056,Motorcycle,9.4,15,40,42,5,U1384,Delivered,gate closed,1
ORD02108,3/8/2025 20:57, Minya,Abu Helal,Foul El-Mahatta,Egyptian,2,128 EGP,22,Cash,C039,Tuk-tuk,3.8,13,30,40,4,U0866,Delivered,,0
ORD00478,6/29/2025 21:40,Minya,El-Sahel,Burger Corniche,Burgers,1,108 EGP,0,Card,C057,Motorcycle,3.4,15,30,40,4,U1268,Delivered,,1
ORD03516,1/7/2025 14:56,Menia,Abu Helal,Foul El-Mahatta,Egyptian,6,216,35,Card,C019,Motorcycle,2.5,8,25,,,U1365,Cancelled,customer not answering,
ORD03731,6/12/2025 18:57,New Minya,New Minya,Burger Corniche,Burgers,6,EGP 451,0,Wallet,C106,Motorcycle,,14,40,40,5,U0390,Delivered,,1
ORD02585,6/15/2025 20:32,Abu Qorqas,Abu Qurqas,Tamara Sweets,Desserts,6,317 EGP,0,Card,C049,Motorcycle,16.4,7,55,54,5,U1334,Delivered,,0
ORD01886,26/04/2025 18:34,Minya,El-Gamaa,Basbousa Bar,Desserts,6,EGP 348,0,Cash,C040,Tuk-tuk,6.8,5,35,26,5,U1409,Delivered,gate closed,1
ORD03017,4/6/2025 21:17,MINYA,Abu Helal,Koshary El-Sheikh,Egyptian,1,65 EGP,0,Cash,C068,Motorcycle,3.5,10,30,16,5,U1383,Delivered,,1
ORD00812,27/02/2025 12:05,minya,Shalaby,Farag Kebab,Grills,2,250,60,Cash,C099,Tuk-tuk,4.4,20,30,40,4,U1161,Delivered,,0
ORD02257,3/30/2025 15:12,ABU QURQAS,Abu Qurqas,Foul El-Mahatta,Egyptian,6,304,0,Wallet,C086,Motorcycle,15.9,12,55,54,4,U0211,Delivered,,0
ORD02776,4/5/2025 19:07,Abu Qurqas,Abu Qurqas,Sultan Grill,Grills,1,127,0,Card,C056,Bicycle,17,18,55,137,1,U0330,Delivered,,0
ORD01421,4/7/2025 20:23,Abu Qurqas,Abu Qurqas,Burger Corniche,Burgers,5,423,0,Cash,C027,Bicycle,16.4,7,55,119,1,U0880,Delivered,,1
ORD03034,5/18/2025 17:09,Menia,El-Sahel,Forno Nile,Pizza,5,530 EGP,0,Card,C049,Tuk-tuk,5.4,26,30,41,,U1269,Delivered,,0
ORD02990,21/05/2025 13:15,Menia,El-Gamaa,Bahary Corner,Fish,6,"1,039",113,Wallet,C107,Motorcycle,6.9,29,35,46,4,U1499,Delivered,,0
ORD03079,3/14/2025 21:40,New Minya,New Minya,Om Ali House,Desserts,1,59,5,Wallet,C066,Tuk-tuk,10.6,9,45,63,3,U1191,Delivered,,0
ORD00686,4/23/2025 16:28,Minya,Shalaby,Slice Minya,Pizza,6,EGP 585,0,Cash,C064,Motorcycle,2.6,11,25,14,5,U0783,Delivered,,1
ORD03256,2/25/2025 13:34,New Minya ,New Minya,Basbousa Bar,Desserts,1,EGP 82,11,Card,C059,Motorcycle,10.6,11,45,41,4,U0891,Delivered,,0
ORD01225,4/22/2025 19:14,MINYA,El-Sahel,Crispy House,Burgers,3,EGP 303,0,Cash,C074,Motorcycle,4,16,30,32,5,U0521,Delivered,,0
ORD01792,3/22/2025 14:34,New Minya,New Minya,Bites Burger,Burgers,1,91,0,Cash,C041,Bicycle,11.1,18,45,89,,U0156,Delivered,,0
ORD03677,4/28/2025 21:20,El Minya,El-Sahel,El-Dawar,Egyptian,2,EGP 156,0,Card,C014,Motorcycle,3.3,14,25,28,,U0818,Delivered,,0
ORD03275,2/9/2025 14:08, Minya,El-Gamaa,El-Abd Minya,Desserts,5,EGP 202,47,Cash,C067,Motorcycle,6,6,35,17,4,U0703,Delivered,,0
ORD01630,1/27/2025 20:29,Minya,Shalaby,Sultan Grill,Grills,3,EGP 512,128,Card,C044,Bicycle,4.7,11,30,48,4,U0149,Delivered,,0
ORD01246,14/04/2025 16:25,MINYA,Nazlet Hussein,Foul El-Mahatta,Egyptian,1,48 EGP,0,Cash,C005,Motorcycle,6.1,14,35,24,5,U1353,Delivered,,0
ORD01678,18/05/2025 20:20,Minya,Nazlet Hussein,Farag Kebab,Grills,1,140 EGP,0,Cash,C064,Motorcycle,6.4,21,35,44,5,U1436,Delivered,,0
ORD03800,26/02/2025 12:06,Minya,Ard Sultan,Foul El-Mahatta,Egyptian,2,115,0,Cash,C106,Tuk-tuk,4.1,7,30,15,4,U0019,Delivered,gate closed,1
ORD00725,3/13/2025 14:16,Minya ,Wast El-Balad,Burger Corniche,Burgers,4,405 EGP,60,Card,C064,Motorcycle,1,12,25,11,4,U0756,Delivered,,0
ORD00065,2/28/2025 11:42, Minya,El-Sahel,Bahary Corner,Fish,4,486 EGP,0,Wallet,C086,Motorcycle,3.7,34,30,40,4,U0520,Delivered,,0
ORD00220,5/29/2025 19:40,Minya,El-Gamaa,Crispy House,Burgers,6,436 EGP,0,Cash,C076,Tuk-tuk,3.6,17,30,33,4,U1192,Delivered,,1
ORD03235,4/25/2025 21:39,Minya,Shalaby,El-Dawar,Egyptian,6,421 EGP,0,Cash,C025,Bicycle,1.9,19,25,42,,U1331,Delivered,,0
ORD03582,3/23/2025 18:54,Abu Qurqas,Abu Qurqas,Crispy House,Burgers,6,528 EGP,43,Cash,C037,Motorcycle,16.8,12,55,50,5,U0406,Delivered,,1
ORD01020,2/23/2025 17:54,Minya,Nazlet Hussein,Slice Minya,Pizza,4,EGP 530,76,Cash,C078,Motorcycle,5.4,16,30,26,5,U0681,Delivered,,1
ORD00607,5/23/2025 19:48,El Minya,Shalaby,Sultan Grill,Grills,3,539 EGP,0,Cash,C019,Motorcycle,2,20,25,25,5,U0274,Delivered,,1
ORD01148,2/10/2025 18:26,Minya,Shalaby,El-Nil Fish,Fish,3,517,128,Wallet,C027,Motorcycle,3.7,24,30,34,4,U0808,Delivered,,1
ORD02817,5/9/2025 12:38,abu qurqas,Abu Qurqas,Pizza Roma,Pizza,6,EGP 651,66,Cash,C110,Tuk-tuk,16.3,16,55,70,,U0417,Delivered,,0
ORD03852,4/21/2025 16:07,Minya,Nazlet Hussein,Basbousa Bar,Desserts,6,248 EGP,0,Card,C011,Bicycle,8,11,35,52,2,U1107,Delivered,,1
ORD01944,13/04/2025 22:17,El-Minya,Corniche El-Nil,Pizza Roma,Pizza,6,595,72,Cash,C099,Motorcycle,2.5,18,25,20,5,U0412,Delivered,,1
ORD01304,2/23/2025 19:05,Abu Qurqas,Abu Qurqas,Farag Kebab,Grills,1,140 EGP,14,Card,C074,Motorcycle,14.8,20,50,55,,U0248,Delivered,address unclear,1
ORD01100,16/03/2025 19:39,Minya,Wast El-Balad,Basbousa Bar,Desserts,1,52 EGP,10,Cash,C019,Motorcycle,2.6,12,25,25,5,U0641,Delivered,,1
ORD01360,4/26/2025 21:41,New Minya,New Minya,Bites Burger,Burgers,1,98 EGP,21,Cash,C100,Motorcycle,11.6,12,45,51,4,U0226,Delivered,,0
ORD03799,6/12/2025 18:51,MINYA,Abu Helal,El-Dawar,Egyptian,1,EGP 76,0,Wallet,C077,Tuk-tuk,2.6,9,25,15,5,U0526,Delivered,,1
ORD00882,2/15/2025 12:57,Minya,El-Gamaa,Slice Minya,Pizza,4,EGP 608,134,Cash,C056,Tuk-tuk,4,15,30,28,4,U0413,Delivered,,0
ORD02119,5/18/2025 15:34,Minya,Nazlet Hussein,Hadouta Masreya,Egyptian,2,EGP 148,22,Wallet,C063,Motorcycle,7.1,14,35,28,5,U1357,Delivered,re-assigned,1
ORD03274,9/3/2025 18:36,Minya,Wast El-Balad,Farag Kebab,Grills,6,"EGP 1,055",246,Wallet,C040,Bicycle,2.7,15,25,39,,U1329,Delivered,,1
ORD02519,1/25/2025 19:52,Abu Qorqas,Abu Qurqas,El-Nil Fish,Fish,5,EGP 734,70,Cash,C019,Motorcycle,16.1,20,55,69,3,U0669,Delivered,,1
ORD04138,29/05/2025 21:34,El-Minya,El-Gamaa,Pizza Roma,Pizza,1,EGP 131,25,Cash,C076,Motorcycle,5.4,26,30,50,4,U1036,Delivered,,1
ORD03532,24/02/2025 18:29,Minya,Ard Sultan,Koshary El-Sheikh,Egyptian,6,369 EGP,0,Cash,C014,Motorcycle,4.8,7,30,22,4,U1323,Delivered,,1
ORD00136,3/6/2025 12:45,Minya,Ard Sultan,Burger Corniche,Burgers,1,87,0,Cash,C044,Tuk-tuk,3,16,25,24,5,U0987,Delivered,,1
ORD01121,1/7/2025 19:29,Minya,Corniche El-Nil,El-Nil Fish,Fish,3,EGP 412,0,Cash,C105,Motorcycle,1.7,22,25,42,3,U0790,Delivered,,1
ORD00521,3/4/2025 20:50,Minya,El-Sahel,Sheikh El-Balad,Grills,1,EGP 209,0,Card,C051,Tuk-tuk,4.9,26,30,66,3,U0652,Delivered,,0
ORD03750,6/17/2025 15:57,Minya,Abu Helal,Bites Burger,Burgers,1,EGP 68,0,Card,C044,Bicycle,3.2,12,25,26,5,U0095,Delivered,,1
ORD01758,3/28/2025 19:52,El-Minya,Ard Sultan,Slice Minya,Pizza,2,EGP 165,0,Card,C064,Motorcycle,3.3,18,25,38,5,U0683,Delivered,,1
ORD03286,1/25/2025 20:14,Minya,Corniche El-Nil,Pizza Roma,Pizza,2,220,47,Wallet,C107,Motorcycle,4.9,22,30,51,4,U0218,Delivered,,1
ORD04193,3/6/2025 11:46,Abu Qurqas,Abu Qurqas,El-Abd Minya,Desserts,5,212,0,Cash,C048,Bicycle,17.5,4,55,122,2,U1231,Delivered,,0
ORD01063,2/6/2025 19:17,El-Minya,El-Sahel,Basbousa Bar,Desserts,1,79 EGP,0,Card,C005,Tuk-tuk,3.9,8,30,35,4,U0694,Delivered,,0
ORD03498,2/10/2025 14:53,Abu Qorqas,Abu Qurqas,Crispy House,Burgers,1,107,0,Card,C106,Bicycle,17.6,14,55,136,1,U0582,Delivered,,0
ORD00798,4/2/2025 11:59,Minya,El-Sahel,El-Abd Minya,Desserts,1,56 EGP,0,Cash,C100,Motorcycle,5.3,11,30,25,4,U1441,Delivered,,0
ORD00686,4/23/2025 16:28,Minya,Shalaby,Slice Minya,Pizza,6,EGP 585,0,Cash,C064,Motorcycle,2.6,11,25,14,5,U0783,Delivered,,1
ORD02338,13/01/2025 20:39,Menia,Wast El-Balad,Crispy House,Burgers,6,EGP 435,22,Card,C102,Tuk-tuk,2.9,18,25,40,,U1421,Delivered,,1
ORD02103,29/05/2025 12:31,Minya,Ard Sultan,Crispy House,Burgers,6,445,102,Card,C107,Tuk-tuk,2.7,17,25,18,5,U0561,Delivered,,1
ORD03521,19/05/2025 14:55,MINYA,El-Sahel,Samak El-Balad,Fish,1,147,34,Cash,C100,Motorcycle,4.3,27,30,40,4,U0652,Delivered,,1
ORD01399,5/25/2025 19:54,El-Minya,Ard Sultan,Om Ali House,Desserts,5,489,0,Cash,C051,Bicycle,2,8,25,23,4,U1076,Delivered,,1
ORD02461,1/31/2025 20:41,Minya,Corniche El-Nil,Farag Kebab,Grills,2,229,34,Wallet,C093,Motorcycle,2.3,19,25,36,4,U0527,Delivered,,1
ORD03448,15/03/2025 19:00,Abu Qurqas,Abu Qurqas,Pizza Roma,Pizza,3,EGP 347,0,Cash,C027,Motorcycle,16,17,55,71,4,U0316,Delivered,,1
ORD03325,1/19/2025 15:10,Minya,Corniche El-Nil,Slice Minya,Pizza,3,305 EGP,56,Cash,C036,Motorcycle,2,11,25,12,5,U0863,Delivered,,1
ORD01222,3/16/2025 18:33,El-Minya El-Gedida,New Minya,El-Dawar,Egyptian,6,292,22,Cash,C031,Motorcycle,9.9,9,40,36,4,U1421,Delivered,,1
ORD00449,19/06/2025 17:54,Minya ,Shalaby,Om Ali House,Desserts,3,123,18,Cash,C073,Motorcycle,2,8,25,16,5,U0105,Delivered,,1
ORD03930,6/8/2025 20:25,El-Minya El-Gedida,New Minya,Bites Burger,Burgers,2,186,0,Card,C015,Motorcycle,10.9,13,45,47,5,U1365,Delivered,,1
ORD03124,4/16/2025 22:35,Minya,Ard Sultan,Farag Kebab,Grills,5,587 EGP,0,Wallet,C079,Bicycle,3.4,13,30,32,5,U0588,Delivered,,1
ORD00774,14/02/2025 16:35,Minya,El-Sahel,Om Ali House,Desserts,6,394 EGP,0,Wallet,C002,Motorcycle,3.6,5,30,17,4,U0049,Delivered,,1
ORD01440,2/11/2025 19:50,Minya,El-Gamaa,Basbousa Bar,Desserts,5,280,41,Cash,C027,Motorcycle,6.1,12,35,31,,U1496,Delivered,,0
ORD03030,4/1/2025 19:54,Menia,Abu Helal,Basbousa Bar,Desserts,5,314,0,Cash,C029,Motorcycle,1,9,25,29,4,U1475,Delivered,,1
ORD01946,1/1/2025 11:56,Minya,Wast El-Balad,Crispy House,Burgers,6,529 EGP,0,Card,C069,Motorcycle,2.1,14,25,27,4,U1289,Delivered,,0
ORD00131,5/4/2025 21:02,El Minya,Shalaby,Basbousa Bar,Desserts,1,68,0,Cash,C055,Motorcycle,3.5,12,30,32,4,U0587,Delivered,,1
ORD01543,5/3/2025 12:18,Minya,Ard Sultan,Crispy House,Burgers,1,81 EGP,0,Card,C006,Bicycle,2.3,18,25,34,4,U1256,Delivered,,1
ORD01734,2/5/2025 21:37,Minya,Ard Sultan,Crispy House,Burgers,5,EGP 344,0,Wallet,C098,Motorcycle,3.9,15,30,36,5,U1266,Delivered,,0
ORD03187,6/3/2025 19:37,Minya,El-Gamaa,Pizza Roma,Pizza,5,363 EGP,0,Card,C082,Motorcycle,4.1,25,30,49,4,U1235,Delivered,,1
ORD03948,3/26/2025 14:48,Menia,Abu Helal,Sheikh El-Balad,Grills,6,640,0,Cash,C064,Motorcycle,4.2,26,30,34,5,U0422,Delivered,,1
ORD00936,3/14/2025 19:18,Menia,Ard Sultan,Foul El-Mahatta,Egyptian,2,145,29,Cash,C099,Bicycle,2.2,10,25,36,5,U0837,Delivered,,0
ORD00441,3/6/2025 18:41,Abu Qurqas,Abu Qurqas,Tamara Sweets,Desserts,1,45 EGP,5,Cash,C103,Motorcycle,17.7,12,60,51,4,U0325,Delivered,,1
ORD02971,4/26/2025 18:37,Minya,Abu Helal,Burger Corniche,Burgers,6,EGP 481,0,Card,C080,Motorcycle,2.6,16,25,24,4,U1087,Delivered,,1
ORD02376,13/05/2025 20:39,Minya,El-Mahatta,Forno Nile,Pizza,5,366,0,Card,C049,Tuk-tuk,0.6,30,20,48,3,U0243,Delivered,,0
ORD02877,3/3/2025 13:21,Minya,El-Mahatta,Hadouta Masreya,Egyptian,6,279 EGP,56,Wallet,C080,Motorcycle,3.5,16,30,16,4,U1161,Delivered,,1
ORD03666,2/10/2025 19:25,El-Minya El-Gedida,New Minya,Farag Kebab,Grills,3,EGP 297,31,Cash,C045,Tuk-tuk,12.8,17,45,65,4,U0270,Delivered,,0
ORD00839,1/16/2025 23:05,Minya ,Nazlet Hussein,Tamara Sweets,Desserts,2,133,10,Card,C061,Tuk-tuk,5.3,12,30,28,5,U0407,Delivered,,0
ORD03206,4/3/2025 15:27,Minya,Wast El-Balad,Slice Minya,Pizza,2,189 EGP,11,Cash,C042,Motorcycle,2.5,17,25,31,4,U1071,Delivered,,1
ORD02271,6/8/2025 17:40,Minya,El-Sahel,El-Nil Fish,Fish,3,EGP 385,0,Cash,C053,Motorcycle,6,25,35,36,4,U0665,Delivered,,0
ORD01256,2/21/2025 13:17,ABU QURQAS,Abu Qurqas,Foul El-Mahatta,Egyptian,4,EGP 202,0,Cash,C007,Motorcycle,16.1,11,55,45,5,U0369,Delivered,,0
ORD00249,6/8/2025 18:06,Minya,Wast El-Balad,Farag Kebab,Grills,4,511 EGP,0,Cash,C094,Motorcycle,0.9,18,20,17,,U0891,Delivered,,1
ORD01775,2/4/2025 19:18,Minya,El-Gamaa,Samak El-Balad,Fish,4,511,0,Cash,C069,Motorcycle,4.8,22,30,46,,U0907,Delivered,gate closed,1
ORD00682,4/2/2025 13:37,minya,El-Gamaa,Forno Nile,Pizza,6,491 EGP,0,Cash,C098,Bicycle,3.5,28,30,48,,U1088,Delivered,,1
ORD03121,2/13/2025 11:40,minya,El-Gamaa,Crispy House,Burgers,5,382 EGP,72,Card,C034,Motorcycle,6.2,15,35,36,5,U0450,Delivered,,1
ORD00319,6/23/2025 16:17,El-Minya El-Gedida,New Minya,Foul El-Mahatta,Egyptian,3,EGP 182,0,Cash,C014,Motorcycle,11.7,11,45,31,5,U0846,Delivered,,1
ORD00826,6/23/2025 16:48,El Minya,Nazlet Hussein,Samak El-Balad,Fish,2,283 EGP,32,Cash,C022,Tuk-tuk,6.9,23,35,42,4,U1326,Delivered,,0
ORD01778,2/8/2025 14:51,El-Minya,Wast El-Balad,Basbousa Bar,Desserts,5,273,0,Wallet,C015,Tuk-tuk,0.6,11,20,16,5,U0916,Delivered,,0
ORD00920,5/17/2025 20:18,New Minya ,New Minya,Pizza Roma,Pizza,6,589,42,Cash,C093,Bicycle,12.7,12,45,106,1,U0677,Delivered,,0
ORD02029,6/14/2025 22:33, Minya,Corniche El-Nil,Crispy House,Burgers,2,217,0,Card,C018,Motorcycle,3.7,18,30,,,U0642,Cancelled,,
ORD01889,14/04/2025 23:42,MINYA,Wast El-Balad,Burger Corniche,Burgers,4,EGP 220,0,Cash,C003,Motorcycle,3.3,16,25,23,5,U0784,Delivered,,0
ORD00159,1/13/2025 23:20,MINYA,El-Gamaa,Crispy House,Burgers,4,EGP 305,37,Card,C008,Bicycle,3.4,22,30,38,5,U1417,Delivered,,0
ORD02171,2/28/2025 21:29,Minya,Shalaby,Foul El-Mahatta,Egyptian,4,204 EGP,28,Wallet,C045,Motorcycle,4.5,10,30,36,5,U1180,Delivered,,1
ORD02195,1/11/2025 19:26,minya,Corniche El-Nil,Bahary Corner,Fish,5,708,0,Card,C034,Motorcycle,0.6,27,20,42,4,U0006,Delivered,,0
ORD01241,1/6/2025 23:53,Minya,Nazlet Hussein,Hadouta Masreya,Egyptian,3,EGP 139,0,Cash,C084,Motorcycle,6.9,18,35,36,5,U0081,Delivered,,1
ORD00365,5/17/2025 16:22,Abu Qurqas,Abu Qurqas,Foul El-Mahatta,Egyptian,6,338 EGP,0,Cash,C024,Tuk-tuk,17.7,7,60,70,,U0160,Delivered,,1
ORD00232,5/26/2025 19:23,Minya ,Abu Helal,Farag Kebab,Grills,2,259,0,Wallet,C036,Motorcycle,3.9,20,30,44,3,U1473,Delivered,,1
ORD02480,1/19/2025 14:54,minya,El-Sahel,Bahary Corner,Fish,4,516,0,Card,C059,Motorcycle,5.2,24,30,36,5,U1238,Delivered,,1
ORD00262,2/8/2025 21:10,Minya,Abu Helal,Sultan Grill,Grills,5,483 EGP,0,Cash,C081,Motorcycle,2.5,24,25,48,2,U0721,Delivered,,0
ORD01414,5/14/2025 15:47,Minya,Wast El-Balad,Tamara Sweets,Desserts,2,110 EGP,22,Card,C078,Motorcycle,0.8,13,20,22,4,U1084,Delivered,,1
ORD01859,18/01/2025 16:58,Minya,Shalaby,Crispy House,Burgers,5,513 EGP,0,Card,C025,Motorcycle,4.7,18,30,34,5,U0166,Delivered,,1
ORD00178,3/2/2025 13:00,Minya,Abu Helal,Hadouta Masreya,Egyptian,2,121 EGP,0,Card,C002,Motorcycle,3.3,13,25,19,4,U1464,Delivered,,0
ORD01497,2/26/2025 20:56,Minya,Wast El-Balad,Crispy House,Burgers,4,EGP 462,0,Wallet,C041,Tuk-tuk,3.2,12,25,31,5,U0054,Delivered,,1
ORD01748,4/7/2025 21:03,New Minya,New Minya,Tamara Sweets,Desserts,3,152,9,Cash,C063,Motorcycle,11.6,6,45,39,5,U0172,Delivered,,0
ORD01466,5/10/2025 13:24,Minya,Abu Helal,Bites Burger,Burgers,4,278,0,Wallet,C090,Bicycle,,18,25,32,4,U1001,Delivered,,0
ORD03179,5/16/2025 20:20,MINYA,El-Mahatta,Tamara Sweets,Desserts,2,80 EGP,0,Cash,C024,Motorcycle,3.5,8,30,23,4,U0845,Delivered,,1
ORD00573,4/15/2025 23:48,Minya,El-Mahatta,Sheikh El-Balad,Grills,6,"1,149 EGP",0,Cash,C058,Motorcycle,2.7,28,25,38,3,U0635,Delivered,,0
ORD02056,14/05/2025 21:56,Minya,Shalaby,Foul El-Mahatta,Egyptian,6,EGP 267,0,Wallet,C048,Motorcycle,2.3,10,25,22,4,U0811,Delivered,,0
ORD01849,4/20/2025 13:47,MINYA,Nazlet Hussein,El-Nil Fish,Fish,3,459,0,Cash,C028,Motorcycle,5.3,24,30,30,,U0109,Delivered,,0
ORD03728,2/11/2025 19:21,Abu Qorqas,Abu Qurqas,Forno Nile,Pizza,6,645 EGP,0,Card,C024,Motorcycle,14,35,50,80,3,U0220,Delivered,,0
ORD00918,3/14/2025 17:00,Minya,Corniche El-Nil,Forno Nile,Pizza,1,82,0,Card,C078,Tuk-tuk,2.5,36,25,41,3,U0450,Delivered,,1
ORD01848,3/25/2025 13:14,Abu Qurqas,Abu Qurqas,Bites Burger,Burgers,4,422 EGP,27,Cash,C075,Motorcycle,16.3,14,55,56,5,U1032,Delivered,,1
ORD02025,5/24/2025 20:30,minya,El-Gamaa,Forno Nile,Pizza,6,559 EGP,0,Cash,C042,Motorcycle,6,25,35,49,4,U0549,Delivered,,1
ORD00347,13/03/2025 21:36,Minya,Abu Helal,Burger Corniche,Burgers,6,540,0,Wallet,C100,Motorcycle,2.6,15,25,26,4,U0108,Delivered,,0
ORD02285,25/05/2025 19:25,New Minya,New Minya,Sheikh El-Balad,Grills,2,305 EGP,76,Card,C043,Tuk-tuk,12.4,27,45,89,2,U0095,Delivered,,0
ORD02834,5/2/2025 18:08,Minya ,Abu Helal,Farag Kebab,Grills,3,529,0,Card,C055,Motorcycle,4.6,20,30,30,5,U0200,Delivered,,1
ORD02757,5/17/2025 16:30,Minya,Ard Sultan,El-Nil Fish,Fish,2,217 EGP,0,Cash,C108,Motorcycle,1.5,20,25,24,5,U1149,Delivered,,1
ORD02915,9/4/2025 23:01,Minya ,Wast El-Balad,El-Nil Fish,Fish,6,928 EGP,77,Card,C016,Motorcycle,1.8,25,25,28,5,U0453,Delivered,,1
ORD03424,5/13/2025 11:41,New Minya,New Minya,Foul El-Mahatta,Egyptian,6,EGP 387,56,Cash,C024,Motorcycle,10,11,40,39,5,U0051,Delivered,,1
ORD03345,15/01/2025 21:03,New Minya,New Minya,Pizza Roma,Pizza,6,513 EGP,0,Wallet,C031,Bicycle,10.9,27,45,93,2,U0702,Delivered,,0
ORD01980,6/11/2025 19:35,Minya,El-Gamaa,El-Nil Fish,Fish,6,"1,060 EGP",245,Card,C110,Motorcycle,4.4,22,30,49,4,U1033,Delivered,,0
ORD02324,3/6/2025 14:00,El-Minya,Corniche El-Nil,Pizza Roma,Pizza,3,EGP 350,0,Cash,C087,Bicycle,1.3,18,25,25,5,U0615,Delivered,,1
ORD03907,2/10/2025 16:04,Minya,Abu Helal,Koshary El-Sheikh,Egyptian,3,164,0,Card,C104,Motorcycle,2.6,10,25,17,,U1300,Delivered,,1
ORD03065,1/8/2025 20:46,MINYA,Wast El-Balad,Sheikh El-Balad,Grills,6,806 EGP,0,Card,C046,Motorcycle,2.1,31,25,52,3,U0830,Delivered,,0
ORD01345,2/15/2025 21:58,minya,Abu Helal,Farag Kebab,Grills,3,EGP 407,0,Cash,C035,Motorcycle,5.3,15,30,40,5,U0539,Delivered,,1
ORD01767,6/6/2025 21:17,Minya,El-Sahel,Pizza Roma,Pizza,1,114 EGP,0,Cash,C068,Motorcycle,8,22,35,56,4,U1151,Delivered,,1
ORD04083,5/11/2025 13:17,minya,El-Sahel,Bahary Corner,Fish,1,157,0,Cash,C076,Bicycle,6.4,34,35,,,U0803,Cancelled,,
ORD00248,4/13/2025 23:24,Minya,El-Mahatta,Sheikh El-Balad,Grills,1,152 EGP,0,Wallet,C028,Motorcycle,2.4,29,25,33,,U0727,Delivered,,1
ORD01616,6/2/2025 18:45,Minya ,Abu Helal,El-Dawar,Egyptian,5,"1,578",0,Card,C033,Motorcycle,2.5,12,25,14,5,U0443,Delivered,,1
ORD02407,1/16/2025 21:18,El Minya,El-Gamaa,El-Abd Minya,Desserts,2,102 EGP,0,Cash,C019,Motorcycle,4.6,5,30,29,5,U1356,Delivered,,0
ORD03945,13/05/2025 15:22,Minya,Corniche El-Nil,Crispy House,Burgers,5,134,0,Cash,C011,Motorcycle,2.4,12,25,16,4,U0181,Delivered,,1
ORD03720,2/14/2025 21:06,Minya,Wast El-Balad,El-Dawar,Egyptian,6,232,0,Card,C098,Motorcycle,1.7,10,25,20,5,U0568,Delivered,,1
ORD03377,6/2/2025 13:53,Minya ,Wast El-Balad,Slice Minya,Pizza,4,329,0,Wallet,C046,Motorcycle,2,13,25,14,4,U0864,Delivered,,1
ORD02458,20/06/2025 20:30,Minya ,Ard Sultan,Basbousa Bar,Desserts,5,256,0,Cash,C002,Motorcycle,4.1,7,30,24,5,U0730,Delivered,,1
ORD03836,4/6/2025 12:46,Minya,Wast El-Balad,Sultan Grill,Grills,3,EGP 460,0,Wallet,C041,Tuk-tuk,1.5,17,25,23,5,U1094,Delivered,,1
ORD03076,4/3/2025 13:13,Minya,Nazlet Hussein,Farag Kebab,Grills,4,EGP 575,0,Cash,C083,Tuk-tuk,7.1,26,35,51,3,U1243,Delivered,address unclear,0
ORD01925,3/8/2025 12:52,MINYA,Abu Helal,Crispy House,Burgers,3,294 EGP,0,Card,C030,Motorcycle,1.1,14,25,21,5,U0337,Delivered,re-assigned,1
ORD03399,6/26/2025 11:01,new minya,New Minya,Bahary Corner,Fish,1,116 EGP,0,Cash,C087,Motorcycle,11.4,26,45,54,,U1480,Delivered,,0
ORD03498,2/10/2025 14:53,Abu Qorqas,Abu Qurqas,Crispy House,Burgers,1,107,0,Card,C106,Bicycle,17.6,14,55,136,1,U0582,Delivered,,0
ORD02260,4/13/2025 22:34,Minya,Nazlet Hussein,Farag Kebab,Grills,3,EGP 496,37,Wallet,C092,Bicycle,6.2,25,35,55,,U0205,Delivered,,0
ORD02427,3/6/2025 20:55,Minya,El-Mahatta,Forno Nile,Pizza,5,407 EGP,0,Cash,C077,Tuk-tuk,2.8,30,25,57,3,U1190,Delivered,,0
ORD02122,9/4/2025 19:21,El-Minya,Corniche El-Nil,Burger Corniche,Burgers,4,373,37,Wallet,C092,Tuk-tuk,3.3,13,25,49,3,U0254,Delivered,,0
ORD04004,6/28/2025 18:16,Minya,Wast El-Balad,Farag Kebab,Grills,5,737,0,Cash,C046,Bicycle,3.5,22,30,43,4,U1494,Delivered,,1
ORD00394,1/28/2025 20:42,New Minya,New Minya,Basbousa Bar,Desserts,5,194 EGP,31,Card,C084,Motorcycle,11.3,12,45,46,5,U1470,Delivered,,1
ORD01042,3/14/2025 18:52,Minya,El-Mahatta,Bahary Corner,Fish,3,382,38,Cash,C057,Bicycle,1.5,32,25,39,5,U0204,Delivered,,0
ORD04150,5/3/2025 22:53, Minya,Ard Sultan,Sultan Grill,Grills,3,EGP 355,0,Wallet,C048,Tuk-tuk,4.2,22,30,34,,U0514,Delivered,,0
ORD01802,18/02/2025 18:14,El Minya,Abu Helal,El-Dawar,Egyptian,6,243 EGP,0,Cash,C034,Motorcycle,2.1,15,25,15,,U0628,Delivered,,0
ORD00078,1/15/2025 22:02,new minya,New Minya,Basbousa Bar,Desserts,1,60 EGP,0,Cash,C091,Motorcycle,10.9,13,45,34,4,U0347,Delivered,customer not answering,0
ORD01183,1/19/2025 13:34,El Minya,Shalaby,Burger Corniche,Burgers,5,250 EGP,0,Cash,C106,Motorcycle,5.7,13,30,28,5,U1132,Delivered,,1
ORD01588,18/03/2025 19:48,Minya,Shalaby,Tamara Sweets,Desserts,1,84 EGP,5,Wallet,C003,Motorcycle,3.8,6,30,31,5,U1326,Delivered,,0
ORD02149,6/15/2025 13:55,Minya,El-Gamaa,Samak El-Balad,Fish,2,302,25,Card,C092,Tuk-tuk,5.1,24,30,38,5,U0013,Delivered,,1
ORD02416,4/19/2025 14:53,Minya,Abu Helal,Samak El-Balad,Fish,6,"1,069",0,Cash,C010,Bicycle,1.8,17,25,32,4,U0542,Delivered,,0
ORD00038,5/27/2025 19:38,New Minya,New Minya,Tamara Sweets,Desserts,1,64 EGP,0,Card,C013,Motorcycle,12.8,19,45,55,3,U0790,Delivered,,1
ORD00642,4/5/2025 23:02, Minya,Abu Helal,Pizza Roma,Pizza,1,138 EGP,0,Wallet,C050,Motorcycle,3.9,19,30,33,4,U1192,Delivered,,1
ORD02227,6/12/2025 14:47,Minya ,El-Mahatta,Foul El-Mahatta,Egyptian,2,EGP 78,0,Wallet,C082,Motorcycle,3.6,6,30,16,5,U1352,Delivered,,1
ORD02160,4/25/2025 14:15,Abu Qurqas,Abu Qurqas,Pizza Roma,Pizza,2,181,0,Cash,C096,Tuk-tuk,14.5,18,50,63,,U0028,Delivered,,1
ORD02895,6/23/2025 19:44,El Minya,Corniche El-Nil,Farag Kebab,Grills,2,EGP 360,30,Cash,C038,Bicycle,2.3,21,25,36,,U0778,Delivered,,1
ORD02466,18/06/2025 20:32,Minya,Wast El-Balad,Pizza Roma,Pizza,5,576 EGP,103,Cash,C052,Motorcycle,1.8,20,25,33,4,U0228,Delivered,,1
ORD00534,5/29/2025 21:59,Minya,Wast El-Balad,El-Dawar,Egyptian,1,64,0,Cash,C104,Motorcycle,3.8,12,30,29,5,U0830,Delivered,,0
ORD00343,6/13/2025 18:59,Minya,Abu Helal,Foul El-Mahatta,Egyptian,3,EGP 171,0,Card,C002,Tuk-tuk,2,7,25,13,4,U0277,Delivered,,1
ORD02081,3/3/2025 23:24,Minya,Nazlet Hussein,Pizza Roma,Pizza,6,572,0,Cash,C023,Motorcycle,6.9,14,35,26,5,U0509,Delivered,,1
ORD01323,1/20/2025 13:48,Minya,El-Gamaa,El-Dawar,Egyptian,3,178 EGP,0,Cash,C012,Bicycle,5.6,13,30,39,3,U0328,Delivered,re-assigned,0
ORD03804,6/27/2025 13:42,MINYA,El-Sahel,Burger Corniche,Burgers,5,252,45,Cash,C003,Tuk-tuk,5.5,11,30,24,5,U1066,Delivered,,1
ORD02922,1/27/2025 11:37,Minya,Wast El-Balad,Crispy House,Burgers,6,287 EGP,0,Cash,C098,Motorcycle,1.3,19,25,20,4,U0145,Delivered,,1
ORD01715,2/4/2025 18:52,Minya ,Ard Sultan,Slice Minya,Pizza,5,658 EGP,52,Wallet,C082,Motorcycle,3,19,25,29,5,U0834,Delivered,,1
ORD03729,6/7/2025 19:23,Minya,El-Mahatta,El-Abd Minya,Desserts,3,192 EGP,0,Cash,C019,Tuk-tuk,4.7,9,30,37,4,U0294,Delivered,,1
ORD01465,24/04/2025 20:06,Abu Qurqas,Abu Qurqas,Forno Nile,Pizza,6,EGP 822,0,Cash,C061,Motorcycle,15.4,31,55,83,3,U0861,Delivered,,0
ORD01012,2/1/2025 13:31,Minya,Corniche El-Nil,El-Nil Fish,Fish,3,426 EGP,59,Wallet,C050,Bicycle,0.7,21,20,23,5,U0345,Delivered,customer not answering,1
ORD01463,2/8/2025 21:19,Minya,El-Mahatta,Pizza Roma,Pizza,6,EGP 622,61,Cash,C028,Motorcycle,1.9,18,25,36,4,U0765,Delivered,,0
ORD00562,21/05/2025 18:47,Minya,Abu Helal,Basbousa Bar,Desserts,1,66 EGP,8,Cash,C071,Motorcycle,4.6,7,30,17,5,U1253,Delivered,,1
ORD00750,3/20/2025 19:22,minya,Corniche El-Nil,El-Dawar,Egyptian,3,143 EGP,0,Cash,C084,Tuk-tuk,3.1,9,25,33,4,U0763,Delivered,,1
ORD03598,3/20/2025 18:09,Minya,Shalaby,Farag Kebab,Grills,2,EGP 302,47,Card,C103,Motorcycle,3.8,20,30,0,4,U0485,Delivered,,1
ORD00204,2/24/2025 21:07, Minya,Wast El-Balad,Foul El-Mahatta,Egyptian,4,187,36,Card,C015,Motorcycle,1.5,8,25,,,U1095,Cancelled,re-assigned,
ORD01685,5/16/2025 14:48,Menia,El-Gamaa,Hadouta Masreya,Egyptian,3,88,0,Cash,C085,Motorcycle,5.7,13,30,28,4,U1466,Delivered,address unclear,0
ORD02361,1/29/2025 17:59,El Minya,Corniche El-Nil,Farag Kebab,Grills,5,939 EGP,0,Cash,C019,Motorcycle,0.6,25,20,33,4,U1089,Delivered,,0
ORD00624,3/24/2025 20:47,Minya,El-Mahatta,El-Dawar,Egyptian,3,106 EGP,8,Cash,C044,Motorcycle,2.6,14,25,26,5,U0903,Delivered,,1
ORD01011,5/8/2025 18:20,Minya,Ard Sultan,Crispy House,Burgers,4,316 EGP,0,Wallet,C051,Tuk-tuk,4.2,15,30,31,,U0608,Delivered,,0
ORD02368,1/16/2025 18:51,Minya,Ard Sultan,Burger Corniche,Burgers,3,274,0,Cash,C020,Motorcycle,,8,25,6,5,U0321,Delivered,gate closed,1
ORD02867,29/03/2025 15:02,Minya,Corniche El-Nil,Foul El-Mahatta,Egyptian,6,379 EGP,0,Wallet,C083,Bicycle,1.6,14,25,23,5,U0147,Delivered,,1
ORD04078,6/5/2025 14:25,Minya,El-Gamaa,Slice Minya,Pizza,3,292 EGP,0,Card,C085,Tuk-tuk,6.9,23,35,49,4,U1482,Delivered,,0
ORD03436,1/23/2025 14:17,Minya ,Ard Sultan,Farag Kebab,Grills,1,140,27,Cash,C054,Motorcycle,4.8,24,30,47,,U0581,Delivered,,1
ORD01926,4/9/2025 13:51,Minya,Ard Sultan,Sultan Grill,Grills,4,697 EGP,0,Cash,C012,Bicycle,3.7,19,30,39,5,U0395,Delivered,,1
ORD02913,1/7/2025 20:47,Minya ,Ard Sultan,Bahary Corner,Fish,6,940,0,Cash,C103,Tuk-tuk,3.6,38,30,61,,U1452,Delivered,,0
ORD02154,2/22/2025 13:11,Minya,Shalaby,Om Ali House,Desserts,1,45 EGP,9,Cash,C028,Tuk-tuk,3.4,9,30,19,5,U1275,Delivered,,1
ORD04192,20/04/2025 20:00,Minya,Abu Helal,Sheikh El-Balad,Grills,5,626 EGP,148,Wallet,C025,Motorcycle,2.1,29,25,48,3,U0291,Delivered,,0
ORD02826,5/10/2025 15:44,El Minya,Wast El-Balad,El-Nil Fish,Fish,5,786,0,Wallet,C026,Tuk-tuk,1.5,27,25,,,U0101,Cancelled,,
ORD02188,3/18/2025 16:55,MINYA,Corniche El-Nil,Sultan Grill,Grills,1,151 EGP,0,Card,C105,Motorcycle,2.4,19,25,30,4,U1143,Delivered,,0
ORD00259,2/20/2025 13:58,MINYA,Corniche El-Nil,Basbousa Bar,Desserts,4,EGP 177,0,Card,C089,Tuk-tuk,1.2,11,25,15,5,U0997,Delivered,,0
ORD01179,1/30/2025 21:55, Minya,Nazlet Hussein,Bites Burger,Burgers,5,324 EGP,0,Wallet,C080,Bicycle,5.8,13,35,46,4,U1165,Delivered,,1
ORD03368,14/03/2025 23:01,El Minya,El-Mahatta,El-Nil Fish,Fish,4,EGP 250,0,Card,C096,Tuk-tuk,2.4,25,25,36,3,U1270,Delivered,,0
ORD01676,5/3/2025 15:36,Minya ,Corniche El-Nil,Basbousa Bar,Desserts,5,395,0,Cash,C038,Motorcycle,2.6,4,25,17,4,U0677,Delivered,,1
ORD02914,3/21/2025 15:24,El Minya,Corniche El-Nil,Om Ali House,Desserts,5,221 EGP,14,Wallet,C069,Motorcycle,1.6,15,25,7,5,U0381,Delivered,,1
ORD01176,1/23/2025 13:54,minya,Abu Helal,Sheikh El-Balad,Grills,3,489 EGP,76,Wallet,C008,Tuk-tuk,3.9,30,30,46,,U0587,Delivered,,1
ORD03605,1/12/2025 14:33,Minya,El-Sahel,Pizza Roma,Pizza,5,443,42,Cash,C027,Motorcycle,7.5,17,35,,,U1087,Cancelled,gate closed,
ORD03311,15/05/2025 18:05,MINYA,Abu Helal,Forno Nile,Pizza,3,361 EGP,0,Card,C058,Motorcycle,4.5,27,30,27,5,U1019,Delivered,,0
ORD01475,4/2/2025 19:46, Minya,Corniche El-Nil,El-Dawar,Egyptian,6,266,45,Cash,C010,Motorcycle,1.8,18,25,33,4,U0391,Delivered,,0
ORD02609,2/25/2025 20:33,Minya,Wast El-Balad,Burger Corniche,Burgers,2,EGP 174,42,Cash,C082,Motorcycle,0.7,17,20,32,,U1265,Delivered,,1
ORD03935,4/1/2025 15:19,Minya,Corniche El-Nil,El-Abd Minya,Desserts,5,EGP 350,19,Cash,C037,Bicycle,1.9,13,25,24,,U1134,Delivered,,0
ORD00516,2/25/2025 12:42, Minya,Ard Sultan,Forno Nile,Pizza,4,340,0,Card,C078,Bicycle,4,32,30,56,4,U0305,Delivered,,0
ORD01044,5/29/2025 16:18,Minya,Ard Sultan,Om Ali House,Desserts,1,52 EGP,0,Cash,C078,Motorcycle,3.7,11,30,18,5,U1317,Delivered,,1
ORD04143,20/06/2025 20:30,Menia,Abu Helal,Om Ali House,Desserts,3,176,43,Cash,C015,Motorcycle,4.8,12,30,35,,U0212,Delivered,,0
ORD03026,4/1/2025 22:23,minya,Ard Sultan,Basbousa Bar,Desserts,1,66 EGP,0,Card,C036,Motorcycle,3.2,9,25,16,5,U0294,Delivered,,0
ORD02068,4/9/2025 20:50,minya,El-Gamaa,El-Abd Minya,Desserts,4,EGP 164,0,Cash,C072,Motorcycle,4.1,6,30,26,5,U0672,Delivered,,1
ORD00883,3/10/2025 19:19,Minya,Shalaby,Koshary El-Sheikh,Egyptian,4,147 EGP,32,Cash,C040,Motorcycle,,12,25,23,5,U0671,Delivered,re-assigned,0
ORD03184,29/03/2025 15:44,El Minya,Ard Sultan,Pizza Roma,Pizza,5,EGP 433,0,Cash,C002,Tuk-tuk,2.7,21,25,29,4,U0354,Delivered,,1
ORD01759,3/26/2025 14:41,Minya,Abu Helal,Pizza Roma,Pizza,5,610 EGP,0,Wallet,C104,Tuk-tuk,2.6,16,25,22,5,U0667,Delivered,,0
ORD01608,1/3/2025 18:14,Minya,Abu Helal,Pizza Roma,Pizza,4,EGP 352,0,Wallet,C068,Tuk-tuk,3.2,18,25,24,,U0900,Delivered,,1
ORD04172,4/6/2025 21:57,El-Minya El-Gedida,New Minya,Koshary El-Sheikh,Egyptian,1,68 EGP,7,Card,C035,Bicycle,11,16,45,,,U0425,Cancelled,,
ORD02597,6/30/2025 21:42,El-Minya,Wast El-Balad,El-Abd Minya,Desserts,2,87,0,Card,C043,Motorcycle,3.6,5,30,24,5,U0095,Delivered,,1
ORD00476,5/14/2025 22:15,MINYA,Nazlet Hussein,Crispy House,Burgers,6,485 EGP,0,Cash,C071,Bicycle,8.2,14,40,57,4,U1442,Delivered,,1
ORD03398,4/8/2025 19:07,Minya,El-Mahatta,Slice Minya,Pizza,4,327,0,Cash,C038,Motorcycle,2.4,17,25,41,4,U1189,Delivered,,1
ORD03044,3/9/2025 22:24,New Minya,New Minya,Samak El-Balad,Fish,4,591,0,Cash,C038,Motorcycle,10.4,22,40,45,4,U0538,Delivered,,0
ORD00928,5/9/2025 19:35,MINYA,El-Gamaa,El-Dawar,Egyptian,6,386,0,Cash,C027,Motorcycle,5,13,30,37,,U0747,Delivered,,1
ORD04089,4/23/2025 14:39,Minya,Shalaby,Crispy House,Burgers,4,378 EGP,0,Cash,C039,Tuk-tuk,5,17,30,22,5,U0264,Delivered,,0
ORD03635,2/12/2025 16:43,El Minya,Corniche El-Nil,Bites Burger,Burgers,3,187 EGP,0,Wallet,C015,Motorcycle,0.6,16,20,22,5,U0243,Delivered,,0
ORD00923,27/04/2025 21:07,El Minya,Corniche El-Nil,Sultan Grill,Grills,3,494 EGP,0,Cash,C038,Motorcycle,4.6,24,30,42,,U0135,Delivered,customer not answering,1
ORD02549,3/12/2025 13:07,Minya,Wast El-Balad,El-Abd Minya,Desserts,5,368 EGP,66,Wallet,C104,Motorcycle,0.6,13,20,19,5,U0450,Delivered,,1
ORD01923,2/14/2025 19:20,New Minya,New Minya,Farag Kebab,Grills,6,792 EGP,0,Card,C070,Motorcycle,14,27,50,67,3,U1161,Delivered,,1
ORD00216,2/22/2025 19:31,Minya,Corniche El-Nil,Foul El-Mahatta,Egyptian,4,EGP 167,0,Cash,C078,Tuk-tuk,3.4,9,30,40,4,U1374,Delivered,,1
ORD01331,1/28/2025 18:17, Minya,Abu Helal,Burger Corniche,Burgers,3,277,0,Cash,C066,Bicycle,3.6,15,30,36,4,U0561,Delivered,,1
ORD00991,19/05/2025 16:14,Minya,El-Gamaa,Burger Corniche,Burgers,6,367 EGP,0,Cash,C063,Motorcycle,2.9,11,25,22,5,U0605,Delivered,,1
ORD00448,1/29/2025 15:21,MINYA,Abu Helal,Koshary El-Sheikh,Egyptian,3,187 EGP,0,Cash,C024,Motorcycle,3.9,4,30,13,5,U0785,Delivered,,1
ORD03534,3/8/2025 23:52,new minya,New Minya,Slice Minya,Pizza,4,479 EGP,0,Card,C031,Motorcycle,12.2,14,45,47,3,U0193,Delivered,,0
ORD03834,6/1/2025 21:53,New Minya,New Minya,Basbousa Bar,Desserts,2,112 EGP,0,Card,C050,Bicycle,11.3,15,45,90,3,U0732,Delivered,,1
ORD00230,3/25/2025 18:08,Minya,Shalaby,Sheikh El-Balad,Grills,2,EGP 327,0,Cash,C101,Motorcycle,4.4,28,30,0,5,U1409,Delivered,,0
ORD03513,4/5/2025 21:38, Minya,El-Sahel,Crispy House,Burgers,1,127 EGP,0,Cash,C101,Motorcycle,6.3,13,35,40,5,U1101,Delivered,,0
ORD03413,5/5/2025 18:26,Minya,El-Sahel,Foul El-Mahatta,Egyptian,2,85,0,Cash,C066,Bicycle,4.6,7,30,41,4,U0428,Delivered,,0
ORD00897,3/7/2025 13:08,MINYA,Shalaby,Slice Minya,Pizza,5,475,44,Cash,C096,Tuk-tuk,1.8,16,25,31,4,U0031,Delivered,,1
ORD03412,1/3/2025 20:56,New Minya,New Minya,Crispy House,Burgers,1,EGP 100,0,Wallet,C019,Bicycle,12,13,45,101,2,U0071,Delivered,customer not answering,0
ORD03850,8/5/2025 17:36,Menia,Ard Sultan,Pizza Roma,Pizza,1,EGP 110,6,Card,C037,Motorcycle,4.3,16,30,17,5,U0148,Delivered,,0
ORD00789,2/2/2025 23:32,El-Minya,Abu Helal,Slice Minya,Pizza,5,EGP 564,0,Cash,C050,Motorcycle,1.9,14,25,12,5,U1429,Delivered,,1
ORD03953,2/2/2025 20:44,El-Minya El-Gedida,New Minya,Pizza Roma,Pizza,4,EGP 365,0,Wallet,C102,Motorcycle,,20,40,56,4,U0453,Delivered,,0
ORD02517,1/22/2025 13:51,Minya,Wast El-Balad,Burger Corniche,Burgers,2,217,0,Cash,C078,Bicycle,3.7,13,30,36,5,U0375,Delivered,,1
ORD00851,2/2/2025 14:25,Minya,Corniche El-Nil,Koshary El-Sheikh,Egyptian,3,EGP 166,0,Card,C068,Bicycle,1.8,9,25,25,5,U0586,Delivered,,1
ORD00141,5/1/2025 14:18,MINYA,Abu Helal,Sheikh El-Balad,Grills,1,132 EGP,28,Wallet,C054,Tuk-tuk,3.2,31,25,45,,U0808,Delivered,,0
ORD01606,27/06/2025 15:40,Minya,Corniche El-Nil,Pizza Roma,Pizza,1,131 EGP,0,Card,C017,Bicycle,4.1,18,30,34,5,U0707,Delivered,,0
ORD00821,9/2/2025 18:33, Minya,Shalaby,El-Dawar,Egyptian,4,216,28,Cash,C056,Motorcycle,,13,30,29,,U0743,Delivered,,1
ORD02842,6/12/2025 20:44,Minya,Wast El-Balad,Slice Minya,Pizza,5,331,0,Cash,C055,Motorcycle,0.6,18,20,37,,U0273,Delivered,,0
ORD00481,1/7/2025 15:25,New Minya,New Minya,Basbousa Bar,Desserts,6,426,0,Cash,C058,Motorcycle,13.2,13,50,39,5,U0863,Delivered,,1
ORD00852,5/31/2025 19:00,Minya,El-Gamaa,Om Ali House,Desserts,1,56,10,Wallet,C025,Motorcycle,5.3,12,30,39,4,U0194,Delivered,,0
ORD00672,3/31/2025 20:19,new minya,New Minya,Bahary Corner,Fish,2,275,0,Wallet,C018,Motorcycle,11,32,45,68,,U0623,Delivered,,1
ORD00273,1/3/2025 15:48,Minya,Ard Sultan,Bahary Corner,Fish,6,"1,039 EGP",0,Card,C041,Motorcycle,3.7,29,30,34,,U1139,Delivered,,1
ORD03851,6/12/2025 12:07,Minya,Nazlet Hussein,Slice Minya,Pizza,5,EGP 509,0,Card,C054,Bicycle,6.5,12,35,46,4,U1398,Delivered,address unclear,0
ORD01903,6/16/2025 15:32,El Minya,El-Mahatta,Crispy House,Burgers,2,189,0,Cash,C047,Motorcycle,3.3,14,25,31,4,U1388,Delivered,,0
ORD00984,5/6/2025 14:39,Minya,Shalaby,Hadouta Masreya,Egyptian,2,EGP 104,23,Card,C048,Motorcycle,4.9,13,30,28,5,U1210,Delivered,,0
ORD04114,2/24/2025 19:51,Minya,El-Mahatta,Bites Burger,Burgers,3,EGP 231,0,Card,C078,Motorcycle,2.8,16,25,,,U0101,Cancelled,,
ORD01437,2/16/2025 13:54,El Minya,El-Mahatta,Hadouta Masreya,Egyptian,3,135,31,Cash,C080,Motorcycle,2.1,14,25,17,4,U0080,Delivered,,0
ORD02896,4/15/2025 21:56,Minya,El-Gamaa,El-Dawar,Egyptian,6,252 EGP,31,Card,C098,Motorcycle,6.2,8,35,28,5,U0078,Delivered,,1
ORD03386,16/05/2025 20:28,Minya,Ard Sultan,El-Abd Minya,Desserts,2,80,4,Card,C077,Bicycle,3.6,9,30,36,4,U1365,Delivered,,0
ORD00237,10/6/2025 20:31,Minya,El-Sahel,Bahary Corner,Fish,1,174 EGP,0,Card,C037,Tuk-tuk,5.1,30,30,56,2,U0388,Delivered,,0
ORD04163,1/22/2025 19:31,MINYA,Wast El-Balad,Basbousa Bar,Desserts,1,68,0,Cash,C041,Motorcycle,,10,30,43,,U0446,Delivered,,0
ORD01564,3/14/2025 14:15,El-Minya,Wast El-Balad,Foul El-Mahatta,Egyptian,1,50 EGP,0,Cash,C064,Tuk-tuk,0.6,17,20,24,5,U0197,Delivered,,1
ORD04198,6/7/2025 21:40,Minya,Nazlet Hussein,El-Abd Minya,Desserts,4,144 EGP,0,Card,C108,Motorcycle,6.4,11,35,27,,U0266,Delivered,,0
ORD03284,2/16/2025 18:29,Minya,Abu Helal,Forno Nile,Pizza,3,305 EGP,0,Card,C095,Bicycle,2.8,34,25,49,,U0025,Delivered,,0
ORD00665,6/10/2025 20:15,minya,El-Mahatta,Sheikh El-Balad,Grills,2,321 EGP,0,Cash,C079,Motorcycle,2.4,30,25,,,U0559,Cancelled,,
ORD01212,18/03/2025 12:57,MINYA,Abu Helal,Om Ali House,Desserts,4,229 EGP,0,Wallet,C074,Motorcycle,1.9,6,25,,,U1337,Cancelled,,
ORD03841,15/02/2025 16:30,Minya,Shalaby,El-Abd Minya,Desserts,5,EGP 178,20,Card,C055,Motorcycle,3,13,25,,,U1325,Cancelled,,
ORD02819,5/12/2025 18:24,Minya ,Wast El-Balad,Burger Corniche,Burgers,3,EGP 229,31,Card,C021,Tuk-tuk,1.2,13,25,18,5,U0404,Delivered,,0
ORD01622,3/12/2025 14:23,New Minya,New Minya,El-Dawar,Egyptian,1,EGP 64,0,Card,C025,Motorcycle,12.2,8,45,30,5,U0681,Delivered,,1
ORD00267,5/13/2025 19:28,Minya ,El-Gamaa,El-Abd Minya,Desserts,6,278 EGP,0,Cash,C061,Tuk-tuk,5.9,10,35,35,4,U0691,Delivered,,1
ORD01646,6/11/2025 20:47,Abu Qurqas,Abu Qurqas,Sheikh El-Balad,Grills,5,477 EGP,36,Cash,C030,Motorcycle,14.6,30,50,78,,U0224,Delivered,,0
ORD02927,19/03/2025 22:05,Minya,El-Sahel,Bites Burger,Burgers,2,256 EGP,0,Cash,C046,Motorcycle,6,5,35,17,4,U0656,Delivered,,0
ORD02736,4/28/2025 20:07,Minya,Shalaby,Koshary El-Sheikh,Egyptian,2,106 EGP,0,Card,C004,Bicycle,4,4,30,42,4,U1037,Delivered,,1
ORD00588,1/12/2025 23:50,Minya ,Wast El-Balad,Crispy House,Burgers,2,202,21,Card,C030,Motorcycle,1.5,14,25,19,5,U0951,Delivered,,0
ORD02816,2/26/2025 20:25,El Minya,El-Gamaa,Om Ali House,Desserts,1,71,10,Wallet,C057,Motorcycle,5,14,30,28,,U0442,Delivered,,1
ORD02505,6/30/2025 20:35,Minya,Abu Helal,Bites Burger,Burgers,6,EGP 510,0,Cash,C065,Motorcycle,2.4,17,25,33,4,U0392,Delivered,,1
ORD02491,25/02/2025 20:12,Minya,Corniche El-Nil,El-Abd Minya,Desserts,6,363 EGP,45,Wallet,C028,Bicycle,,5,25,16,5,U1399,Delivered,,1
ORD04033,4/13/2025 14:12,MINYA,Shalaby,Bites Burger,Burgers,5,374 EGP,49,Wallet,C046,Motorcycle,5.7,13,30,,,U1070,Cancelled,,
ORD00144,2/28/2025 21:49,Minya,Abu Helal,El-Nil Fish,Fish,2,EGP 320,0,Card,C029,Tuk-tuk,,26,25,0,4,U0401,Delivered,,1
ORD03248,3/7/2025 20:14,Minya,El-Gamaa,Tamara Sweets,Desserts,4,182 EGP,0,Cash,C063,Motorcycle,8,14,35,45,4,U0932,Delivered,,0
ORD02064,1/9/2025 19:39,Minya,El-Mahatta,Sheikh El-Balad,Grills,4,550,0,Cash,C042,Bicycle,3.8,37,30,66,,U0385,Delivered,,0
ORD00172,18/02/2025 13:18,Menia,Nazlet Hussein,Tamara Sweets,Desserts,6,"2,905 EGP",146,Card,C007,Motorcycle,7.8,10,35,29,4,U0825,Delivered,,0
ORD01166,14/02/2025 21:28,New Minya,New Minya,Forno Nile,Pizza,6,499 EGP,0,Card,C008,Bicycle,12.2,34,45,113,1,U0166,Delivered,,0
ORD01730,11/6/2025 14:57,New Minya,New Minya,Basbousa Bar,Desserts,5,320 EGP,23,Cash,C100,Bicycle,12.6,9,45,87,3,U0405,Delivered,,0
ORD00142,5/19/2025 12:43,Minya,Wast El-Balad,El-Abd Minya,Desserts,2,107,17,Cash,C009,Motorcycle,1.2,4,25,8,,U0548,Delivered,,1
ORD00357,2/22/2025 20:22,minya,El-Mahatta,Sultan Grill,Grills,1,108 EGP,7,Card,C018,Motorcycle,,22,30,45,4,U0211,Delivered,,1
ORD02308,6/19/2025 20:54,Minya,Corniche El-Nil,Basbousa Bar,Desserts,3,156 EGP,0,Card,C036,Tuk-tuk,2.2,12,25,26,4,U1443,Delivered,,1
ORD00198,4/12/2025 19:26,Minya,Wast El-Balad,Bahary Corner,Fish,4,729,0,Cash,C026,Bicycle,1.9,34,25,53,3,U1067,Delivered,,1
ORD02121,5/28/2025 18:55,minya,El-Gamaa,Farag Kebab,Grills,1,120,0,Card,C036,Bicycle,7.8,19,35,60,3,U0598,Delivered,,0
ORD01332,2/20/2025 16:04,Menia,Nazlet Hussein,El-Abd Minya,Desserts,1,82,0,Cash,C053,Motorcycle,4.8,10,30,25,4,U0100,Delivered,,1
ORD00200,3/16/2025 20:42,El Minya,Wast El-Balad,Bahary Corner,Fish,1,146,0,Cash,C096,Motorcycle,2.7,37,25,62,2,U1286,Delivered,address unclear,1
ORD03392,2/27/2025 23:51,minya,Ard Sultan,Pizza Roma,Pizza,1,EGP 108,0,Card,C002,Motorcycle,4,19,30,22,4,U0338,Delivered,,1
ORD00924,4/30/2025 15:31,Minya,Abu Helal,Sultan Grill,Grills,6,850 EGP,0,Cash,C092,Bicycle,2.4,23,25,47,3,U0364,Delivered,,0
ORD00018,3/5/2025 13:46,Minya,Ard Sultan,El-Abd Minya,Desserts,6,275,0,Card,C041,Bicycle,2.5,7,25,29,,U0818,Delivered,,1
ORD02274,3/12/2025 20:11,Abu Qorqas,Abu Qurqas,Koshary El-Sheikh,Egyptian,4,EGP 183,0,Wallet,C014,Motorcycle,15.4,7,55,56,5,U0119,Delivered,,0
ORD04185,4/22/2025 12:32, Minya,Corniche El-Nil,Om Ali House,Desserts,1,49,0,Card,C103,Motorcycle,3,13,25,22,4,U0950,Delivered,,1
ORD02102,5/13/2025 16:15,Minya,Ard Sultan,Slice Minya,Pizza,3,350 EGP,0,Cash,C051,Bicycle,3.5,14,30,38,4,U1182,Delivered,,1
ORD01429,5/16/2025 11:34,Minya,El-Sahel,El-Nil Fish,Fish,6,EGP 821,0,Card,C077,Bicycle,5.8,31,35,58,,U0004,Delivered,,0
ORD01720,2/28/2025 18:39,Minya,El-Mahatta,Bahary Corner,Fish,5,515 EGP,0,Cash,C077,Motorcycle,2.1,36,25,41,,U0590,Delivered,,1
ORD01320,12/3/2025 19:44,El-Minya,El-Mahatta,Samak El-Balad,Fish,1,102,0,Card,C078,Tuk-tuk,2.2,24,25,40,4,U0577,Delivered,address unclear,1
ORD01534,1/12/2025 11:09,Abu Qurqas,Abu Qurqas,Koshary El-Sheikh,Egyptian,5,239 EGP,0,Cash,C020,Motorcycle,17.9,14,60,61,4,U0131,Delivered,,1
ORD00926,4/20/2025 19:46,Minya,Abu Helal,Forno Nile,Pizza,4,468 EGP,0,Cash,C068,Motorcycle,3.3,33,25,55,,U0671,Delivered,,1
ORD02049,3/5/2025 18:18,minya,El-Gamaa,Koshary El-Sheikh,Egyptian,5,EGP 225,0,Cash,C110,Motorcycle,7.1,16,35,39,5,U0126,Delivered,,0
ORD01900,29/04/2025 19:57,MINYA,Shalaby,Pizza Roma,Pizza,3,255,0,Cash,C004,Tuk-tuk,4.8,21,30,41,4,U0411,Delivered,,0
ORD01031,5/27/2025 23:56,Minya,El-Sahel,Burger Corniche,Burgers,1,EGP 45,8,Cash,C087,Motorcycle,4.9,9,30,19,,U0141,Delivered,,0
ORD02905,14/01/2025 23:17,Minya,El-Mahatta,Koshary El-Sheikh,Egyptian,4,161 EGP,0,Wallet,C004,Motorcycle,2,12,25,13,5,U1373,Delivered,,0
ORD03182,1/16/2025 11:43, Minya,El-Mahatta,El-Abd Minya,Desserts,6,255,0,Cash,C009,Motorcycle,4.5,10,30,18,5,U0702,Delivered,,1
ORD00593,1/13/2025 16:24,Minya,Abu Helal,Koshary El-Sheikh,Egyptian,3,138 EGP,21,Cash,C067,Motorcycle,2.1,13,25,13,5,U0443,Delivered,,1
ORD01309,6/21/2025 18:39,El Minya,Shalaby,Pizza Roma,Pizza,1,113 EGP,12,Cash,C025,Motorcycle,4,22,30,29,5,U1068,Delivered,,1
ORD01699,3/6/2025 22:47,Minya,El-Mahatta,Foul El-Mahatta,Egyptian,5,279,0,Cash,C096,Bicycle,2.7,11,25,25,5,U0928,Delivered,,1
ORD01297,6/11/2025 19:50,El Minya,Nazlet Hussein,Tamara Sweets,Desserts,4,82,0,Card,C100,Motorcycle,6.3,10,35,33,5,U0899,Delivered,,0
ORD00843,6/10/2025 15:29,New Minya ,New Minya,Tamara Sweets,Desserts,2,89,7,Card,C063,Bicycle,11.2,16,45,91,,U1074,Delivered,,0
ORD02093,11/3/2025 19:58,Minya,Ard Sultan,Pizza Roma,Pizza,1,109,0,Cash,C009,Motorcycle,3.5,18,30,39,5,U0131,Delivered,,1
ORD01811,25/02/2025 15:43,Menia,Shalaby,Sheikh El-Balad,Grills,3,420 EGP,0,Card,C050,Motorcycle,4.4,28,30,43,,U1158,Delivered,,0
ORD03952,2/7/2025 19:27,Minya,Abu Helal,Farag Kebab,Grills,1,EGP 213,0,Cash,C079,Bicycle,3.4,23,30,46,,U1054,Delivered,,1
ORD02244,6/21/2025 20:25,Minya ,El-Mahatta,Hadouta Masreya,Egyptian,4,231 EGP,0,Cash,C063,Motorcycle,4,18,30,46,4,U0200,Delivered,,1
ORD01981,1/27/2025 20:15,Abu Qurqas,Abu Qurqas,Pizza Roma,Pizza,1,95 EGP,0,Wallet,C064,Tuk-tuk,16,15,55,80,4,U0773,Delivered,,1
ORD02161,4/3/2025 13:57,Minya,Shalaby,El-Nil Fish,Fish,3,550,46,Cash,C031,Motorcycle,3.4,25,30,36,,U0949,Delivered,,1
ORD01103,6/2/2025 23:47,ABU QURQAS,Abu Qurqas,El-Nil Fish,Fish,4,EGP 540,0,Wallet,C069,Motorcycle,17.7,25,60,63,4,U0413,Delivered,,1
ORD03167,1/30/2025 14:59,Abu Qorqas,Abu Qurqas,Samak El-Balad,Fish,5,799 EGP,0,Cash,C032,Motorcycle,16.3,15,55,53,4,U0324,Delivered,,1
ORD01368,25/01/2025 21:44,New Minya,New Minya,Samak El-Balad,Fish,3,502 EGP,0,Card,C083,Motorcycle,11.8,16,45,64,3,U0189,Delivered,,0
ORD00471,1/1/2025 14:58,Minya,Abu Helal,Slice Minya,Pizza,2,221 EGP,0,Wallet,C043,Motorcycle,1.8,21,25,28,4,U0218,Delivered,,1
ORD00552,3/30/2025 13:10,Minya,Abu Helal,Samak El-Balad,Fish,6,576,0,Cash,C021,Motorcycle,4.6,24,30,38,5,U1144,Delivered,,1
ORD04079,11/4/2025 16:59,Abu Qurqas,Abu Qurqas,El-Nil Fish,Fish,3,EGP 531,0,Card,C055,Motorcycle,14.8,22,50,58,,U1165,Delivered,,0
ORD03288,4/26/2025 18:24,Minya,Abu Helal,Hadouta Masreya,Egyptian,2,122 EGP,13,Card,C107,Motorcycle,2.7,10,25,23,4,U1305,Delivered,,0
ORD03506,3/22/2025 23:08,Menia,El-Mahatta,Crispy House,Burgers,2,197,48,Wallet,C021,Motorcycle,1.4,15,25,26,4,U1109,Delivered,,1
ORD03196,2/10/2025 23:27,Minya,Corniche El-Nil,Basbousa Bar,Desserts,6,349,61,Wallet,C009,Tuk-tuk,1.8,4,25,7,5,U0936,Delivered,,1
ORD00841,5/21/2025 18:26,Minya,El-Gamaa,Forno Nile,Pizza,3,349 EGP,0,Cash,C093,Motorcycle,5,26,30,39,3,U0999,Delivered,,0
ORD01673,1/20/2025 18:19,New Minya,New Minya,Farag Kebab,Grills,6,EGP 643,0,Cash,C060,Motorcycle,9.3,20,40,38,,U0091,Delivered,,0
ORD02320,14/04/2025 11:47,Minya,Wast El-Balad,Bites Burger,Burgers,4,188,0,Card,C055,Motorcycle,1.8,19,25,28,4,U0851,Delivered,,1
ORD01611,2/5/2025 21:39,Abu Qurqas,Abu Qurqas,Hadouta Masreya,Egyptian,4,206,30,Cash,C092,Bicycle,17.3,14,55,137,1,U0275,Delivered,,0
ORD01810,1/28/2025 16:25, Minya,Corniche El-Nil,Farag Kebab,Grills,3,EGP 379,0,Cash,C060,Motorcycle,2.1,18,25,19,5,U0651,Delivered,,0
ORD00746,23/06/2025 16:38,Abu Qorqas,Abu Qurqas,Foul El-Mahatta,Egyptian,5,218,13,Cash,C081,Motorcycle,14.2,5,50,36,5,U0236,Delivered,,1
ORD03400,3/23/2025 17:30,Minya,El-Gamaa,Sheikh El-Balad,Grills,1,147 EGP,0,Cash,C002,Motorcycle,5.7,35,30,49,4,U0771,Delivered,,0
ORD00363,3/4/2025 20:47,Minya,Corniche El-Nil,Foul El-Mahatta,Egyptian,3,163,0,Card,C089,Tuk-tuk,4.3,16,30,48,3,U0174,Delivered,,1
ORD03737,4/20/2025 21:50,El-Minya,Shalaby,Tamara Sweets,Desserts,2,106 EGP,0,Cash,C075,Tuk-tuk,4.5,9,30,38,4,U0319,Delivered,,1
ORD03308,3/3/2025 14:25,Minya ,El-Mahatta,Tamara Sweets,Desserts,1,EGP 64,0,Cash,C069,Motorcycle,5.2,4,30,17,5,U1055,Delivered,,1
ORD03714,5/31/2025 19:03,Minya,Abu Helal,Om Ali House,Desserts,4,175 EGP,30,Wallet,C031,Motorcycle,2.5,11,25,20,,U0831,Delivered,,1
ORD01233,1/26/2025 19:35,El-Minya,Shalaby,Bahary Corner,Fish,3,502,117,Cash,C046,Tuk-tuk,5.6,31,30,61,3,U0912,Delivered,,1
ORD03864,1/26/2025 23:17,Minya,Ard Sultan,Tamara Sweets,Desserts,3,183,0,Wallet,C076,Motorcycle,4,13,30,21,4,U0325,Delivered,,1
ORD01288,4/6/2025 19:56,Minya,Nazlet Hussein,Forno Nile,Pizza,1,105,0,Cash,C085,Bicycle,8.1,31,40,85,2,U1279,Delivered,,0
ORD00123,23/05/2025 18:30,Minya,El-Mahatta,Tamara Sweets,Desserts,1,71 EGP,0,Cash,C092,Motorcycle,4,10,30,22,5,U0361,Delivered,,1
ORD00854,4/27/2025 21:16,Minya,Ard Sultan,Forno Nile,Pizza,5,526 EGP,0,Cash,C042,Tuk-tuk,1.4,31,25,46,4,U1200,Delivered,,1
ORD03604,3/1/2025 23:54,Minya,El-Gamaa,Samak El-Balad,Fish,5,854,0,Wallet,C035,Motorcycle,6.1,17,35,40,5,U0857,Delivered,,1
ORD02723,1/28/2025 17:13,El-Minya,Corniche El-Nil,El-Dawar,Egyptian,3,172 EGP,0,Card,C091,Motorcycle,3.8,8,30,24,5,U1325,Delivered,,1
ORD03054,3/6/2025 19:55,Minya,Abu Helal,Samak El-Balad,Fish,5,569 EGP,0,Wallet,C102,Motorcycle,3.7,27,30,35,4,U0801,Delivered,,1
ORD02127,1/19/2025 18:42,Minya,Wast El-Balad,Tamara Sweets,Desserts,3,186,0,Cash,C078,Motorcycle,0.6,12,20,15,5,U0052,Delivered,,0
ORD03223,5/25/2025 13:12,Minya,Shalaby,El-Nil Fish,Fish,4,352 EGP,0,Wallet,C085,Motorcycle,4.5,21,30,26,4,U0736,Delivered,,1
ORD02169,4/21/2025 19:56,Minya,El-Gamaa,Slice Minya,Pizza,3,EGP 358,0,Wallet,C073,Motorcycle,4.7,14,30,30,4,U0713,Delivered,,1
ORD02522,17/06/2025 22:27,El-Minya,Wast El-Balad,Basbousa Bar,Desserts,5,EGP 334,0,Card,C017,Bicycle,1.2,4,25,10,5,U0721,Delivered,,1
ORD04129,6/30/2025 13:05,El-Minya,El-Gamaa,Bites Burger,Burgers,1,98 EGP,0,Cash,C100,Tuk-tuk,4.7,10,30,24,4,U1249,Delivered,,0
ORD02436,3/21/2025 20:13,Abu Qurqas,Abu Qurqas,Forno Nile,Pizza,2,EGP 203,0,Card,C047,Tuk-tuk,15.7,20,55,78,,U1102,Delivered,,0
ORD04020,27/06/2025 14:32,MINYA,Ard Sultan,Forno Nile,Pizza,5,257,0,Cash,C075,Bicycle,4.4,23,30,38,5,U0761,Delivered,,1
ORD00008,2/13/2025 16:43,New Minya,New Minya,Forno Nile,Pizza,6,435 EGP,50,Card,C068,Motorcycle,11.3,36,45,54,4,U1160,Delivered,,0
ORD02213,21/05/2025 20:51,Minya,El-Sahel,Burger Corniche,Burgers,4,EGP 354,58,Cash,C002,Motorcycle,4.4,22,30,39,4,U0084,Delivered,,1
ORD00625,3/24/2025 16:38,Minya,Wast El-Balad,Basbousa Bar,Desserts,3,151 EGP,21,Cash,C013,Tuk-tuk,1.8,9,25,14,4,U1281,Delivered,,1
ORD03056,5/18/2025 19:50,Minya,Abu Helal,Foul El-Mahatta,Egyptian,2,EGP 106,0,Card,C089,Motorcycle,3.7,10,30,29,5,U0841,Delivered,,1
ORD00660,9/2/2025 20:32,Abu Qurqas,Abu Qurqas,Forno Nile,Pizza,4,400 EGP,52,Cash,C104,Bicycle,15,31,50,144,1,U1400,Delivered,address unclear,0
ORD02176,5/28/2025 18:47,Minya,Ard Sultan,Sheikh El-Balad,Grills,2,EGP 276,0,Card,C012,Motorcycle,4.8,31,30,47,4,U0023,Delivered,,1
ORD00538,6/5/2025 12:35,Minya ,El-Sahel,Om Ali House,Desserts,5,243 EGP,0,Cash,C086,Tuk-tuk,6,6,35,29,4,U0180,Delivered,,1
ORD01181,6/3/2025 22:13,MINYA,El-Mahatta,Samak El-Balad,Fish,2,271 EGP,30,Card,C063,Motorcycle,3.8,21,30,,,U0875,Cancelled,,
ORD00590,24/04/2025 13:20,Minya,Ard Sultan,Burger Corniche,Burgers,3,180 EGP,0,Cash,C028,Bicycle,3.5,16,30,30,5,U0116,Delivered,,0
ORD02307,2/16/2025 18:33,minya,El-Gamaa,Tamara Sweets,Desserts,3,"EGP 1,795",317,Card,C081,Motorcycle,5.5,6,30,13,5,U0194,Delivered,,1
ORD00046,4/8/2025 19:07,El-Minya,Ard Sultan,El-Nil Fish,Fish,5,825 EGP,198,Card,C015,Motorcycle,5.8,17,35,52,,U0583,Delivered,,0
ORD01565,6/20/2025 17:05, Minya,Corniche El-Nil,Farag Kebab,Grills,5,748,0,Cash,C094,Bicycle,1.8,23,25,28,5,U0406,Delivered,,1
ORD01546,14/03/2025 12:51,ABU QURQAS,Abu Qurqas,Tamara Sweets,Desserts,3,163,0,Wallet,C086,Motorcycle,16.4,8,55,42,4,U0074,Delivered,,0
ORD02212,6/17/2025 13:41,Minya,El-Sahel,Basbousa Bar,Desserts,2,124,0,Card,C102,Motorcycle,3.9,13,30,32,,U1186,Delivered,,1
ORD01760,2/6/2025 14:40,El-Minya,El-Mahatta,Sultan Grill,Grills,4,784 EGP,81,Card,C089,Tuk-tuk,4.1,14,30,23,,U0493,Delivered,,1
ORD01462,27/05/2025 19:06,New Minya,New Minya,Bahary Corner,Fish,2,282 EGP,0,Card,C022,Tuk-tuk,10.8,33,45,81,,U0566,Delivered,,1
ORD00934,3/25/2025 22:15,Minya,Shalaby,Bahary Corner,Fish,4,508 EGP,67,Card,C099,Motorcycle,0,28,30,36,,U0871,Delivered,,0
ORD01470,5/23/2025 14:56,Minya,Wast El-Balad,El-Abd Minya,Desserts,6,343 EGP,78,Cash,C096,Bicycle,2.4,14,25,23,,U0153,Delivered,,1
ORD00028,5/19/2025 19:28,El Minya,Ard Sultan,Sheikh El-Balad,Grills,6,805 EGP,0,Cash,C071,Bicycle,2.7,29,25,55,3,U0382,Delivered,,0
ORD03036,2/8/2025 13:11,New Minya,New Minya,Sultan Grill,Grills,2,EGP 219,52,Cash,C080,Bicycle,11,14,45,76,,U1114,Delivered,,0
ORD02310,1/20/2025 17:24,Minya,Nazlet Hussein,Tamara Sweets,Desserts,3,EGP 149,12,Card,C052,Bicycle,6.4,6,35,42,4,U0067,Delivered,,1
ORD03369,1/5/2025 18:34,Minya,Wast El-Balad,Basbousa Bar,Desserts,5,141,0,Cash,C035,Motorcycle,2.5,8,25,16,5,U0011,Delivered,,1
ORD01351,4/23/2025 14:23,Minya,El-Gamaa,Foul El-Mahatta,Egyptian,6,364 EGP,0,Card,C011,Bicycle,6.2,8,35,39,4,U0107,Delivered,,0
ORD02531,5/4/2025 13:07,El-Minya El-Gedida,New Minya,Slice Minya,Pizza,6,EGP 552,0,Cash,C108,Motorcycle,10.5,13,45,36,4,U0232,Delivered,address unclear,1
ORD00052,4/18/2025 19:45,New Minya,New Minya,Hadouta Masreya,Egyptian,3,98 EGP,13,Card,C070,Motorcycle,9.5,15,40,54,,U0709,Delivered,,0
ORD01971,4/6/2025 18:14,Menia,El-Mahatta,Samak El-Balad,Fish,4,441 EGP,33,Cash,C022,Motorcycle,4.3,24,30,39,5,U1095,Delivered,,1
ORD02239,5/19/2025 14:20,Minya,El-Mahatta,El-Dawar,Egyptian,4,EGP 215,0,Cash,C062,Tuk-tuk,2,9,25,14,4,U1105,Delivered,,1
ORD01648,1/27/2025 20:54,Minya,Nazlet Hussein,Bahary Corner,Fish,6,674,0,Card,C014,Tuk-tuk,6.4,30,35,63,3,U0009,Delivered,,0
ORD02080,3/31/2025 21:17,New Minya,New Minya,Sheikh El-Balad,Grills,4,EGP 390,0,Cash,C047,Motorcycle,12.2,29,45,68,2,U0230,Delivered,customer not answering,0
ORD00503,11/4/2025 21:54, Abu Qurqas,Abu Qurqas,Tamara Sweets,Desserts,1,64,5,Cash,C044,Motorcycle,14.2,7,50,54,,U0501,Delivered,,1
ORD03468,5/11/2025 18:36,Minya,Abu Helal,Crispy House,Burgers,2,152 EGP,0,Cash,C005,Motorcycle,0.6,12,20,11,,U1472,Delivered,,0
ORD00317,5/18/2025 22:55,Minya,Corniche El-Nil,Burger Corniche,Burgers,3,EGP 239,0,Card,C049,Bicycle,2.2,11,25,25,5,U0933,Delivered,,1
ORD03616,5/16/2025 20:42,MINYA,Abu Helal,Farag Kebab,Grills,5,EGP 812,101,Cash,C003,Tuk-tuk,1.8,24,25,41,4,U0085,Delivered,,1
ORD02037,25/03/2025 13:25,MINYA,Nazlet Hussein,Sheikh El-Balad,Grills,1,194,17,Card,C058,Tuk-tuk,7.4,36,35,,,U0407,Cancelled,,
ORD01764,5/6/2025 21:40, Abu Qurqas,Abu Qurqas,Forno Nile,Pizza,5,485 EGP,94,Cash,C076,Motorcycle,15.9,27,55,81,3,U0280,Delivered,,1
ORD03009,2/26/2025 19:37,Minya,Shalaby,El-Nil Fish,Fish,2,353,63,Card,C006,Motorcycle,3.2,21,25,32,4,U0820,Delivered,,1
ORD03825,4/10/2025 22:02,Abu Qurqas,Abu Qurqas,Samak El-Balad,Fish,6,"1,231",0,Cash,C102,Bicycle,16.5,21,55,126,,U0396,Delivered,,0
ORD03817,6/8/2025 19:47, Minya,El-Mahatta,El-Nil Fish,Fish,4,685,0,Card,C110,Motorcycle,3.2,27,25,38,5,U0450,Delivered,,1
ORD02377,2/25/2025 11:17,Minya,Shalaby,Samak El-Balad,Fish,2,335,81,Wallet,C033,Tuk-tuk,1.9,27,25,33,5,U0634,Delivered,,0
ORD00146,9/6/2025 11:27,El-Minya,Wast El-Balad,Bahary Corner,Fish,5,410,0,Card,C046,Motorcycle,0.6,32,20,33,5,U0020,Delivered,,0
ORD01099,4/9/2025 13:12, Minya,Ard Sultan,Basbousa Bar,Desserts,3,EGP 135,11,Card,C101,Motorcycle,3.2,14,25,24,5,U0897,Delivered,,1
ORD00816,4/29/2025 19:45,Minya,Corniche El-Nil,Sultan Grill,Grills,2,272,40,Cash,C109,Tuk-tuk,4.3,24,30,,,U0191,Cancelled,,
ORD02544,1/6/2025 14:34,New Minya,New Minya,Farag Kebab,Grills,1,135 EGP,31,Card,C103,Motorcycle,12,22,45,49,4,U1204,Delivered,,1
ORD03132,5/10/2025 21:39,Minya,Wast El-Balad,Bites Burger,Burgers,3,356,71,Card,C031,Tuk-tuk,0.8,8,20,15,4,U1494,Delivered,,0
ORD02911,27/02/2025 21:25,new minya,New Minya,Basbousa Bar,Desserts,2,EGP 96,0,Cash,C048,Tuk-tuk,10.8,10,45,56,4,U1219,Delivered,,0
ORD02575,5/24/2025 20:25,minya,El-Sahel,El-Nil Fish,Fish,4,495,32,Cash,C078,Tuk-tuk,4.7,20,30,45,4,U0840,Delivered,,0
ORD00450,21/04/2025 15:43,Minya,Nazlet Hussein,Bahary Corner,Fish,3,323 EGP,77,Card,C100,Motorcycle,4.8,32,30,42,4,U1383,Delivered,,0
ORD03303,1/17/2025 19:54,Minya,El-Mahatta,Bahary Corner,Fish,3,354,0,Card,C018,Tuk-tuk,3.7,26,30,49,4,U0282,Delivered,,0
ORD02443,1/15/2025 19:36,Menia,Shalaby,Koshary El-Sheikh,Egyptian,1,EGP 73,0,Cash,C021,Motorcycle,3.4,12,30,35,5,U1027,Delivered,,1
ORD02827,3/19/2025 20:43,Minya,El-Sahel,Sultan Grill,Grills,1,107 EGP,22,Cash,C037,Motorcycle,4.8,16,30,50,,U0146,Delivered,,0
ORD03137,2/9/2025 19:08,Menia,El-Sahel,Forno Nile,Pizza,1,119,0,Wallet,C048,Tuk-tuk,4.3,27,30,53,,U0121,Delivered,,0
ORD01221,27/03/2025 21:05,Minya,Abu Helal,Samak El-Balad,Fish,4,700,0,Cash,C044,Motorcycle,2.8,26,25,38,,U1484,Delivered,,1
ORD01325,5/21/2025 22:54,Minya,Wast El-Balad,Burger Corniche,Burgers,3,374,0,Wallet,C049,Motorcycle,0.7,12,20,,,U0416,Cancelled,,
ORD02055,2/16/2025 15:43,Minya,Wast El-Balad,Pizza Roma,Pizza,4,EGP 337,0,Cash,C086,Motorcycle,4.4,16,30,30,5,U1068,Delivered,,1
ORD00304,4/19/2025 18:49,Minya,Abu Helal,Sheikh El-Balad,Grills,4,344 EGP,0,Wallet,C052,Tuk-tuk,1.8,29,25,37,4,U0250,Delivered,,1
ORD01757,3/7/2025 12:55,Minya,Abu Helal,Slice Minya,Pizza,6,EGP 685,108,Cash,C104,Motorcycle,1.7,19,25,15,5,U0998,Delivered,,1
ORD00954,18/02/2025 20:45,New Minya,New Minya,Pizza Roma,Pizza,5,523,101,Cash,C083,Motorcycle,9.6,26,40,57,3,U0598,Delivered,,1
ORD01583,3/15/2025 19:24,Minya,El-Sahel,Samak El-Balad,Fish,5,448,37,Card,C008,Motorcycle,5.4,19,30,,,U0879,Cancelled,,
ORD03709,6/23/2025 14:53,Abu Qurqas,Abu Qurqas,El-Nil Fish,Fish,4,386,0,Cash,C089,Motorcycle,16.4,21,55,57,5,U1108,Delivered,,1
ORD03954,1/19/2025 20:51,minya,Abu Helal,Samak El-Balad,Fish,2,296 EGP,0,Cash,C021,Motorcycle,1.4,19,25,34,5,U0106,Delivered,,1
ORD00203,27/01/2025 14:31, Minya,El-Gamaa,Bites Burger,Burgers,2,150 EGP,24,Cash,C053,Motorcycle,7.3,20,35,41,4,U0153,Delivered,gate closed,0
ORD02963,5/13/2025 21:36,Minya,Abu Helal,Forno Nile,Pizza,1,101 EGP,0,Wallet,C048,Tuk-tuk,4.5,29,30,55,4,U0501,Delivered,,0
ORD02067,4/28/2025 18:27,Minya,El-Sahel,El-Nil Fish,Fish,4,495 EGP,30,Card,C010,Bicycle,4.9,18,30,43,,U0638,Delivered,,0
ORD04147,3/2/2025 11:35,Minya,Nazlet Hussein,El-Abd Minya,Desserts,5,221,27,Card,C088,Motorcycle,6.2,8,35,21,5,U0593,Delivered,,1
ORD01433,1/7/2025 14:26,Minya,Ard Sultan,Crispy House,Burgers,6,EGP 488,0,Card,C002,Motorcycle,3.3,19,25,30,5,U0430,Delivered,,1
ORD02007,4/27/2025 18:38, Minya,Wast El-Balad,Hadouta Masreya,Egyptian,4,EGP 176,0,Cash,C103,Motorcycle,2.2,13,25,9,4,U1085,Delivered,,1
ORD02143,1/9/2025 14:24,Minya,El-Gamaa,Bahary Corner,Fish,4,444 EGP,0,Card,C038,Tuk-tuk,2.9,27,25,31,5,U0490,Delivered,,1
ORD03421,16/05/2025 16:29,Minya ,Nazlet Hussein,Sheikh El-Balad,Grills,4,600 EGP,0,Card,C098,Motorcycle,5.1,31,30,42,4,U0819,Delivered,,0
ORD00988,1/1/2025 14:21,Minya,Wast El-Balad,Slice Minya,Pizza,4,495 EGP,0,Cash,C057,Bicycle,2.6,12,25,28,4,U1248,Delivered,,0
ORD01343,22/05/2025 19:18,Minya,Wast El-Balad,Tamara Sweets,Desserts,5,EGP 185,0,Card,C051,Motorcycle,1.5,7,25,30,4,U0215,Delivered,,0
ORD02557,2/6/2025 19:46,Minya,Corniche El-Nil,Koshary El-Sheikh,Egyptian,4,141 EGP,0,Card,C025,Motorcycle,0.7,5,20,26,4,U0880,Delivered,,1
ORD03626,3/29/2025 23:51,Minya,Shalaby,El-Nil Fish,Fish,1,EGP 150,0,Card,C099,Motorcycle,3.7,25,30,30,5,U0294,Delivered,,1
ORD00583,6/27/2025 20:31,Minya,Corniche El-Nil,Basbousa Bar,Desserts,3,184 EGP,45,Cash,C060,Bicycle,3.2,9,25,41,4,U0418,Delivered,,1
ORD00709,1/14/2025 12:14,Minya,El-Mahatta,El-Dawar,Egyptian,3,EGP 149,0,Cash,C066,Motorcycle,3,13,25,22,4,U0178,Delivered,,0
ORD02111,3/19/2025 19:20,Minya,El-Gamaa,Slice Minya,Pizza,3,EGP 270,0,Card,C062,Motorcycle,4.5,14,30,29,5,U0419,Delivered,,1
ORD02583,5/10/2025 18:54,El-Minya El-Gedida,New Minya,Tamara Sweets,Desserts,5,EGP 242,0,Cash,C052,Motorcycle,11.9,4,45,33,4,U1253,Delivered,,0
ORD02872,1/26/2025 19:45,El Minya,Ard Sultan,Farag Kebab,Grills,4,469 EGP,0,Wallet,C058,Tuk-tuk,1.3,23,25,44,,U0206,Delivered,,0
ORD02686,3/14/2025 22:20,New Minya ,New Minya,Foul El-Mahatta,Egyptian,3,EGP 171,0,Cash,C021,Bicycle,11.4,12,45,84,2,U0721,Delivered,,0
ORD00149,6/11/2025 15:19,Abu Qurqas,Abu Qurqas,Foul El-Mahatta,Egyptian,2,107,0,Cash,C033,Motorcycle,14.9,13,50,45,5,U0860,Delivered,,1
ORD01917,1/10/2025 13:32,El-Minya,Shalaby,Hadouta Masreya,Egyptian,1,45 EGP,6,Wallet,C033,Tuk-tuk,4.2,16,30,28,4,U1116,Delivered,,0
ORD02651,4/15/2025 21:05,New Minya,New Minya,Burger Corniche,Burgers,1,EGP 92,0,Cash,C080,Tuk-tuk,10.2,10,40,51,4,U0367,Delivered,,1
ORD00333,1/11/2025 18:29,MINYA,Wast El-Balad,El-Nil Fish,Fish,5,845 EGP,130,Cash,C030,Motorcycle,3.2,16,25,21,5,U1420,Delivered,,1
ORD01895,6/29/2025 20:20,New Minya,New Minya,Pizza Roma,Pizza,3,215 EGP,46,Wallet,C060,Motorcycle,9.6,20,40,59,,U0950,Delivered,,0
ORD03681,3/28/2025 14:34,Abu Qorqas,Abu Qurqas,Crispy House,Burgers,2,185,0,Cash,C084,Bicycle,17.5,12,55,130,,U0773,Delivered,,0
ORD00632,1/20/2025 19:12,Menia,Shalaby,Bites Burger,Burgers,3,242 EGP,0,Cash,C022,Motorcycle,3.7,11,30,27,4,U0564,Delivered,,0
ORD01833,6/11/2025 16:36,MINYA,Corniche El-Nil,El-Nil Fish,Fish,1,161,0,Wallet,C025,Motorcycle,2.5,26,25,28,4,U0877,Delivered,,1
ORD01670,1/2/2025 20:55,Minya,Corniche El-Nil,Hadouta Masreya,Egyptian,4,198 EGP,24,Card,C105,Motorcycle,2.1,19,25,41,3,U0020,Delivered,,1
ORD01645,2/16/2025 20:34,New Minya,New Minya,Hadouta Masreya,Egyptian,2,EGP 100,0,Cash,C044,Motorcycle,9.4,18,40,53,5,U1019,Delivered,,1
ORD00858,4/21/2025 23:52,minya,Wast El-Balad,Farag Kebab,Grills,1,142,0,Card,C108,Bicycle,0.7,20,20,32,4,U0519,Delivered,,0
ORD03047,6/3/2025 12:56,Minya,El-Gamaa,Forno Nile,Pizza,5,416,45,Card,C065,Tuk-tuk,5,28,30,40,4,U1170,Delivered,,1
ORD01067,1/9/2025 19:47,El-Minya,El-Mahatta,Sheikh El-Balad,Grills,3,598 EGP,0,Card,C038,Motorcycle,3.3,38,25,0,,U0211,Delivered,,1
ORD03130,1/11/2025 15:12,minya,El-Sahel,Sultan Grill,Grills,5,590 EGP,0,Cash,C061,Motorcycle,5.5,18,30,30,5,U1077,Delivered,,1
ORD04176,14/05/2025 19:26,Minya,Abu Helal,Hadouta Masreya,Egyptian,2,99 EGP,0,Cash,C039,Motorcycle,2.8,13,25,38,4,U0303,Delivered,,1
ORD01405,6/6/2025 12:10,Minya ,Wast El-Balad,El-Nil Fish,Fish,1,192,17,Card,C024,Motorcycle,2.8,17,25,13,5,U0451,Delivered,,0
ORD00003,3/18/2025 18:58,El-Minya El-Gedida,New Minya,Farag Kebab,Grills,4,574 EGP,0,Cash,C051,Tuk-tuk,11.3,17,45,52,4,U1072,Delivered,,0
ORD02824,4/18/2025 18:04,El-Minya El-Gedida,New Minya,Foul El-Mahatta,Egyptian,4,148,0,Card,C003,Tuk-tuk,,12,45,45,5,U1387,Delivered,,1
ORD01628,3/26/2025 13:01,Minya ,Nazlet Hussein,Slice Minya,Pizza,1,115 EGP,0,Cash,C033,Motorcycle,,19,35,,,U0597,Cancelled,,
ORD00479,3/9/2025 22:43,Minya,Corniche El-Nil,Bahary Corner,Fish,2,"1,586 EGP",0,Card,C002,Bicycle,2.2,31,25,43,4,U1175,Delivered,,1
ORD04015,7/5/2025 20:45, Minya,El-Mahatta,Sultan Grill,Grills,1,119 EGP,0,Wallet,C099,Motorcycle,2.9,19,25,30,5,U1348,Delivered,,1
ORD00747,5/26/2025 23:08,Minya,Corniche El-Nil,Hadouta Masreya,Egyptian,1,69 EGP,0,Cash,C035,Motorcycle,1.5,9,25,15,5,U1235,Delivered,,1
ORD00108,1/10/2025 14:51,Minya ,El-Sahel,Crispy House,Burgers,3,266 EGP,0,Card,C023,Bicycle,6.2,14,35,52,4,U0171,Delivered,,1
ORD03372,1/30/2025 12:33,Menia,El-Mahatta,Hadouta Masreya,Egyptian,3,152,38,Cash,C010,Tuk-tuk,2.3,14,25,28,4,U0501,Delivered,,0
ORD03787,4/1/2025 22:28,Minya,Abu Helal,Forno Nile,Pizza,3,277,0,Wallet,C103,Tuk-tuk,3.5,31,30,38,4,U0624,Delivered,,0
ORD02372,5/4/2025 19:29,Abu Qurqas,Abu Qurqas,Basbousa Bar,Desserts,3,211,0,Cash,C037,Motorcycle,16.1,18,55,66,3,U0911,Delivered,,0
ORD02446,5/4/2025 17:59,Minya,Abu Helal,Samak El-Balad,Fish,2,432 EGP,81,Cash,C048,Motorcycle,0.6,22,20,24,5,U0395,Delivered,,1
ORD02245,6/12/2025 20:13,Minya,El-Mahatta,Forno Nile,Pizza,6,686,0,Wallet,C078,Tuk-tuk,2.3,30,25,53,3,U1494,Delivered,,0
ORD04112,3/26/2025 22:03,new minya,New Minya,Pizza Roma,Pizza,5,499 EGP,80,Cash,C106,Tuk-tuk,13.4,16,50,57,5,U0827,Delivered,,1
ORD03591,5/17/2025 19:03,El Minya,El-Mahatta,Crispy House,Burgers,4,EGP 343,0,Cash,C002,Motorcycle,2.7,11,25,25,4,U0306,Delivered,,0
ORD02794,2/17/2025 17:01,MINYA,El-Mahatta,Basbousa Bar,Desserts,4,175 EGP,21,Cash,C024,Motorcycle,3.6,12,30,15,5,U0405,Delivered,,0
ORD03585,5/18/2025 16:35,New Minya ,New Minya,Forno Nile,Pizza,5,434,23,Cash,C085,Tuk-tuk,10.5,28,45,,,U0253,Cancelled,,
ORD00164,12/2/2025 19:16,MINYA,Wast El-Balad,Samak El-Balad,Fish,3,EGP 485,0,Cash,C094,Motorcycle,0.6,25,20,32,4,U1455,Delivered,,1
ORD00956,6/24/2025 15:06,minya,Nazlet Hussein,Sultan Grill,Grills,2,277 EGP,0,Cash,C006,Motorcycle,9.2,19,40,40,5,U1118,Delivered,,0
ORD00104,12/3/2025 20:36,New Minya ,New Minya,Farag Kebab,Grills,1,161,27,Cash,C109,Bicycle,11.6,14,45,98,2,U0194,Delivered,,0
ORD02706,2/8/2025 20:57,Menia,Ard Sultan,Burger Corniche,Burgers,3,233,0,Wallet,C003,Motorcycle,2.5,9,25,24,4,U1173,Delivered,,1
ORD02589,5/22/2025 20:58,Minya,Ard Sultan,El-Nil Fish,Fish,4,706 EGP,0,Cash,C026,Motorcycle,3.2,25,25,48,4,U1073,Delivered,,1
ORD03725,6/4/2025 23:05, Minya,Wast El-Balad,Basbousa Bar,Desserts,4,129 EGP,20,Cash,C056,Motorcycle,3.7,6,30,7,5,U0043,Delivered,,0
ORD01871,6/28/2025 18:36,Minya,Wast El-Balad,Koshary El-Sheikh,Egyptian,4,EGP 212,37,Wallet,C110,Motorcycle,2,14,25,20,5,U0575,Delivered,,1
ORD00243,3/14/2025 22:46,El Minya,Wast El-Balad,Tamara Sweets,Desserts,2,EGP 135,26,Card,C104,Bicycle,0.8,9,20,10,5,U0636,Delivered,,0
ORD03899,10/5/2025 16:19,New Minya,New Minya,Bites Burger,Burgers,1,92,0,Card,C051,Tuk-tuk,,13,40,47,4,U0048,Delivered,,0
ORD02696,1/28/2025 20:48,Menia,Corniche El-Nil,Samak El-Balad,Fish,5,700 EGP,0,Cash,C027,Motorcycle,1.6,18,25,29,5,U1115,Delivered,,0
ORD04042,1/31/2025 15:50, Minya,El-Gamaa,Tamara Sweets,Desserts,4,288 EGP,53,Cash,C093,Motorcycle,5.7,6,30,17,4,U0935,Delivered,,1
ORD02878,2/14/2025 18:11,Abu Qurqas,Abu Qurqas,Basbousa Bar,Desserts,1,EGP 70,12,Cash,C035,Bicycle,16.7,4,55,119,1,U0924,Delivered,,0
ORD01560,9/4/2025 23:07,Minya,Abu Helal,Samak El-Balad,Fish,5,EGP 589,0,Card,C053,Tuk-tuk,2.2,24,25,36,4,U1257,Delivered,,0
ORD02741,6/8/2025 19:11,minya,Wast El-Balad,Samak El-Balad,Fish,6,869 EGP,0,Cash,C089,Motorcycle,1.4,19,25,30,3,U1101,Delivered,,1
ORD00014,6/7/2025 17:38,minya,Corniche El-Nil,Farag Kebab,Grills,1,133 EGP,0,Cash,C077,Tuk-tuk,2.7,19,25,31,5,U0616,Delivered,,0
ORD00894,5/22/2025 20:55,New Minya,New Minya,El-Dawar,Egyptian,2,98 EGP,20,Cash,C028,Bicycle,10.2,13,40,75,3,U0585,Delivered,,0
ORD01738,4/26/2025 15:26,NEW MINYA,New Minya,Hadouta Masreya,Egyptian,3,176 EGP,0,Cash,C110,Motorcycle,11.4,15,45,44,4,U0653,Delivered,,1
ORD01450,4/27/2025 19:26,Minya,El-Mahatta,Bahary Corner,Fish,3,EGP 519,86,Cash,C059,Motorcycle,1.5,33,25,50,,U1209,Delivered,,0
ORD00806,4/21/2025 15:25, Minya,Wast El-Balad,Bahary Corner,Fish,5,754,0,Card,C023,Motorcycle,1.7,25,25,30,5,U1488,Delivered,,1
ORD01348,27/04/2025 18:08,Abu Qurqas,Abu Qurqas,El-Nil Fish,Fish,6,962,0,Cash,C008,Bicycle,14.4,24,50,124,1,U0161,Delivered,,0
ORD03292,1/7/2025 16:31,Minya,Corniche El-Nil,Forno Nile,Pizza,3,EGP 350,0,Cash,C043,Motorcycle,3.3,29,25,30,5,U0626,Delivered,,1
ORD03926,6/6/2025 18:08,Minya,El-Mahatta,Crispy House,Burgers,3,EGP 227,20,Card,C090,Motorcycle,3.7,21,30,33,5,U0367,Delivered,,1
ORD03634,5/1/2025 11:40,Minya,Shalaby,Tamara Sweets,Desserts,6,343,0,Cash,C031,Tuk-tuk,3.9,13,30,28,4,U0332,Delivered,,1
ORD01354,5/27/2025 15:09,Menia,Ard Sultan,Sultan Grill,Grills,5,774 EGP,190,Card,C077,Tuk-tuk,3.9,19,30,33,4,U0800,Delivered,,0
ORD03625,1/15/2025 18:56,Minya,Wast El-Balad,Hadouta Masreya,Egyptian,5,198,25,Wallet,C021,Motorcycle,2.2,11,25,16,5,U0926,Delivered,,1
ORD00793,2/13/2025 23:53,Menia,Abu Helal,Hadouta Masreya,Egyptian,6,260 EGP,0,Wallet,C056,Bicycle,2.7,8,25,13,4,U0509,Delivered,,0
ORD01330,5/4/2025 22:11, Minya,Abu Helal,Tamara Sweets,Desserts,6,328,81,Wallet,C068,Tuk-tuk,3.3,5,25,9,,U0013,Delivered,,0
ORD01823,5/5/2025 19:54,El-Minya,Abu Helal,Bites Burger,Burgers,1,96,0,Cash,C047,Motorcycle,3.9,12,30,35,5,U0064,Delivered,,1
ORD03682,16/03/2025 14:29,Minya,Abu Helal,Foul El-Mahatta,Egyptian,2,95,0,Wallet,C086,Bicycle,2.9,16,25,27,5,U0143,Delivered,,1
ORD03445,5/30/2025 22:52,Minya,Ard Sultan,Bahary Corner,Fish,1,EGP 127,0,Cash,C021,Tuk-tuk,3.5,33,30,43,4,U1360,Delivered,,1
ORD03003,20/03/2025 15:22,New Minya,New Minya,El-Dawar,Egyptian,3,167,0,Wallet,C022,Motorcycle,12.6,13,45,46,5,U0326,Delivered,,0
ORD00426,2/21/2025 21:54,Minya,Abu Helal,Bahary Corner,Fish,6,890,107,Wallet,C019,Tuk-tuk,2.8,31,25,0,,U0402,Delivered,,0
ORD00671,1/22/2025 12:12,Minya,El-Sahel,Samak El-Balad,Fish,2,324,0,Wallet,C020,Motorcycle,4.1,26,30,33,5,U0039,Delivered,,1
ORD03243,6/28/2025 19:12,Abu Qurqas,Abu Qurqas,Slice Minya,Pizza,2,EGP 217,0,Card,C032,Motorcycle,17.8,18,60,77,,U0290,Delivered,,1
ORD00608,31/03/2025 21:20,Minya,El-Gamaa,Slice Minya,Pizza,2,EGP 242,0,Card,C073,Motorcycle,4.6,12,30,29,4,U0935,Delivered,,1
ORD00622,5/3/2025 20:19,Minya,Ard Sultan,El-Abd Minya,Desserts,4,200,0,Cash,C092,Tuk-tuk,5.4,8,30,31,,U0216,Delivered,,0
ORD03367,2/17/2025 20:28,Menia,Wast El-Balad,Foul El-Mahatta,Egyptian,1,74 EGP,0,Wallet,C052,Motorcycle,2,9,25,25,4,U0607,Delivered,,1
ORD00475,5/23/2025 18:24,El-Minya,Nazlet Hussein,Om Ali House,Desserts,4,208,14,Cash,C010,Motorcycle,6.4,14,35,30,5,U1299,Delivered,,1
ORD00998,13/06/2025 11:35,minya,Abu Helal,Om Ali House,Desserts,2,110 EGP,0,Cash,C017,Motorcycle,2.6,4,25,17,5,U1227,Delivered,,0
ORD00070,6/20/2025 19:54,Minya,El-Sahel,Farag Kebab,Grills,6,EGP 600,38,Card,C101,Motorcycle,4.5,16,30,36,4,U0834,Delivered,,1
ORD02844,5/23/2025 21:06,Abu Qorqas,Abu Qurqas,Om Ali House,Desserts,3,192 EGP,0,Cash,C029,Motorcycle,17.2,10,55,60,5,U1187,Delivered,,1
ORD01931,29/06/2025 18:48,Minya,El-Mahatta,El-Abd Minya,Desserts,6,204,0,Cash,C077,Motorcycle,4.8,7,30,15,5,U1375,Delivered,,0
ORD00384,1/6/2025 14:45,Abu Qurqas,Abu Qurqas,Tamara Sweets,Desserts,1,EGP 50,0,Card,C074,Motorcycle,17.4,6,55,55,4,U0990,Delivered,,1
ORD02663,2/24/2025 19:34,Minya,El-Gamaa,Bahary Corner,Fish,6,786,0,Cash,C085,Motorcycle,4.6,35,30,56,,U1160,Delivered,,0
ORD03502,4/20/2025 21:39,Minya,Wast El-Balad,Samak El-Balad,Fish,6,496 EGP,45,Wallet,C041,Bicycle,0.6,18,20,34,4,U0224,Delivered,,1
ORD00743,3/27/2025 14:13,Minya,Shalaby,Sheikh El-Balad,Grills,4,599 EGP,0,Cash,C067,Bicycle,2.5,27,25,41,,U0470,Delivered,,0
ORD02510,4/11/2025 19:52,Minya ,El-Mahatta,Sheikh El-Balad,Grills,4,605 EGP,39,Cash,C082,Tuk-tuk,3,35,25,63,2,U0361,Delivered,,0
ORD02948,5/13/2025 13:02,New Minya,New Minya,Tamara Sweets,Desserts,3,151 EGP,0,Cash,C110,Motorcycle,11.3,14,45,47,5,U0729,Delivered,,0
ORD02211,22/05/2025 20:10,new minya,New Minya,Crispy House,Burgers,3,EGP 144,19,Wallet,C012,Tuk-tuk,12.2,14,45,67,3,U1460,Delivered,,0
ORD00613,1/30/2025 14:12,New Minya,New Minya,Forno Nile,Pizza,1,83,18,Cash,C018,Motorcycle,10.9,28,45,58,,U1110,Delivered,,1
ORD01349,26/02/2025 14:49,minya,El-Gamaa,Crispy House,Burgers,3,302,0,Cash,C082,Motorcycle,6.7,17,35,30,5,U0758,Delivered,,0
ORD03956,5/21/2025 19:02,Minya ,El-Gamaa,Hadouta Masreya,Egyptian,1,55 EGP,0,Card,C064,Motorcycle,5.5,18,30,,,U0383,Cancelled,,
ORD02795,5/7/2025 22:27,El Minya,El-Gamaa,Sheikh El-Balad,Grills,2,337 EGP,0,Cash,C031,Motorcycle,,32,30,43,4,U1139,Delivered,,1
ORD02175,2/6/2025 23:38, Minya,Ard Sultan,Slice Minya,Pizza,4,371,0,Cash,C018,Motorcycle,3.2,13,25,20,5,U0803,Delivered,customer not answering,1
ORD00985,5/31/2025 21:54,NEW MINYA,New Minya,Bites Burger,Burgers,6,656 EGP,111,Cash,C072,Motorcycle,13.6,22,50,68,4,U0768,Delivered,,0
ORD00517,5/25/2025 22:37,MINYA,Wast El-Balad,Slice Minya,Pizza,2,EGP 224,0,Card,C033,Motorcycle,1.2,12,25,6,5,U0235,Delivered,,1
ORD01245,6/25/2025 21:08,minya,Abu Helal,Sultan Grill,Grills,2,EGP 309,36,Cash,C079,Motorcycle,3.9,17,30,40,,U1014,Delivered,,0
ORD00722,6/18/2025 19:46,Minya,Ard Sultan,El-Nil Fish,Fish,5,EGP 737,0,Cash,C081,Tuk-tuk,3.4,20,30,41,3,U0740,Delivered,,0
ORD02336,3/8/2025 21:08,Minya,Wast El-Balad,El-Abd Minya,Desserts,2,110,0,Cash,C026,Tuk-tuk,0.6,9,20,32,4,U0351,Delivered,,1
ORD02256,4/21/2025 12:36,Minya,Corniche El-Nil,Foul El-Mahatta,Egyptian,3,149 EGP,0,Wallet,C090,Bicycle,0.6,7,20,11,5,U0178,Delivered,,1
ORD00713,1/5/2025 19:31,Minya,El-Mahatta,Crispy House,Burgers,6,442 EGP,0,Card,C064,Motorcycle,2.1,8,25,35,4,U0155,Delivered,,0
ORD01198,1/31/2025 20:47,Minya,El-Mahatta,Farag Kebab,Grills,3,EGP 460,0,Card,C067,Motorcycle,3,31,25,50,,U1001,Delivered,,0
ORD03168,1/20/2025 20:12,minya,El-Mahatta,El-Dawar,Egyptian,1,55,0,Card,C056,Motorcycle,3.6,12,30,36,4,U1144,Delivered,,1
ORD00564,2/18/2025 19:47,Abu Qurqas,Abu Qurqas,El-Dawar,Egyptian,3,161,17,Cash,C081,Motorcycle,15.7,18,55,63,4,U1249,Delivered,,1
ORD03648,6/19/2025 22:27,Minya,Ard Sultan,El-Dawar,Egyptian,3,100 EGP,15,Card,C064,Tuk-tuk,3.1,13,25,22,5,U0271,Delivered,,1
ORD03900,3/31/2025 16:15,new minya,New Minya,Bahary Corner,Fish,5,746,0,Wallet,C019,Motorcycle,13,34,50,69,5,U0554,Delivered,,0
ORD02988,5/2/2025 23:14,El Minya,Wast El-Balad,El-Nil Fish,Fish,1,206,0,Cash,C007,Motorcycle,1.9,30,25,38,,U1421,Delivered,gate closed,0
ORD03021,5/7/2025 22:01,Minya,El-Gamaa,El-Dawar,Egyptian,3,EGP 125,25,Cash,C102,Tuk-tuk,4.7,12,30,22,5,U0558,Delivered,,1
ORD02283,30/01/2025 21:53,Minya,Ard Sultan,Slice Minya,Pizza,1,128,0,Cash,C037,Motorcycle,2.9,24,25,47,4,U0602,Delivered,,0
ORD01531,3/25/2025 18:26, Minya,Nazlet Hussein,Samak El-Balad,Fish,3,513,0,Cash,C019,Motorcycle,6.7,24,35,32,5,U0527,Delivered,,1
ORD00293,17/02/2025 13:20,Minya,El-Gamaa,Burger Corniche,Burgers,2,145 EGP,0,Wallet,C021,Tuk-tuk,4.3,13,30,29,5,U1460,Delivered,,0
ORD01375,4/28/2025 13:38,Minya,El-Mahatta,El-Dawar,Egyptian,1,73 EGP,18,Cash,C017,Tuk-tuk,3.2,11,25,24,5,U0588,Delivered,,1
ORD01134,3/26/2025 18:39,Minya ,Corniche El-Nil,Om Ali House,Desserts,5,312,73,Wallet,C099,Tuk-tuk,0.6,10,20,8,,U0988,Delivered,,1
ORD02698,11/1/2025 21:23,El-Minya,Ard Sultan,Sultan Grill,Grills,4,EGP 684,123,Card,C021,Tuk-tuk,3.4,15,30,38,5,U0877,Delivered,,1
ORD00961,12/6/2025 13:53,Minya,Wast El-Balad,El-Dawar,Egyptian,3,EGP 82,0,Card,C019,Motorcycle,2.8,11,25,21,4,U0702,Delivered,,1
ORD02033,7/3/2025 19:45,Abu Qurqas,Abu Qurqas,Hadouta Masreya,Egyptian,1,54 EGP,8,Cash,C097,Tuk-tuk,16.6,17,55,89,,U1121,Delivered,,1
ORD01753,3/4/2025 16:30,Abu Qurqas,Abu Qurqas,Sultan Grill,Grills,4,332,0,Cash,C077,Motorcycle,16.7,16,55,53,5,U0578,Delivered,,1
ORD03025,4/27/2025 19:45,Minya ,El-Mahatta,Hadouta Masreya,Egyptian,6,EGP 314,0,Card,C084,Motorcycle,4,9,30,20,5,U1170,Delivered,,1
ORD02229,1/25/2025 21:22,Minya,Nazlet Hussein,Foul El-Mahatta,Egyptian,5,EGP 278,31,Cash,C058,Motorcycle,6.7,7,35,35,5,U0424,Delivered,,1
ORD00496,5/31/2025 12:14,Minya,Nazlet Hussein,Bahary Corner,Fish,5,744 EGP,0,Cash,C082,Tuk-tuk,6.5,28,35,54,4,U0218,Delivered,,0
ORD03201,20/02/2025 19:14,Minya,Shalaby,Bahary Corner,Fish,2,332 EGP,0,Cash,C051,Motorcycle,2.6,32,25,46,,U1404,Delivered,,1
ORD02316,3/15/2025 21:09,Minya,Ard Sultan,Slice Minya,Pizza,1,125,11,Cash,C015,Bicycle,5.2,17,30,52,3,U0781,Delivered,,1
ORD02276,2/19/2025 20:47,minya,Abu Helal,Crispy House,Burgers,2,213,25,Wallet,C036,Motorcycle,4,15,30,-9,,U0538,Delivered,,0
ORD01124,6/25/2025 14:50,NEW MINYA,New Minya,Om Ali House,Desserts,1,64 EGP,15,Wallet,C067,Tuk-tuk,12,11,45,47,5,U0637,Delivered,,1
ORD02370,1/12/2025 16:24,Abu Qurqas,Abu Qurqas,El-Dawar,Egyptian,6,297,16,Cash,C094,Motorcycle,15.4,9,55,44,5,U1106,Delivered,,1
ORD02366,4/23/2025 17:46, Minya,El-Mahatta,Pizza Roma,Pizza,3,335,0,Cash,C057,Bicycle,2.2,22,25,35,,U0309,Delivered,,1
ORD00268,6/4/2025 15:05,Minya,Wast El-Balad,Sheikh El-Balad,Grills,3,465,61,Cash,C010,Tuk-tuk,3.4,38,30,,,U0920,Cancelled,,
ORD02352,5/4/2025 19:14,Minya,Ard Sultan,Sultan Grill,Grills,3,410 EGP,0,Cash,C048,Motorcycle,2.5,24,25,45,4,U0602,Delivered,,0
ORD01697,26/03/2025 21:41,Minya ,Ard Sultan,Sultan Grill,Grills,2,EGP 308,0,Card,C039,Motorcycle,3.3,23,25,45,4,U0949,Delivered,,1
ORD00326,30/05/2025 14:43,Minya,Wast El-Balad,Burger Corniche,Burgers,2,193,0,Cash,C058,Bicycle,0.9,13,20,19,5,U0331,Delivered,,0
ORD03820,1/15/2025 23:18, Minya,Shalaby,Bahary Corner,Fish,3,400,0,Card,C021,Motorcycle,4,36,30,47,5,U1176,Delivered,,0
ORD01880,6/22/2025 21:35,Minya ,Wast El-Balad,Om Ali House,Desserts,4,171 EGP,0,Card,C016,Motorcycle,1.7,9,25,28,5,U0274,Delivered,,1
ORD02707,3/5/2025 11:39,El Minya,El-Sahel,Foul El-Mahatta,Egyptian,6,277,0,Cash,C001,Bicycle,4.1,7,30,23,5,U0563,Delivered,,1
ORD00427,2/7/2025 18:03,minya,Wast El-Balad,Sultan Grill,Grills,2,292 EGP,0,Cash,C048,Motorcycle,2.2,19,25,21,5,U0895,Delivered,,0
ORD01873,5/5/2025 20:35,Minya,El-Mahatta,Farag Kebab,Grills,5,881,0,Wallet,C068,Motorcycle,3.7,23,30,42,4,U0747,Delivered,,1
ORD02359,1/23/2025 12:51,Minya,Shalaby,El-Dawar,Egyptian,4,EGP 242,0,Cash,C091,Motorcycle,3.3,17,25,25,5,U0750,Delivered,,1
ORD00728,13/04/2025 16:15,MINYA,Ard Sultan,Bahary Corner,Fish,5,735,0,Cash,C060,Motorcycle,3.7,32,30,42,3,U0561,Delivered,,0
ORD03779,2/17/2025 11:44,MINYA,Corniche El-Nil,Hadouta Masreya,Egyptian,6,284 EGP,60,Card,C086,Tuk-tuk,0.6,15,20,18,5,U1227,Delivered,,1
ORD00675,6/15/2025 23:20,Minya,El-Gamaa,Pizza Roma,Pizza,1,123 EGP,0,Wallet,C026,Bicycle,5.5,22,30,47,,U0704,Delivered,,0
ORD00225,4/4/2025 20:00,Minya,Wast El-Balad,Foul El-Mahatta,Egyptian,5,249,0,Cash,C033,Motorcycle,3.5,6,30,32,5,U0631,Delivered,,0
ORD02417,1/12/2025 22:31,El-Minya El-Gedida,New Minya,Bites Burger,Burgers,1,98 EGP,18,Cash,C081,Motorcycle,12.6,17,45,52,4,U1226,Delivered,,0
ORD02058,14/05/2025 23:29,Minya,Shalaby,Tamara Sweets,Desserts,6,EGP 347,0,Cash,C063,Motorcycle,2.9,11,25,10,5,U0522,Delivered,,1
ORD00066,2/2/2025 13:18,El-Minya,Shalaby,Bahary Corner,Fish,1,159 EGP,0,Cash,C102,Tuk-tuk,3.6,33,30,41,,U0132,Delivered,,1
ORD00545,5/29/2025 18:46,Minya,Abu Helal,Burger Corniche,Burgers,3,209,45,Cash,C064,Motorcycle,4.2,13,30,26,5,U1295,Delivered,,0
ORD01695,1/31/2025 13:46,Abu Qurqas,Abu Qurqas,Farag Kebab,Grills,6,528,0,Wallet,C053,Motorcycle,15.7,21,55,55,4,U0856,Delivered,,0
ORD00313,4/29/2025 16:10,new minya,New Minya,Slice Minya,Pizza,1,131 EGP,7,Cash,C026,Tuk-tuk,9.4,14,40,42,5,U1013,Delivered,,1
ORD03279,1/22/2025 22:56,minya,El-Mahatta,El-Abd Minya,Desserts,1,63 EGP,0,Card,C090,Motorcycle,2.4,5,25,10,5,U0226,Delivered,,0
ORD00040,3/27/2025 15:22,Minya ,Abu Helal,Slice Minya,Pizza,4,"3,111 EGP",480,Cash,C036,Bicycle,2.4,19,25,31,4,U0051,Delivered,,0
ORD00784,1/31/2025 21:13,Abu Qurqas,Abu Qurqas,Foul El-Mahatta,Egyptian,3,183,0,Cash,C064,Motorcycle,14.7,6,50,43,4,U1096,Delivered,,1
ORD00515,16/01/2025 22:56,MINYA,Shalaby,El-Nil Fish,Fish,1,EGP 129,0,Wallet,C027,Tuk-tuk,4.6,24,30,39,3,U1095,Delivered,,0
ORD03192,2/26/2025 13:27,Minya,Ard Sultan,Pizza Roma,Pizza,2,169 EGP,29,Cash,C058,Bicycle,4.6,20,30,47,,U1253,Delivered,,1
ORD01574,2/22/2025 18:07, Minya,Wast El-Balad,Om Ali House,Desserts,4,178 EGP,0,Cash,C041,Tuk-tuk,0.6,9,20,15,5,U0231,Delivered,,1
ORD00446,1/24/2025 21:41, Minya,Abu Helal,Sultan Grill,Grills,3,279,0,Cash,C068,Motorcycle,2.2,25,25,46,4,U0787,Delivered,,0
ORD03593,28/03/2025 13:29,Minya,Ard Sultan,Sultan Grill,Grills,1,168 EGP,0,Cash,C050,Bicycle,1.1,15,25,27,5,U0033,Delivered,,0
ORD01097,6/14/2025 13:00,Minya,Nazlet Hussein,Forno Nile,Pizza,4,534,0,Card,C095,Tuk-tuk,7.6,30,35,59,2,U0216,Delivered,,0
ORD00510,6/1/2025 21:17,New Minya,New Minya,Om Ali House,Desserts,6,337,0,Cash,C045,Tuk-tuk,10.4,9,40,43,5,U0296,Delivered,,1
ORD01587,5/27/2025 18:18,Minya,Abu Helal,Om Ali House,Desserts,4,95,11,Cash,C050,Motorcycle,3.1,8,25,20,4,U0725,Delivered,,1
ORD02270,5/27/2025 13:54,Minya,El-Mahatta,Slice Minya,Pizza,2,EGP 219,29,Card,C033,Motorcycle,1.7,7,25,10,4,U0202,Delivered,,0
ORD02755,2/8/2025 22:15,New Minya,New Minya,El-Abd Minya,Desserts,4,205 EGP,15,Card,C103,Tuk-tuk,11.1,9,45,51,5,U1045,Delivered,,0
ORD04046,2/2/2025 14:40,Minya ,El-Mahatta,Koshary El-Sheikh,Egyptian,4,EGP 198,16,Card,C051,Motorcycle,1.1,16,25,21,5,U1064,Delivered,,1
ORD02727,3/25/2025 18:15,MINYA,Corniche El-Nil,Pizza Roma,Pizza,3,351,38,Cash,C067,Tuk-tuk,1.3,19,25,20,5,U0133,Delivered,,1
ORD02619,7/1/2025 18:34,Abu Qurqas,Abu Qurqas,Burger Corniche,Burgers,3,231,26,Cash,C068,Motorcycle,,14,55,51,5,U1060,Delivered,,1
ORD03692,4/5/2025 18:40,Minya,Abu Helal,Bites Burger,Burgers,1,78,0,Card,C061,Bicycle,3.6,16,30,36,5,U1358,Delivered,,1
ORD01684,1/11/2025 18:23,New Minya,New Minya,Om Ali House,Desserts,1,54 EGP,0,Card,C012,Motorcycle,11.1,9,45,39,4,U1487,Delivered,,0
ORD02403,4/15/2025 18:03,Minya ,El-Mahatta,Burger Corniche,Burgers,6,792,0,Card,C087,Motorcycle,2.3,13,25,25,5,U0317,Delivered,,1
ORD01262,2/28/2025 19:10,MINYA,Ard Sultan,Tamara Sweets,Desserts,5,309,0,Card,C107,Bicycle,2.6,4,25,26,4,U1203,Delivered,,1
ORD03979,4/4/2025 19:57,El Minya,El-Gamaa,Basbousa Bar,Desserts,4,221,0,Card,C046,Motorcycle,3.1,6,25,31,4,U0910,Delivered,,0
ORD03819,21/03/2025 20:52,Minya,El-Sahel,Slice Minya,Pizza,3,235 EGP,55,Cash,C046,Motorcycle,3.6,20,30,25,4,U0100,Delivered,,1
ORD00612,6/19/2025 14:17, Abu Qurqas,Abu Qurqas,Sultan Grill,Grills,6,"1,069",0,Cash,C099,Tuk-tuk,17.8,18,60,75,,U0741,Delivered,,0
ORD02467,1/16/2025 19:37,Minya ,Abu Helal,Koshary El-Sheikh,Egyptian,4,185 EGP,0,Cash,C088,Bicycle,3.8,13,30,38,5,U0202,Delivered,,0
ORD03657,15/04/2025 13:25,Minya,Abu Helal,Tamara Sweets,Desserts,1,63 EGP,3,Wallet,C097,Motorcycle,3.6,4,30,17,4,U1179,Delivered,,0
ORD03334,20/01/2025 12:30,El-Minya,Abu Helal,Bites Burger,Burgers,2,128 EGP,0,Cash,C077,Motorcycle,2.7,7,25,17,4,U1145,Delivered,,1
ORD03237,10/2/2025 13:53,El-Minya,Corniche El-Nil,El-Abd Minya,Desserts,3,112,9,Cash,C061,Tuk-tuk,1.4,10,25,21,5,U1017,Delivered,,0
ORD00218,5/5/2025 12:46,Abu Qurqas,Abu Qurqas,Farag Kebab,Grills,2,201,0,Card,C057,Motorcycle,16.9,19,55,57,4,U0680,Delivered,,1
ORD01970,5/20/2025 13:14,Minya,El-Mahatta,Bites Burger,Burgers,4,435 EGP,0,Card,C029,Bicycle,0.6,14,20,22,4,U1390,Delivered,,0
ORD03741,5/16/2025 18:38,Minya,Corniche El-Nil,Tamara Sweets,Desserts,1,64,10,Card,C048,Bicycle,1.4,10,25,11,4,U1233,Delivered,customer not answering,0
ORD03511,5/30/2025 22:07,Minya,Wast El-Balad,Pizza Roma,Pizza,3,156,0,Cash,C018,Motorcycle,2.7,17,25,27,4,U0536,Delivered,,0
ORD02678,26/06/2025 11:02,Minya,Abu Helal,Samak El-Balad,Fish,5,EGP 792,0,Cash,C084,Tuk-tuk,2.5,16,25,23,5,U0503,Delivered,,0
ORD03615,2/4/2025 14:51, Minya,El-Sahel,Sheikh El-Balad,Grills,6,EGP 711,104,Cash,C027,Motorcycle,3.5,28,30,35,4,U0463,Delivered,,0
ORD02685,30/06/2025 19:05,Minya ,Shalaby,Forno Nile,Pizza,6,EGP 567,0,Cash,C040,Tuk-tuk,2.8,28,25,54,3,U1396,Delivered,,0
ORD03244,5/12/2025 17:13,Minya ,El-Gamaa,Hadouta Masreya,Egyptian,2,EGP 123,0,Wallet,C029,Motorcycle,4,17,30,19,5,U1433,Delivered,,1
ORD03166,4/15/2025 20:49,El-Minya,El-Gamaa,Forno Nile,Pizza,3,300 EGP,25,Cash,C078,Tuk-tuk,7.5,28,35,65,3,U1392,Delivered,,0
ORD02304,4/22/2025 18:44,Minya,El-Gamaa,Slice Minya,Pizza,3,237,0,Wallet,C106,Motorcycle,5.9,14,35,37,4,U0332,Delivered,,0
ORD02675,1/15/2025 20:28,El-Minya El-Gedida,New Minya,Slice Minya,Pizza,6,EGP 659,0,Cash,C042,Motorcycle,12.6,16,45,49,5,U1474,Delivered,,0
ORD00859,5/31/2025 20:22,Minya ,Shalaby,Koshary El-Sheikh,Egyptian,1,EGP 58,5,Card,C107,Motorcycle,2.2,11,25,22,5,U0988,Delivered,,1
ORD00090,4/6/2025 16:52,Minya,El-Mahatta,Tamara Sweets,Desserts,6,330 EGP,0,Card,C005,Motorcycle,3,12,25,24,4,U1266,Delivered,,1
ORD02206,1/14/2025 18:35,MINYA,El-Sahel,Sheikh El-Balad,Grills,6,964 EGP,0,Card,C072,Motorcycle,5.5,30,30,49,4,U1159,Delivered,,1
ORD01252,27/04/2025 18:15, Minya,El-Sahel,Koshary El-Sheikh,Egyptian,5,155 EGP,0,Cash,C038,Motorcycle,5,12,30,29,4,U1391,Delivered,,0
ORD00561,6/29/2025 20:09,Minya,Shalaby,Farag Kebab,Grills,4,466 EGP,0,Card,C102,Motorcycle,5.3,15,30,37,5,U0869,Delivered,,0
ORD00650,2/23/2025 20:15,Minya,Nazlet Hussein,Basbousa Bar,Desserts,1,84,0,Cash,C003,Motorcycle,8.3,8,40,38,4,U0177,Delivered,,1
ORD02507,6/26/2025 22:29,MINYA,Ard Sultan,Forno Nile,Pizza,5,EGP 341,0,Cash,C089,Bicycle,4.1,28,30,48,4,U0825,Delivered,,1
ORD01306,3/6/2025 15:52,El-Minya El-Gedida,New Minya,Foul El-Mahatta,Egyptian,3,173 EGP,19,Cash,C050,Motorcycle,11.1,9,45,33,4,U1157,Delivered,address unclear,1
ORD02298,2/22/2025 19:26,Minya,Shalaby,Farag Kebab,Grills,1,169,0,Card,C069,Motorcycle,3.4,22,30,33,5,U0111,Delivered,,1
ORD01528,4/3/2025 19:09,Minya,Wast El-Balad,Crispy House,Burgers,2,EGP 194,0,Wallet,C023,Tuk-tuk,2.4,21,25,40,3,U0390,Delivered,,1
ORD03786,1/11/2025 20:37,Menia,Abu Helal,El-Dawar,Egyptian,4,EGP 213,0,Card,C076,Tuk-tuk,3.3,12,25,-11,5,U0109,Delivered,,0
ORD03886,1/3/2025 19:54,Minya ,Shalaby,Sheikh El-Balad,Grills,5,EGP 897,0,Cash,C069,Motorcycle,3.4,30,30,43,4,U0626,Delivered,,0
ORD04063,1/2/2025 20:11,MINYA,Ard Sultan,El-Abd Minya,Desserts,3,125 EGP,16,Card,C023,Motorcycle,6.3,10,35,42,4,U1064,Delivered,,1
ORD01311,5/4/2025 19:54,Minya,Abu Helal,Hadouta Masreya,Egyptian,3,208 EGP,33,Cash,C075,Motorcycle,2.8,13,25,30,,U1271,Delivered,,0
ORD01112,6/7/2025 19:18,Minya,El-Mahatta,El-Abd Minya,Desserts,2,129,13,Card,C036,Bicycle,3.3,14,25,50,,U1371,Delivered,,1
ORD03391,4/5/2025 21:51,new minya,New Minya,Sultan Grill,Grills,4,410,0,Cash,C014,Bicycle,11.2,25,45,112,,U0804,Delivered,,0
ORD03630,3/26/2025 21:58,Abu Qorqas,Abu Qurqas,Bahary Corner,Fish,6,EGP 737,0,Card,C015,Motorcycle,19.2,29,60,83,4,U0382,Delivered,,1
ORD04048,1/17/2025 14:52,New Minya,New Minya,Koshary El-Sheikh,Egyptian,5,334 EGP,0,Cash,C057,Tuk-tuk,11.1,10,45,44,4,U0539,Delivered,,1
ORD02165,2/3/2025 13:05,New Minya,New Minya,Burger Corniche,Burgers,4,333 EGP,0,Card,C006,Motorcycle,10.4,15,40,47,,U0161,Delivered,,1
ORD02488,4/11/2025 23:40,Minya,Abu Helal,Koshary El-Sheikh,Egyptian,4,196,0,Card,C027,Motorcycle,3.4,9,30,19,,U0765,Delivered,,0
ORD01071,6/6/2025 19:51,Menia,Wast El-Balad,Farag Kebab,Grills,2,173 EGP,20,Card,C067,Bicycle,2.8,23,25,42,,U0787,Delivered,,1
ORD01850,2/13/2025 13:44,New Minya,New Minya,Bites Burger,Burgers,3,218,54,Wallet,C012,Bicycle,10.7,15,45,79,3,U0027,Delivered,,0
ORD00810,5/18/2025 14:26,Minya,El-Mahatta,Bites Burger,Burgers,4,EGP 355,0,Cash,C099,Motorcycle,3.4,20,30,30,,U0696,Delivered,,0
ORD03661,4/13/2025 15:57,Minya,Ard Sultan,Basbousa Bar,Desserts,1,71 EGP,0,Card,C096,Bicycle,4.5,5,30,26,5,U0703,Delivered,,1
ORD00337,21/06/2025 18:20,Menia,El-Sahel,Om Ali House,Desserts,3,142 EGP,0,Card,C018,Bicycle,4.7,11,30,35,4,U0954,Delivered,,1
ORD03497,2/11/2025 22:50,Minya,Abu Helal,Burger Corniche,Burgers,6,579,69,Cash,C017,Tuk-tuk,3.2,13,25,12,5,U0548,Delivered,,1
ORD00734,2/27/2025 21:41,MINYA,Wast El-Balad,Foul El-Mahatta,Egyptian,4,184,37,Card,C008,Tuk-tuk,2.3,14,25,39,4,U1313,Delivered,,1
ORD02560,2/11/2025 18:33,New Minya,New Minya,Burger Corniche,Burgers,4,384 EGP,0,Card,C051,Motorcycle,12.8,10,45,42,5,U0539,Delivered,,0
ORD01170,3/3/2025 18:31,minya,Nazlet Hussein,Koshary El-Sheikh,Egyptian,5,309,49,Wallet,C067,Bicycle,8.2,11,40,64,3,U0738,Delivered,,1
ORD01956,5/9/2025 23:48,Abu Qurqas,Abu Qurqas,Farag Kebab,Grills,5,828,116,Cash,C051,Motorcycle,16.2,24,55,,,U1126,Cancelled,,
ORD00898,5/3/2025 20:39,Minya,Wast El-Balad,Bahary Corner,Fish,2,212 EGP,0,Cash,C095,Motorcycle,2.9,34,25,51,3,U0462,Delivered,,0
ORD02697,4/6/2025 20:52,Minya,El-Gamaa,Bites Burger,Burgers,4,EGP 360,0,Wallet,C098,Motorcycle,4.3,15,30,38,4,U1115,Delivered,,0
ORD01147,5/18/2025 21:29,Minya,Wast El-Balad,Samak El-Balad,Fish,1,81 EGP,7,Wallet,C033,Motorcycle,1.5,26,25,42,4,U0081,Delivered,,0
ORD02938,3/27/2025 12:57,Minya ,Abu Helal,El-Dawar,Egyptian,5,204,0,Cash,C010,Motorcycle,4.3,17,30,25,5,U1184,Delivered,,1
ORD04141,1/21/2025 19:07,New Minya,New Minya,Samak El-Balad,Fish,1,EGP 183,0,Wallet,C048,Tuk-tuk,10.9,25,45,83,3,U0251,Delivered,,0
ORD02836,6/20/2025 18:45,ABU QURQAS,Abu Qurqas,El-Dawar,Egyptian,1,67 EGP,12,Cash,C046,Motorcycle,14.5,9,50,36,5,U0144,Delivered,,0
ORD03323,6/1/2025 14:12,El-Minya,El-Mahatta,El-Nil Fish,Fish,1,793 EGP,0,Cash,C012,Motorcycle,3.4,19,30,26,5,U1069,Delivered,,1
ORD00809,5/18/2025 20:23, Minya,Wast El-Balad,Bahary Corner,Fish,3,367,50,Card,C051,Bicycle,2.7,29,25,51,,U1355,Delivered,,0
ORD04034,4/28/2025 19:58,El-Minya,Ard Sultan,Hadouta Masreya,Egyptian,4,EGP 231,0,Cash,C041,Motorcycle,3.4,14,30,29,5,U0987,Delivered,,1
ORD02438,3/21/2025 23:47,minya,El-Mahatta,Slice Minya,Pizza,5,EGP 398,0,Cash,C032,Motorcycle,2.1,14,25,22,4,U0051,Delivered,,0
ORD01201,6/29/2025 19:53,ABU QURQAS,Abu Qurqas,Bahary Corner,Fish,5,618,0,Cash,C080,Motorcycle,15.5,33,55,84,4,U1063,Delivered,,0
ORD00055,3/14/2025 13:10,Minya,El-Gamaa,Om Ali House,Desserts,3,EGP 136,0,Cash,C002,Motorcycle,3.5,6,30,16,5,U0478,Delivered,,1
ORD02309,6/5/2025 21:17,New Minya,New Minya,El-Nil Fish,Fish,6,817,0,Card,C031,Tuk-tuk,12.5,20,45,76,,U0275,Delivered,,0
ORD00498,1/4/2025 12:53,Minya,Abu Helal,Koshary El-Sheikh,Egyptian,6,"1,900 EGP",0,Card,C040,Tuk-tuk,3.3,8,25,22,5,U0860,Delivered,,1
ORD02224,2/17/2025 16:10,Minya,Abu Helal,Samak El-Balad,Fish,1,EGP 162,15,Cash,C053,Tuk-tuk,3.6,23,30,34,5,U0258,Delivered,,1
ORD02692,2/3/2025 16:30,new minya,New Minya,El-Dawar,Egyptian,3,116 EGP,7,Cash,C072,Motorcycle,9.7,19,40,49,4,U1457,Delivered,,1
ORD00834,2/4/2025 13:29,Minya,Corniche El-Nil,Hadouta Masreya,Egyptian,3,196,0,Cash,C006,Motorcycle,3.5,15,30,25,5,U0645,Delivered,,1
ORD00792,6/21/2025 19:44,Minya,Wast El-Balad,Crispy House,Burgers,6,635 EGP,0,Cash,C042,Motorcycle,1.5,16,25,34,4,U0475,Delivered,,1
ORD04158,6/28/2025 22:03, Minya,El-Mahatta,El-Dawar,Egyptian,1,63 EGP,0,Cash,C081,Motorcycle,3.2,16,25,17,5,U0995,Delivered,,1
ORD00835,5/7/2025 21:43, Abu Qurqas,Abu Qurqas,El-Abd Minya,Desserts,2,101 EGP,0,Wallet,C007,Bicycle,16.8,5,55,127,1,U1408,Delivered,,0
ORD02644,4/5/2025 20:32,Minya,Ard Sultan,Burger Corniche,Burgers,4,EGP 269,0,Card,C081,Motorcycle,3.5,13,30,37,5,U0576,Delivered,,1
ORD01975,4/1/2025 15:20,Minya,El-Gamaa,El-Nil Fish,Fish,3,416,73,Card,C102,Motorcycle,6.1,26,35,47,4,U1095,Delivered,,0
ORD03813,4/26/2025 19:22,El-Minya,Shalaby,El-Abd Minya,Desserts,1,EGP 74,0,Card,C060,Motorcycle,4.5,10,30,24,5,U0723,Delivered,,1
ORD02967,16/05/2025 20:22,Menia,El-Gamaa,Foul El-Mahatta,Egyptian,2,EGP 75,6,Card,C061,Bicycle,,12,30,40,3,U0149,Delivered,,1
ORD03877,5/21/2025 22:11,Minya,El-Sahel,Burger Corniche,Burgers,2,156,28,Wallet,C001,Motorcycle,4.1,17,30,28,4,U0621,Delivered,,1
ORD04174,5/24/2025 23:55,Minya,Abu Helal,El-Dawar,Egyptian,3,EGP 140,0,Card,C068,Motorcycle,0.9,14,20,16,5,U1059,Delivered,,1
ORD03249,1/3/2025 17:17,New Minya,New Minya,Pizza Roma,Pizza,1,EGP 94,13,Cash,C001,Motorcycle,10.4,24,40,53,3,U0929,Delivered,,0
ORD01439,6/21/2025 20:47,new minya,New Minya,Basbousa Bar,Desserts,3,181,0,Cash,C075,Motorcycle,11,10,45,43,5,U0454,Delivered,,0
ORD03512,4/21/2025 15:50,Minya,El-Gamaa,Crispy House,Burgers,6,EGP 564,80,Card,C060,Bicycle,5.5,16,30,45,4,U1316,Delivered,,0
ORD03924,6/16/2025 21:33,Minya,Ard Sultan,Crispy House,Burgers,4,EGP 384,60,Cash,C052,Bicycle,3.8,13,30,41,4,U1256,Delivered,,1
ORD02285,25/05/2025 19:25,New Minya,New Minya,Sheikh El-Balad,Grills,2,305 EGP,76,Card,C043,Tuk-tuk,12.4,27,45,89,2,U0095,Delivered,,0
ORD00064,2/17/2025 21:16,Minya,El-Mahatta,Koshary El-Sheikh,Egyptian,1,73 EGP,0,Cash,C024,Bicycle,4.2,16,30,48,5,U0157,Delivered,,0
ORD03733,4/2/2025 21:16,Minya,El-Gamaa,Farag Kebab,Grills,2,EGP 191,0,Card,C056,Motorcycle,6.8,20,35,44,4,U0345,Delivered,,1
ORD00604,4/1/2025 21:07,El-Minya,Nazlet Hussein,Sultan Grill,Grills,5,574 EGP,30,Wallet,C071,Motorcycle,6.4,17,35,34,5,U0333,Delivered,,1
ORD00533,1/23/2025 13:39,minya,Ard Sultan,Sultan Grill,Grills,1,165,36,Card,C049,Motorcycle,2.4,19,25,29,5,U0864,Delivered,,0
ORD01539,2/1/2025 12:51,Minya,Abu Helal,Tamara Sweets,Desserts,2,92,16,Cash,C039,Motorcycle,3.7,5,30,20,5,U0197,Delivered,,1
ORD01282,10/2/2025 19:01,Minya,El-Sahel,Sultan Grill,Grills,3,442,0,Cash,C041,Motorcycle,3.7,20,30,42,4,U0099,Delivered,,0
ORD02983,15/02/2025 20:49,Minya,Nazlet Hussein,Burger Corniche,Burgers,5,EGP 369,0,Cash,C038,Tuk-tuk,8.1,16,40,63,4,U0326,Delivered,customer not answering,0
ORD03131,4/28/2025 20:00,New Minya,New Minya,Samak El-Balad,Fish,5,768,155,Wallet,C024,Motorcycle,11.9,22,45,67,3,U1033,Delivered,,0
ORD03762,1/22/2025 15:22,Minya,Ard Sultan,Koshary El-Sheikh,Egyptian,5,EGP 242,0,Cash,C076,Motorcycle,3.3,10,25,20,5,U0163,Delivered,,0
ORD02551,6/18/2025 22:17,El-Minya,El-Gamaa,Samak El-Balad,Fish,6,"EGP 1,020",128,Cash,C026,Tuk-tuk,4.6,23,30,42,4,U0603,Delivered,,1
ORD01675,2/25/2025 18:57,MINYA,El-Gamaa,Forno Nile,Pizza,3,221,49,Cash,C086,Motorcycle,5.2,38,30,53,4,U1485,Delivered,,0
ORD01041,3/26/2025 14:54,minya,Abu Helal,Koshary El-Sheikh,Egyptian,2,109,0,Wallet,C092,Bicycle,4,12,30,35,5,U0977,Delivered,,1
ORD00464,3/20/2025 17:30,New Minya,New Minya,Bites Burger,Burgers,4,367 EGP,0,Cash,C074,Motorcycle,9.9,9,40,33,5,U0988,Delivered,,1
ORD03687,2/11/2025 19:39,Minya,Wast El-Balad,Pizza Roma,Pizza,3,277 EGP,0,Cash,C085,Motorcycle,2.5,13,25,34,4,U1138,Delivered,,1
ORD02640,1/18/2025 13:47,Minya,Ard Sultan,El-Dawar,Egyptian,5,360,0,Card,C057,Tuk-tuk,2.2,9,25,20,5,U1403,Delivered,,0
ORD03052,5/1/2025 20:36,Minya ,Wast El-Balad,Burger Corniche,Burgers,6,531 EGP,0,Card,C013,Bicycle,2,20,25,44,4,U1043,Delivered,,1
ORD02716,2/27/2025 22:45,El-Minya,Abu Helal,Bites Burger,Burgers,4,EGP 274,0,Cash,C026,Bicycle,2.7,15,25,28,5,U0626,Delivered,,0
ORD01522,7/3/2025 12:06,Minya,Corniche El-Nil,Forno Nile,Pizza,5,534 EGP,112,Card,C029,Tuk-tuk,2.9,27,25,35,4,U0567,Delivered,address unclear,0
ORD02791,4/17/2025 14:20,Minya ,Ard Sultan,Sheikh El-Balad,Grills,2,EGP 279,64,Cash,C083,Motorcycle,2.1,27,25,25,4,U1154,Delivered,,1
ORD03160,5/3/2025 18:46,El-Minya,Nazlet Hussein,Om Ali House,Desserts,6,485 EGP,0,Card,C005,Bicycle,5.2,10,30,34,4,U0194,Delivered,,1
ORD02764,5/22/2025 15:17,El-Minya,Nazlet Hussein,Pizza Roma,Pizza,1,123 EGP,17,Cash,C066,Bicycle,6.8,19,35,53,4,U1286,Delivered,,0
ORD03195,14/03/2025 20:59,abu qurqas,Abu Qurqas,Basbousa Bar,Desserts,5,284,59,Cash,C062,Motorcycle,16.3,8,55,62,5,U0896,Delivered,,1
ORD02859,4/3/2025 21:53,New Minya,New Minya,Forno Nile,Pizza,1,EGP 124,26,Wallet,C001,Motorcycle,10.7,25,45,58,4,U1188,Delivered,,1
ORD02750,3/25/2025 18:19,New Minya,New Minya,El-Nil Fish,Fish,5,579,0,Wallet,C095,Motorcycle,11.7,24,45,47,4,U1080,Delivered,,0
ORD01728,1/21/2025 19:32,Abu Qurqas,Abu Qurqas,Pizza Roma,Pizza,3,258,0,Card,C092,Bicycle,13.6,13,50,104,2,U1253,Delivered,,0
ORD01893,11/4/2025 16:33,Minya,Ard Sultan,El-Nil Fish,Fish,6,EGP 808,0,Card,C069,Motorcycle,2.8,16,25,26,4,U1374,Delivered,,0
ORD01064,5/12/2025 21:32,Minya,El-Gamaa,El-Abd Minya,Desserts,6,391,0,Cash,C098,Bicycle,6.7,4,35,50,4,U0532,Delivered,,0
ORD02130,8/5/2025 19:41,Minya,El-Sahel,Foul El-Mahatta,Egyptian,2,EGP 91,8,Cash,C002,Bicycle,5.7,10,30,57,4,U1211,Delivered,,1
ORD01743,11/6/2025 13:57,Minya ,Abu Helal,Om Ali House,Desserts,6,330 EGP,41,Cash,C041,Motorcycle,3.8,5,30,12,5,U1343,Delivered,,1
ORD00707,5/27/2025 12:00,MINYA,Shalaby,Forno Nile,Pizza,3,EGP 439,0,Wallet,C020,Tuk-tuk,5.6,27,30,47,4,U0032,Delivered,,0
ORD01553,5/22/2025 15:59,MINYA,Wast El-Balad,Om Ali House,Desserts,1,56 EGP,6,Card,C007,Bicycle,0.6,7,20,16,5,U0682,Delivered,,0
ORD03083,5/23/2025 19:25,Minya,Abu Helal,Tamara Sweets,Desserts,5,EGP 283,35,Card,C021,Motorcycle,1.8,8,25,30,4,U1081,Delivered,,1
ORD02621,1/18/2025 18:02,Minya,El-Gamaa,Tamara Sweets,Desserts,3,178 EGP,0,Cash,C007,Motorcycle,5.1,4,30,17,4,U0260,Delivered,,1
ORD02550,3/17/2025 14:48,Minya,El-Sahel,El-Nil Fish,Fish,4,789 EGP,0,Cash,C039,Bicycle,2.6,22,25,36,4,U0591,Delivered,,0
ORD00180,9/1/2025 20:37,Minya,Corniche El-Nil,Basbousa Bar,Desserts,6,181,0,Cash,C040,Motorcycle,2.1,11,25,27,5,U0593,Delivered,,1
ORD02267,4/27/2025 21:58,Minya,Wast El-Balad,Basbousa Bar,Desserts,4,205,0,Cash,C038,Motorcycle,3,12,25,32,4,U1430,Delivered,,1
ORD00493,2/21/2025 19:24,Minya,Corniche El-Nil,Crispy House,Burgers,3,EGP 279,63,Wallet,C030,Motorcycle,5.8,16,35,26,4,U0668,Delivered,,0
ORD02588,2/12/2025 15:06,minya,El-Gamaa,Hadouta Masreya,Egyptian,2,145 EGP,0,Card,C073,Bicycle,5.8,15,35,42,4,U0224,Delivered,,0
ORD03974,5/2/2025 20:08,minya,El-Mahatta,Samak El-Balad,Fish,5,653 EGP,0,Cash,C105,Tuk-tuk,3.9,24,30,44,4,U0709,Delivered,gate closed,1
ORD04140,6/16/2025 13:14,New Minya,New Minya,El-Dawar,Egyptian,4,EGP 159,0,Wallet,C105,Motorcycle,11,14,45,34,3,U1450,Delivered,,0
ORD01027,12/2/2025 17:15,Minya,El-Sahel,Sultan Grill,Grills,3,452 EGP,0,Card,C027,Motorcycle,6,16,35,29,5,U0461,Delivered,,0
ORD01279,4/12/2025 19:13,Minya,Shalaby,Foul El-Mahatta,Egyptian,3,130 EGP,0,Cash,C067,Motorcycle,2.6,8,25,36,5,U1214,Delivered,,0
ORD00888,3/13/2025 17:40,Minya,Wast El-Balad,Farag Kebab,Grills,5,EGP 512,0,Cash,C026,Motorcycle,1.2,22,25,26,4,U1013,Delivered,,1
ORD02339,19/04/2025 17:13,Menia,Ard Sultan,El-Abd Minya,Desserts,5,353 EGP,72,Cash,C093,Tuk-tuk,3.9,7,30,24,4,U1151,Delivered,,1
ORD01283,2/21/2025 13:17,Abu Qorqas,Abu Qurqas,Slice Minya,Pizza,5,731 EGP,0,Cash,C025,Motorcycle,16.2,12,55,47,5,U1353,Delivered,,0
ORD01899,5/19/2025 18:30,ABU QURQAS,Abu Qurqas,Bites Burger,Burgers,6,EGP 434,0,Card,C001,Motorcycle,15.4,20,55,0,,U0800,Delivered,,0
ORD02639,4/21/2025 23:44,Minya,Nazlet Hussein,Foul El-Mahatta,Egyptian,6,293,0,Wallet,C067,Motorcycle,6.8,20,35,30,4,U1024,Delivered,,1
ORD03487,6/26/2025 23:27,New Minya ,New Minya,Pizza Roma,Pizza,1,EGP 118,0,Cash,C098,Tuk-tuk,12.9,16,50,54,4,U1136,Delivered,,1
ORD02713,14/05/2025 13:22,Minya,Ard Sultan,Basbousa Bar,Desserts,4,227 EGP,0,Card,C010,Tuk-tuk,1.8,8,25,9,4,U0582,Delivered,,1
ORD03420,1/27/2025 19:50,New Minya,New Minya,Sultan Grill,Grills,5,EGP 600,0,Card,C082,Motorcycle,10.9,12,45,47,4,U0846,Delivered,,0
ORD00768,1/2/2025 20:53,Menia,Wast El-Balad,Bites Burger,Burgers,6,506 EGP,0,Cash,C104,Bicycle,2.6,15,25,34,5,U1102,Delivered,,0
ORD02615,1/24/2025 17:22,Minya,Shalaby,El-Abd Minya,Desserts,3,121,0,Card,C065,Motorcycle,3.1,5,25,15,4,U0076,Delivered,,0
ORD02699,29/03/2025 15:49,New Minya,New Minya,Crispy House,Burgers,3,EGP 304,0,Wallet,C091,Motorcycle,10.6,17,45,42,4,U0618,Delivered,,1
ORD01392,6/3/2025 13:38,Minya,El-Gamaa,Burger Corniche,Burgers,2,139,0,Cash,C006,Motorcycle,6,22,35,33,5,U0433,Delivered,,0
ORD03551,5/12/2025 14:10,Minya ,El-Sahel,Pizza Roma,Pizza,4,EGP 481,0,Wallet,C004,Motorcycle,2.7,19,25,28,4,U1204,Delivered,,1
ORD02209,1/20/2025 21:39,Minya,Corniche El-Nil,Burger Corniche,Burgers,6,EGP 452,0,Cash,C109,Motorcycle,,13,25,28,5,U0269,Delivered,,0
ORD00783,5/15/2025 18:43,Abu Qorqas,Abu Qurqas,Basbousa Bar,Desserts,5,185,0,Wallet,C067,Tuk-tuk,17,15,55,74,,U1276,Delivered,,0
ORD03757,27/06/2025 14:48,El-Minya,Corniche El-Nil,El-Abd Minya,Desserts,5,257,0,Cash,C099,Motorcycle,1.5,10,25,8,5,U1470,Delivered,,0
ORD02568,30/06/2025 19:27,Minya,Nazlet Hussein,Forno Nile,Pizza,5,697 EGP,0,Card,C061,Motorcycle,5.5,22,30,47,4,U0146,Delivered,,0
ORD03181,4/10/2025 21:49,New Minya ,New Minya,El-Dawar,Egyptian,2,123 EGP,0,Wallet,C068,Tuk-tuk,12.7,17,45,69,2,U0198,Delivered,,0
ORD01485,4/8/2025 11:39,El-Minya,Abu Helal,Slice Minya,Pizza,3,289 EGP,0,Card,C060,Motorcycle,2.3,15,25,19,5,U0049,Delivered,,1
ORD02057,6/3/2025 20:45,El Minya,El-Mahatta,Bahary Corner,Fish,2,213 EGP,41,Card,C042,Bicycle,0.6,29,20,42,3,U0784,Delivered,,0
ORD01058,12/6/2025 21:15,MINYA,Corniche El-Nil,Bites Burger,Burgers,3,366,0,Card,C109,Motorcycle,3.1,14,25,39,5,U1199,Delivered,,0
ORD00799,21/02/2025 18:11,Minya ,Corniche El-Nil,Crispy House,Burgers,5,344,0,Card,C104,Bicycle,3.1,15,25,32,4,U0720,Delivered,,1
ORD02327,3/5/2025 21:36,New Minya ,New Minya,Om Ali House,Desserts,3,175 EGP,0,Cash,C005,Motorcycle,11.6,14,45,60,,U1237,Delivered,,0
ORD02421,4/9/2025 21:08,New Minya,New Minya,Om Ali House,Desserts,6,233 EGP,45,Card,C039,Motorcycle,11.4,15,45,59,,U1415,Delivered,,1
ORD03721,5/12/2025 15:56,Minya,Shalaby,Farag Kebab,Grills,6,624 EGP,0,Cash,C073,Bicycle,1.7,21,25,-4,5,U0260,Delivered,,0
ORD02890,3/23/2025 21:03,Minya ,El-Sahel,Samak El-Balad,Fish,6,699,134,Card,C029,Motorcycle,4.4,23,30,43,,U0124,Delivered,,1
ORD04144,1/29/2025 14:02,Minya,Corniche El-Nil,El-Nil Fish,Fish,1,153 EGP,0,Cash,C026,Motorcycle,3.9,20,30,29,5,U0178,Delivered,,1
ORD00257,6/21/2025 19:56,Minya,El-Gamaa,Bites Burger,Burgers,5,569 EGP,0,Cash,C038,Motorcycle,5.4,16,30,38,4,U0876,Delivered,,1
ORD01693,22/02/2025 20:35,Minya,El-Mahatta,Farag Kebab,Grills,4,610,0,Cash,C027,Bicycle,2.3,19,25,46,4,U1098,Delivered,,0
ORD00697,4/2/2025 18:26,Minya,Shalaby,Basbousa Bar,Desserts,6,311 EGP,0,Cash,C005,Motorcycle,4.2,9,30,27,4,U1333,Delivered,,1
ORD00967,2/15/2025 20:35,Minya,El-Sahel,Tamara Sweets,Desserts,6,EGP 316,0,Cash,C025,Tuk-tuk,5.6,4,30,31,5,U0729,Delivered,,1
ORD00133,5/29/2025 11:09,Menia,Wast El-Balad,Bahary Corner,Fish,1,170 EGP,0,Cash,C090,Tuk-tuk,1.4,31,25,41,3,U0485,Delivered,,0
ORD00214,5/10/2025 19:53,Minya,Nazlet Hussein,Bahary Corner,Fish,3,617 EGP,0,Card,C020,Motorcycle,5.2,28,30,44,4,U1129,Delivered,,0
ORD00201,2/10/2025 20:42,Minya,Ard Sultan,Slice Minya,Pizza,4,EGP 309,0,Cash,C091,Motorcycle,2,20,25,26,5,U0695,Delivered,,1
ORD01289,3/11/2025 13:19,MINYA,El-Mahatta,Sheikh El-Balad,Grills,6,771 EGP,0,Cash,C015,Motorcycle,1.8,33,25,34,4,U1045,Delivered,,1
ORD00060,2/18/2025 21:32,MINYA,El-Sahel,Basbousa Bar,Desserts,1,EGP 50,12,Cash,C084,Tuk-tuk,4.1,6,30,17,5,U0184,Delivered,,0
ORD03640,2/7/2025 19:56,Minya,El-Gamaa,Bahary Corner,Fish,6,EGP 972,0,Cash,C076,Motorcycle,5.6,33,30,56,4,U1108,Delivered,,0
ORD01316,9/2/2025 19:09,minya,Ard Sultan,Sheikh El-Balad,Grills,1,EGP 154,0,Cash,C047,Motorcycle,3.7,25,30,41,4,U1228,Delivered,,1
ORD02208,1/21/2025 19:08, Minya,Nazlet Hussein,Pizza Roma,Pizza,2,EGP 228,0,Wallet,C065,Motorcycle,5.3,16,30,40,5,U1464,Delivered,,0
ORD00430,4/8/2025 20:27,New Minya,New Minya,El-Abd Minya,Desserts,1,54,5,Wallet,C078,Bicycle,10.4,13,40,80,3,U0116,Delivered,,0
ORD04002,5/25/2025 20:54,Menia,Abu Helal,Samak El-Balad,Fish,3,EGP 419,0,Wallet,C059,Motorcycle,3.8,26,30,43,4,U0564,Delivered,,0
ORD01142,1/8/2025 23:07,Minya ,Shalaby,Hadouta Masreya,Egyptian,2,99,0,Card,C101,Motorcycle,4,17,30,22,4,U0101,Delivered,,1
ORD00556,12/1/2025 14:01, Minya,El-Mahatta,Slice Minya,Pizza,6,619,110,Wallet,C064,Bicycle,3.1,18,25,30,5,U0857,Delivered,,0
ORD00627,2/3/2025 13:01,Minya,El-Sahel,El-Nil Fish,Fish,4,EGP 554,0,Card,C045,Tuk-tuk,5,22,30,39,4,U0196,Delivered,,0
ORD01669,2/24/2025 20:18, Minya,Corniche El-Nil,Forno Nile,Pizza,4,408 EGP,0,Cash,C028,Bicycle,1.5,27,25,46,4,U1433,Delivered,,1
ORD00763,5/31/2025 22:32,Minya,Corniche El-Nil,Om Ali House,Desserts,4,253,0,Wallet,C065,Motorcycle,3,9,25,11,,U1231,Delivered,,1
ORD04055,3/25/2025 14:10,Minya,El-Sahel,Basbousa Bar,Desserts,4,237 EGP,0,Cash,C104,Motorcycle,5.1,12,30,23,4,U1048,Delivered,,0
ORD01248,6/12/2025 13:38,Minya ,Ard Sultan,Om Ali House,Desserts,2,115 EGP,0,Cash,C062,Motorcycle,2.6,9,25,13,5,U0752,Delivered,,1
ORD00617,4/2/2025 14:25,Minya,El-Mahatta,Sultan Grill,Grills,1,162 EGP,0,Cash,C065,Motorcycle,2.7,11,25,14,4,U1243,Delivered,,0
ORD02453,4/19/2025 20:48,Minya ,Ard Sultan,Farag Kebab,Grills,2,271,0,Cash,C020,Motorcycle,4,22,30,49,,U1336,Delivered,,1
ORD01512,4/17/2025 13:37,Minya ,El-Sahel,El-Abd Minya,Desserts,4,232 EGP,18,Card,C024,Motorcycle,6.7,11,35,28,4,U0474,Delivered,,0
ORD01499,5/31/2025 20:35,New Minya,New Minya,Basbousa Bar,Desserts,1,53,0,Cash,C032,Motorcycle,11.7,9,45,47,4,U0886,Delivered,,1
ORD01274,5/17/2025 11:01,abu qurqas,Abu Qurqas,Sultan Grill,Grills,1,EGP 166,0,Cash,C065,Tuk-tuk,16.1,14,55,64,,U1021,Delivered,,0
ORD00795,1/9/2025 11:07,Menia,El-Mahatta,Crispy House,Burgers,1,EGP 68,0,Cash,C102,Motorcycle,2,11,25,14,5,U0993,Delivered,,1
ORD02429,5/14/2025 21:19,abu qurqas,Abu Qurqas,Sultan Grill,Grills,5,674 EGP,144,Cash,C059,Tuk-tuk,14.9,21,50,-3,,U1463,Delivered,,0
ORD02683,1/8/2025 14:38,New Minya,New Minya,Farag Kebab,Grills,2,187,25,Cash,C097,Tuk-tuk,,31,45,74,,U0446,Delivered,address unclear,1
ORD00434,2/20/2025 17:34, Abu Qurqas,Abu Qurqas,Bites Burger,Burgers,4,279 EGP,51,Wallet,C043,Motorcycle,15.7,22,55,58,,U0348,Delivered,,0
ORD00636,6/13/2025 21:30,minya,Abu Helal,Farag Kebab,Grills,1,138,0,Cash,C037,Motorcycle,3.4,23,30,24,5,U0306,Delivered,,1
ORD00949,3/19/2025 15:03,Minya,El-Sahel,Om Ali House,Desserts,4,EGP 188,0,Wallet,C058,Motorcycle,6.8,9,35,21,5,U1210,Delivered,,0
ORD04109,2/21/2025 18:28,Minya,Wast El-Balad,Bites Burger,Burgers,6,575 EGP,0,Cash,C090,Motorcycle,1.1,19,25,26,4,U1274,Delivered,,1
ORD03198,29/04/2025 14:24,Minya,El-Gamaa,Crispy House,Burgers,4,345 EGP,0,Cash,C045,Tuk-tuk,7.6,20,35,49,,U1286,Delivered,,1
ORD01935,6/1/2025 20:47,Minya,El-Sahel,Crispy House,Burgers,4,EGP 318,17,Card,C092,Motorcycle,6.2,16,35,43,4,U0100,Delivered,,0
ORD02797,6/23/2025 12:44,El-Minya,Ard Sultan,El-Dawar,Egyptian,3,197 EGP,46,Cash,C097,Bicycle,3.6,14,30,34,5,U1258,Delivered,,0
ORD03419,3/14/2025 21:54,Minya,Wast El-Balad,Foul El-Mahatta,Egyptian,5,192 EGP,0,Card,C037,Motorcycle,2.6,9,25,28,4,U0548,Delivered,,1
ORD02184,4/12/2025 14:27,Minya,Abu Helal,Pizza Roma,Pizza,5,442,0,Card,C018,Tuk-tuk,2.2,16,25,21,5,U1466,Delivered,,1
ORD02137,4/6/2025 23:13,Minya,Shalaby,Basbousa Bar,Desserts,1,59,0,Cash,C085,Motorcycle,3.9,9,30,15,5,U0728,Delivered,,0
ORD00948,6/4/2025 12:44,Minya,Nazlet Hussein,Hadouta Masreya,Egyptian,2,110 EGP,0,Wallet,C055,Tuk-tuk,6.5,14,35,34,5,U0587,Delivered,,1
ORD03375,2/14/2025 22:54,Minya,El-Sahel,Forno Nile,Pizza,1,EGP 126,0,Cash,C067,Motorcycle,4.9,26,30,35,4,U0827,Delivered,,0
ORD03927,1/2/2025 21:43,MINYA,Ard Sultan,Sultan Grill,Grills,6,"1,115 EGP",0,Card,C098,Motorcycle,3.9,17,30,31,5,U0193,Delivered,,0
ORD03526,4/19/2025 12:54,Minya,Corniche El-Nil,Samak El-Balad,Fish,5,EGP 930,75,Wallet,C023,Bicycle,0.9,21,20,,,U0061,Cancelled,,
ORD00654,5/22/2025 14:02,Menia,Abu Helal,Bites Burger,Burgers,3,211,0,Cash,C088,Tuk-tuk,4.2,17,30,34,4,U1046,Delivered,,0
ORD04000,1/4/2025 21:15,Minya,Wast El-Balad,Farag Kebab,Grills,1,101,6,Cash,C084,Motorcycle,4.4,20,30,45,3,U1162,Delivered,,1
ORD00769,4/15/2025 15:57,MINYA,Abu Helal,El-Abd Minya,Desserts,2,EGP 135,0,Cash,C059,Motorcycle,2.5,8,25,18,5,U0837,Delivered,,0
ORD03514,1/9/2025 21:11, Minya,Wast El-Balad,Sheikh El-Balad,Grills,5,724,124,Cash,C031,Bicycle,3.1,35,25,60,,U0486,Delivered,,1
ORD02277,6/28/2025 12:48,Minya,El-Gamaa,Foul El-Mahatta,Egyptian,2,EGP 75,0,Cash,C093,Motorcycle,7.9,13,35,25,5,U1470,Delivered,,1
ORD01040,1/31/2025 11:14, Minya,Ard Sultan,El-Dawar,Egyptian,5,"1,307 EGP",0,Cash,C083,Motorcycle,3,13,25,9,,U0483,Delivered,,1
ORD04196,6/18/2025 14:05,Minya,Ard Sultan,Basbousa Bar,Desserts,5,EGP 264,0,Card,C085,Motorcycle,3.9,8,30,17,4,U1193,Delivered,,1
ORD01155,4/1/2025 21:41,Minya ,El-Mahatta,Foul El-Mahatta,Egyptian,3,130 EGP,25,Cash,C093,Motorcycle,2.7,8,25,23,5,U1266,Delivered,,1
ORD04035,6/10/2025 21:16,MINYA,Abu Helal,Samak El-Balad,Fish,6,962 EGP,0,Cash,C098,Motorcycle,2.5,25,25,52,3,U0877,Delivered,,1
ORD02248,3/29/2025 17:22,new minya,New Minya,Om Ali House,Desserts,4,206 EGP,0,Card,C042,Motorcycle,11.1,7,45,30,5,U1473,Delivered,,0
ORD02821,3/18/2025 23:51,NEW MINYA,New Minya,Burger Corniche,Burgers,3,219 EGP,0,Card,C005,Motorcycle,11.3,12,45,40,4,U0671,Delivered,,0
ORD00406,30/03/2025 22:16,El Minya,El-Sahel,Forno Nile,Pizza,3,239,0,Cash,C003,Bicycle,5.6,25,30,50,,U0433,Delivered,,0
ORD00661,1/17/2025 22:58,Minya,El-Gamaa,Hadouta Masreya,Egyptian,5,255,0,Card,C027,Motorcycle,4.3,10,30,20,4,U0287,Delivered,,0
ORD00261,3/14/2025 12:07,Minya ,Ard Sultan,Bahary Corner,Fish,6,"1,182 EGP",207,Card,C110,Tuk-tuk,2.2,35,25,45,4,U0278,Delivered,,1
ORD01158,5/17/2025 17:57,Minya,Ard Sultan,Pizza Roma,Pizza,2,EGP 189,0,Wallet,C001,Motorcycle,2.3,22,25,23,,U1186,Delivered,,1
ORD00626,6/7/2025 12:44,MINYA,Wast El-Balad,Crispy House,Burgers,1,EGP 75,14,Cash,C082,Motorcycle,0.9,16,20,17,5,U0142,Delivered,,1
ORD02666,4/30/2025 12:08,Minya,Wast El-Balad,Farag Kebab,Grills,4,552,137,Card,C024,Tuk-tuk,1.2,20,25,28,5,U0943,Delivered,,0
ORD03967,5/16/2025 13:38,New Minya,New Minya,Hadouta Masreya,Egyptian,5,230,55,Cash,C052,Bicycle,12.4,12,45,91,2,U0168,Delivered,,0
ORD01906,3/9/2025 20:21,El Minya,El-Mahatta,El-Nil Fish,Fish,6,"1,006 EGP",158,Card,C038,Bicycle,1.3,27,25,51,4,U1438,Delivered,,0
ORD00098,4/9/2025 22:16,Minya,Shalaby,Bites Burger,Burgers,1,610 EGP,0,Cash,C024,Bicycle,3,16,25,23,5,U1297,Delivered,,1
ORD00177,14/04/2025 18:14, Minya,Corniche El-Nil,Crispy House,Burgers,6,568,0,Wallet,C093,Motorcycle,2.8,8,25,18,5,U0262,Delivered,,1
ORD00876,5/1/2025 23:17,Minya,Corniche El-Nil,Sheikh El-Balad,Grills,3,303,0,Cash,C017,Tuk-tuk,2.3,33,25,40,3,U0829,Delivered,,1
ORD00420,31/03/2025 20:59,New Minya ,New Minya,Sheikh El-Balad,Grills,4,453,0,Cash,C023,Motorcycle,11,21,45,59,3,U1112,Delivered,,1
ORD01194,3/25/2025 14:04,Minya,Wast El-Balad,Bites Burger,Burgers,5,529 EGP,0,Cash,C077,Motorcycle,0.9,16,20,13,3,U1156,Delivered,,1
ORD00114,6/22/2025 12:07,Minya,Shalaby,Bites Burger,Burgers,5,479,0,Card,C017,Motorcycle,4.8,12,30,,,U1376,Cancelled,,
ORD02100,8/3/2025 11:06,Minya,Nazlet Hussein,Tamara Sweets,Desserts,6,EGP 367,80,Cash,C063,Tuk-tuk,6.8,9,35,36,5,U0499,Delivered,,1
ORD00595,5/27/2025 23:30,El Minya,Corniche El-Nil,Farag Kebab,Grills,1,162 EGP,0,Card,C004,Bicycle,1.5,25,25,37,5,U0609,Delivered,,1
ORD02074,3/25/2025 12:26,Minya,Shalaby,Hadouta Masreya,Egyptian,1,EGP 72,0,Cash,C063,Motorcycle,7,16,35,35,,U0726,Delivered,,0
ORD01736,3/17/2025 13:06,El-Minya,El-Sahel,Samak El-Balad,Fish,6,"EGP 1,329",107,Wallet,C050,Motorcycle,2.6,22,25,26,,U0365,Delivered,,0
ORD03143,5/27/2025 21:54,Menia,Wast El-Balad,Bites Burger,Burgers,4,EGP 267,0,Cash,C046,Bicycle,2.8,19,25,41,5,U0372,Delivered,,1
ORD00694,1/10/2025 16:55,Minya,Wast El-Balad,Forno Nile,Pizza,2,EGP 234,0,Wallet,C043,Motorcycle,0.8,30,20,33,,U0362,Delivered,,0
ORD00188,3/20/2025 13:47,Abu Qurqas,Abu Qurqas,Bahary Corner,Fish,6,833 EGP,0,Wallet,C032,Tuk-tuk,15.9,29,55,76,,U0547,Delivered,,0
ORD01830,1/14/2025 17:53,Minya,Wast El-Balad,Hadouta Masreya,Egyptian,4,167 EGP,0,Wallet,C001,Motorcycle,1.6,11,25,7,5,U0901,Delivered,,0
ORD02504,6/20/2025 13:30, Minya,Shalaby,Pizza Roma,Pizza,5,EGP 402,0,Cash,C100,Motorcycle,3.6,18,30,19,,U1444,Delivered,,0
ORD00563,5/18/2025 12:13,Minya,Wast El-Balad,El-Nil Fish,Fish,5,EGP 783,0,Cash,C010,Motorcycle,1.4,24,25,36,4,U1258,Delivered,,1
ORD01581,3/23/2025 19:20,MINYA,El-Mahatta,Forno Nile,Pizza,5,622 EGP,0,Card,C030,Motorcycle,3.6,29,30,39,3,U0372,Delivered,,1
ORD00914,2/16/2025 18:30,Minya,El-Gamaa,Hadouta Masreya,Egyptian,1,45 EGP,0,Cash,C003,Motorcycle,6.4,16,35,35,5,U1151,Delivered,,0
ORD02048,6/10/2025 15:24,Minya,El-Sahel,Om Ali House,Desserts,6,EGP 315,0,Wallet,C040,Tuk-tuk,4,12,30,27,4,U0013,Delivered,,0
ORD03747,20/05/2025 14:02,New Minya,New Minya,Sultan Grill,Grills,2,265 EGP,0,Card,C012,Motorcycle,10.3,21,40,48,4,U0999,Delivered,,0
ORD00663,4/16/2025 21:55,Minya,Nazlet Hussein,Foul El-Mahatta,Egyptian,5,281 EGP,0,Card,C001,Motorcycle,4.1,12,30,20,4,U1431,Delivered,,0
ORD01832,3/3/2025 14:06,Minya,El-Sahel,Hadouta Masreya,Egyptian,1,EGP 77,0,Cash,C048,Motorcycle,4.8,10,30,23,5,U0667,Delivered,,0
ORD02605,3/8/2025 20:39,Minya,El-Gamaa,Pizza Roma,Pizza,1,123 EGP,0,Cash,C093,Motorcycle,5.1,21,30,49,3,U1062,Delivered,,1
ORD01837,5/31/2025 12:44,Abu Qurqas,Abu Qurqas,Sheikh El-Balad,Grills,1,154 EGP,0,Card,C063,Motorcycle,14.9,30,50,68,,U0592,Delivered,,0
ORD01992,1/10/2025 21:15,Abu Qurqas,Abu Qurqas,Koshary El-Sheikh,Egyptian,1,57 EGP,0,Wallet,C045,Motorcycle,18,6,60,51,4,U1367,Delivered,,1
ORD03488,6/1/2025 16:07,El-Minya,El-Sahel,Bahary Corner,Fish,2,268,0,Cash,C016,Motorcycle,3.5,36,30,47,4,U0057,Delivered,,1
ORD02754,4/8/2025 12:09,minya,Corniche El-Nil,Bahary Corner,Fish,1,121 EGP,7,Wallet,C011,Tuk-tuk,1.7,25,25,35,4,U0187,Delivered,,0
ORD02636,6/26/2025 14:42,Minya,Shalaby,Burger Corniche,Burgers,4,341 EGP,0,Cash,C068,Motorcycle,2.9,12,25,16,4,U0547,Delivered,,1
ORD00455,5/27/2025 19:16,abu qurqas,Abu Qurqas,Koshary El-Sheikh,Egyptian,6,EGP 152,0,Cash,C087,Motorcycle,16,11,55,51,,U0347,Delivered,,1
ORD03860,3/28/2025 21:16,Minya,Shalaby,Hadouta Masreya,Egyptian,3,EGP 190,0,Cash,C088,Motorcycle,3.5,16,30,35,4,U0065,Delivered,,0
ORD02514,18/02/2025 12:00,Menia,El-Mahatta,Farag Kebab,Grills,1,175,11,Card,C107,Motorcycle,3.7,16,30,27,4,U0671,Delivered,,1
ORD01965,23/06/2025 15:55,minya,El-Gamaa,Foul El-Mahatta,Egyptian,3,165,0,Card,C026,Tuk-tuk,6.3,10,35,28,5,U0610,Delivered,,1
ORD03006,1/7/2025 13:34,New Minya,New Minya,Slice Minya,Pizza,4,546,35,Wallet,C038,Tuk-tuk,11,21,45,55,,U0906,Delivered,address unclear,1
ORD01476,8/6/2025 18:19,Minya,Corniche El-Nil,Bites Burger,Burgers,3,338 EGP,0,Cash,C048,Motorcycle,2.6,18,25,21,4,U0180,Delivered,,1
ORD01908,4/23/2025 12:09,Minya,Wast El-Balad,Basbousa Bar,Desserts,6,272 EGP,49,Cash,C099,Motorcycle,4.1,9,30,16,5,U1333,Delivered,,1
ORD02537,11/4/2025 17:55,Minya,Abu Helal,Samak El-Balad,Fish,1,134 EGP,0,Card,C109,Motorcycle,3.3,24,25,33,4,U0643,Delivered,,1
ORD01765,1/2/2025 20:03,Menia,Corniche El-Nil,Burger Corniche,Burgers,1,45 EGP,0,Wallet,C015,Motorcycle,2.9,13,25,25,5,U1487,Delivered,,1
ORD01851,15/04/2025 12:17,New Minya ,New Minya,Sultan Grill,Grills,3,435,43,Card,C018,Motorcycle,10.6,19,45,42,4,U1356,Delivered,,0
ORD01493,4/13/2025 20:32,minya,El-Gamaa,Bites Burger,Burgers,3,303,0,Cash,C110,Motorcycle,5,19,30,45,,U0059,Delivered,,1
ORD01313,2/20/2025 14:13,Minya,Abu Helal,Forno Nile,Pizza,4,EGP 509,0,Cash,C096,Bicycle,4.2,36,30,54,4,U1197,Delivered,,0
ORD01482,14/06/2025 14:25,Minya,Abu Helal,Bites Burger,Burgers,2,EGP 872,0,Card,C004,Bicycle,0.8,9,20,10,4,U0560,Delivered,,1
ORD02138,2/1/2025 19:47,MINYA,Corniche El-Nil,Basbousa Bar,Desserts,6,361,0,Card,C062,Motorcycle,3.9,13,30,17,5,U0552,Delivered,customer not answering,1
ORD03134,2/17/2025 14:05, Minya,Shalaby,Om Ali House,Desserts,1,78,0,Card,C005,Tuk-tuk,4.3,10,30,34,3,U0273,Delivered,customer not answering,1
ORD01509,4/9/2025 23:08,Minya,Abu Helal,El-Nil Fish,Fish,5,865 EGP,101,Cash,C104,Motorcycle,3.4,28,30,43,,U0797,Delivered,,0
ORD04084,6/2/2025 12:34,MINYA,Ard Sultan,Slice Minya,Pizza,5,428 EGP,0,Cash,C101,Bicycle,2.4,10,25,24,,U0175,Delivered,,0
ORD02530,5/15/2025 19:45,El-Minya,Abu Helal,El-Abd Minya,Desserts,1,79 EGP,0,Wallet,C074,Motorcycle,1,10,25,19,5,U1401,Delivered,,1
ORD00102,1/5/2025 20:13,Minya,El-Mahatta,Sheikh El-Balad,Grills,2,226 EGP,50,Cash,C045,Bicycle,4.4,36,30,68,,U0462,Delivered,,1
ORD00569,1/5/2025 20:38,ABU QURQAS,Abu Qurqas,Bites Burger,Burgers,3,EGP 368,0,Cash,C005,Tuk-tuk,17.8,14,60,79,4,U0526,Delivered,,0
ORD02538,4/16/2025 17:07,minya,El-Sahel,Hadouta Masreya,Egyptian,6,204 EGP,0,Card,C025,Bicycle,5.3,18,30,52,,U1324,Delivered,,0
ORD00841,5/21/2025 18:26,Minya,El-Gamaa,Forno Nile,Pizza,3,349 EGP,0,Cash,C093,Motorcycle,5,26,30,39,3,U0999,Delivered,,0
ORD02581,3/13/2025 21:14,Abu Qurqas,Abu Qurqas,Bahary Corner,Fish,2,362 EGP,0,Cash,C028,Bicycle,16.7,28,55,158,1,U1378,Delivered,,0
ORD00819,4/3/2025 18:11,New Minya,New Minya,El-Abd Minya,Desserts,6,195 EGP,31,Wallet,C105,Bicycle,13,8,50,90,2,U1285,Delivered,,0
ORD02011,5/23/2025 18:35,Minya ,El-Gamaa,Burger Corniche,Burgers,2,181,0,Cash,C039,Motorcycle,5.2,18,30,26,5,U1212,Delivered,,0
ORD00860,1/4/2025 21:34,MINYA,Wast El-Balad,Pizza Roma,Pizza,6,602 EGP,129,Cash,C108,Bicycle,2.8,15,25,48,4,U0946,Delivered,customer not answering,1
ORD01292,2/3/2025 20:10,Minya,El-Gamaa,Tamara Sweets,Desserts,2,136 EGP,0,Cash,C095,Motorcycle,5.9,7,35,24,4,U0452,Delivered,,0
ORD00171,23/03/2025 20:10,Minya,Corniche El-Nil,Om Ali House,Desserts,3,148,0,Card,C032,Motorcycle,0.7,11,20,24,4,U1318,Delivered,,1
ORD01838,6/7/2025 20:24,Menia,El-Gamaa,Koshary El-Sheikh,Egyptian,3,128 EGP,0,Cash,C104,Bicycle,6.8,8,35,54,5,U0201,Delivered,,1
ORD02134,2/21/2025 18:31, Minya,El-Mahatta,Foul El-Mahatta,Egyptian,1,EGP 70,0,Wallet,C082,Tuk-tuk,3,6,25,15,5,U0350,Delivered,,0
ORD02761,21/06/2025 20:41,ABU QURQAS,Abu Qurqas,Koshary El-Sheikh,Egyptian,1,51 EGP,0,Card,C073,Tuk-tuk,14.8,14,50,68,4,U1054,Delivered,,0
ORD02353,1/23/2025 18:50,minya,El-Mahatta,El-Abd Minya,Desserts,3,189 EGP,17,Card,C071,Motorcycle,1.5,8,25,19,5,U0509,Delivered,,1
ORD00870,4/25/2025 20:12,Minya,El-Gamaa,Sheikh El-Balad,Grills,5,586,0,Cash,C041,Bicycle,6,24,35,62,,U0178,Delivered,,0
ORD01717,5/22/2025 21:33,Minya,Nazlet Hussein,El-Dawar,Egyptian,3,141 EGP,0,Wallet,C032,Bicycle,6.2,14,35,54,4,U1459,Delivered,,1
ORD03510,6/1/2025 19:13,El Minya,El-Gamaa,El-Abd Minya,Desserts,1,46,9,Cash,C053,Motorcycle,3.3,8,25,25,5,U0042,Delivered,,1
ORD02618,4/23/2025 20:08,New Minya,New Minya,Koshary El-Sheikh,Egyptian,3,149,0,Cash,C068,Motorcycle,11.7,11,45,64,4,U1263,Delivered,,0
ORD00424,2/3/2025 19:50,Minya,El-Gamaa,Burger Corniche,Burgers,2,EGP 192,20,Card,C009,Motorcycle,4.8,10,30,36,4,U0807,Delivered,,1
ORD04077,3/2/2025 19:05,New Minya,New Minya,Koshary El-Sheikh,Egyptian,5,289 EGP,0,Cash,C108,Bicycle,11.2,10,45,81,,U0019,Delivered,,0
ORD01343,22/05/2025 19:18,Minya,Wast El-Balad,Tamara Sweets,Desserts,5,EGP 185,0,Card,C051,Motorcycle,1.5,7,25,30,4,U0215,Delivered,,0
ORD04146,4/2/2025 19:39,New Minya ,New Minya,Sultan Grill,Grills,4,691 EGP,0,Wallet,C010,Tuk-tuk,9.1,22,40,72,3,U1029,Delivered,,0
ORD02649,1/6/2025 23:04,Menia,El-Mahatta,Burger Corniche,Burgers,2,151 EGP,0,Wallet,C040,Tuk-tuk,0.8,24,20,20,4,U0453,Delivered,,1
ORD01659,15/03/2025 12:03,Minya,El-Mahatta,El-Nil Fish,Fish,6,829,0,Wallet,C042,Motorcycle,3.9,21,30,27,5,U0001,Delivered,,1
ORD01530,1/11/2025 14:55,Minya,Ard Sultan,Sheikh El-Balad,Grills,4,595 EGP,0,Cash,C021,Motorcycle,2.6,23,25,36,4,U1004,Delivered,,0
ORD01174,4/4/2025 19:41,Minya,Shalaby,Om Ali House,Desserts,3,135 EGP,33,Cash,C110,Motorcycle,4,4,30,19,5,U0287,Delivered,gate closed,1
ORD02947,4/6/2025 19:32,Minya,El-Gamaa,Burger Corniche,Burgers,3,EGP 195,27,Wallet,C096,Tuk-tuk,4.8,13,30,36,,U0882,Delivered,,0
ORD00844,3/21/2025 15:31,Menia,Ard Sultan,Foul El-Mahatta,Egyptian,3,116,9,Wallet,C038,Tuk-tuk,3.2,10,25,22,5,U1085,Delivered,,1
ORD01386,4/10/2025 23:03,minya,El-Mahatta,Bahary Corner,Fish,3,EGP 405,0,Wallet,C104,Motorcycle,1.9,38,25,45,4,U0773,Delivered,,0
ORD04190,2/13/2025 13:43,Minya,Abu Helal,Om Ali House,Desserts,3,139 EGP,34,Cash,C065,Motorcycle,3.9,4,30,15,,U0152,Delivered,,1
ORD00301,3/25/2025 13:19,Minya,Corniche El-Nil,Crispy House,Burgers,2,176,0,Card,C016,Motorcycle,0.6,11,20,8,5,U1172,Delivered,,0
ORD02527,5/26/2025 20:33,Minya,Ard Sultan,Basbousa Bar,Desserts,3,100,0,Cash,C031,Tuk-tuk,4.2,7,30,24,,U1271,Delivered,,1
ORD00459,3/8/2025 18:06,Minya,Abu Helal,El-Nil Fish,Fish,1,158 EGP,25,Cash,C053,Tuk-tuk,3.4,30,30,44,,U0050,Delivered,,1
ORD01812,4/16/2025 18:11,Minya,El-Gamaa,Basbousa Bar,Desserts,2,EGP 77,0,Card,C091,Motorcycle,4,7,30,20,5,U0852,Delivered,,0
ORD00518,6/17/2025 20:13,Minya,Shalaby,Pizza Roma,Pizza,1,91,0,Cash,C081,Motorcycle,3.5,16,30,40,4,U0630,Delivered,,0
ORD04120,6/29/2025 20:28,Minya,Abu Helal,Sultan Grill,Grills,1,133 EGP,0,Cash,C100,Motorcycle,5,21,30,50,,U0022,Delivered,,1
ORD04064,3/28/2025 16:36,Menia,Shalaby,El-Dawar,Egyptian,2,EGP 79,13,Card,C074,Motorcycle,3.9,12,30,16,5,U1149,Delivered,,1
ORD03601,3/9/2025 14:39,Minya,Ard Sultan,Bites Burger,Burgers,5,296 EGP,52,Wallet,C015,Motorcycle,4.5,18,30,36,4,U0443,Delivered,,1
ORD02781,5/7/2025 22:15,El Minya,El-Sahel,El-Abd Minya,Desserts,6,411 EGP,0,Cash,C030,Motorcycle,4.6,7,30,17,4,U1323,Delivered,,0
ORD01691,3/3/2025 21:27,Menia,Ard Sultan,El-Nil Fish,Fish,5,575 EGP,0,Cash,C084,Motorcycle,3.4,28,30,51,5,U0287,Delivered,,1
ORD00463,5/29/2025 13:32,MINYA,Nazlet Hussein,Om Ali House,Desserts,6,EGP 341,47,Cash,C022,Motorcycle,5.7,10,30,25,4,U0317,Delivered,,0
ORD03740,2/5/2025 20:52,Minya,Corniche El-Nil,Basbousa Bar,Desserts,1,51 EGP,3,Card,C056,Motorcycle,0.8,13,20,24,5,U0816,Delivered,,0
ORD02368,1/16/2025 18:51,Minya,Ard Sultan,Burger Corniche,Burgers,3,274,0,Cash,C020,Motorcycle,1.8,8,25,6,5,U0321,Delivered,gate closed,1
ORD03467,1/31/2025 20:22,new minya,New Minya,Foul El-Mahatta,Egyptian,2,144,20,Cash,C109,Motorcycle,10.3,10,40,44,5,U0604,Delivered,,0
ORD01709,3/31/2025 20:20,Minya,El-Gamaa,Bahary Corner,Fish,2,331 EGP,0,Card,C036,Bicycle,5.1,31,30,63,,U1468,Delivered,,0
ORD02356,3/3/2025 18:21,Minya,Abu Helal,El-Abd Minya,Desserts,6,277 EGP,16,Cash,C005,Motorcycle,1.4,4,25,7,4,U0232,Delivered,gate closed,0
ORD00536,4/9/2025 20:46,Menia,Wast El-Balad,Crispy House,Burgers,6,431,0,Wallet,C078,Motorcycle,2.5,19,25,29,5,U0305,Delivered,,1
ORD04074,3/17/2025 20:50,Minya,Corniche El-Nil,Bites Burger,Burgers,3,240 EGP,0,Cash,C066,Motorcycle,1.1,22,25,44,4,U1191,Delivered,re-assigned,1
ORD00622,5/3/2025 20:19,Minya,Ard Sultan,El-Abd Minya,Desserts,4,200,0,Cash,C092,Tuk-tuk,5.4,8,30,31,,U0216,Delivered,,0
ORD00571,4/3/2025 12:57,El-Minya,El-Mahatta,Forno Nile,Pizza,2,141,17,Wallet,C025,Motorcycle,2.6,31,25,36,4,U0364,Delivered,,1
ORD02392,2/14/2025 13:58,El Minya,El-Gamaa,El-Dawar,Egyptian,4,268 EGP,66,Cash,C079,Motorcycle,8.3,17,40,32,5,U0411,Delivered,,1
ORD00511,4/12/2025 14:56,Minya,Corniche El-Nil,Slice Minya,Pizza,4,EGP 491,47,Cash,C097,Bicycle,3.2,18,25,34,4,U1381,Delivered,,1
ORD03041,8/2/2025 18:07,New Minya,New Minya,Bahary Corner,Fish,1,EGP 196,0,Card,C101,Motorcycle,12.3,28,45,52,4,U0768,Delivered,,1
ORD02249,5/4/2025 19:17,Minya,Shalaby,Pizza Roma,Pizza,2,EGP 164,0,Cash,C032,Tuk-tuk,4.6,16,30,38,5,U0897,Delivered,,0
ORD00873,18/02/2025 16:44,Minya,Abu Helal,Sultan Grill,Grills,1,166 EGP,0,Card,C051,Bicycle,1.6,17,25,30,5,U0814,Delivered,,0
ORD00240,21/03/2025 13:24,El Minya,Ard Sultan,Sultan Grill,Grills,3,523 EGP,0,Card,C086,Motorcycle,4.3,14,30,29,,U0857,Delivered,,1
ORD00094,2/3/2025 19:28,Minya,Ard Sultan,Sultan Grill,Grills,4,EGP 454,0,Cash,C095,Bicycle,3.1,21,25,40,4,U0420,Delivered,,1
ORD02215,5/8/2025 22:48,El Minya,Shalaby,Sultan Grill,Grills,1,140,16,Cash,C108,Motorcycle,3.4,18,30,20,5,U0483,Delivered,,1
ORD01272,2/11/2025 21:48,Minya,El-Mahatta,Slice Minya,Pizza,3,192 EGP,34,Wallet,C024,Bicycle,3.5,16,30,42,4,U1182,Delivered,re-assigned,1
ORD04091,3/1/2025 20:36,Minya,Corniche El-Nil,Om Ali House,Desserts,5,EGP 244,0,Cash,C084,Motorcycle,0.6,4,20,22,4,U1297,Delivered,,1
ORD02426,3/14/2025 18:59,El-Minya El-Gedida,New Minya,Hadouta Masreya,Egyptian,6,306,34,Cash,C060,Bicycle,10.7,13,45,79,2,U1060,Delivered,,0
ORD04171,5/31/2025 19:41,Minya,El-Sahel,El-Abd Minya,Desserts,2,124 EGP,0,Wallet,C028,Bicycle,6,13,35,53,4,U0030,Delivered,,0
ORD02441,5/18/2025 20:09, Minya,Shalaby,El-Nil Fish,Fish,2,257 EGP,53,Cash,C101,Tuk-tuk,2.8,24,25,37,4,U0370,Delivered,,0
ORD02186,1/25/2025 21:07,New Minya,New Minya,Tamara Sweets,Desserts,2,124 EGP,0,Card,C093,Tuk-tuk,11,9,45,49,4,U0789,Delivered,,1
ORD01782,11/2/2025 23:41,Minya,El-Mahatta,Bites Burger,Burgers,3,EGP 214,0,Wallet,C082,Tuk-tuk,2.5,12,25,17,5,U1452,Delivered,,0
ORD01969,1/25/2025 12:28,Abu Qurqas,Abu Qurqas,Crispy House,Burgers,4,411,41,Card,C065,Motorcycle,16.1,16,55,47,,U0847,Delivered,,0
ORD00342,1/5/2025 14:33, Minya,Corniche El-Nil,Forno Nile,Pizza,2,123 EGP,0,Card,C040,Motorcycle,3.4,31,30,,,U0787,Cancelled,,
ORD03517,2/6/2025 13:27,MINYA,El-Mahatta,Sheikh El-Balad,Grills,4,493 EGP,0,Card,C047,Motorcycle,2.7,24,25,20,5,U0989,Delivered,,1
ORD03773,3/2/2025 21:55, Abu Qurqas,Abu Qurqas,Basbousa Bar,Desserts,1,55 EGP,0,Cash,C056,Bicycle,13.2,10,50,116,1,U0988,Delivered,,0
ORD03746,4/25/2025 14:22,Minya,Shalaby,Om Ali House,Desserts,6,EGP 403,60,Wallet,C040,Motorcycle,6,11,35,23,5,U0638,Delivered,,1
ORD03329,7/5/2025 19:38,Minya ,El-Gamaa,Bahary Corner,Fish,4,EGP 449,0,Wallet,C097,Motorcycle,5.5,34,30,45,3,U1029,Delivered,,0
ORD00703,3/5/2025 20:37,Menia,Corniche El-Nil,El-Nil Fish,Fish,2,369 EGP,0,Card,C063,Motorcycle,2.2,21,25,46,4,U0492,Delivered,,1
ORD01752,1/1/2025 19:05,Minya,Ard Sultan,Pizza Roma,Pizza,1,74,0,Wallet,C021,Bicycle,2.5,21,25,35,4,U0814,Delivered,,0
ORD03879,4/21/2025 16:21,Minya,El-Mahatta,Crispy House,Burgers,3,279,29,Cash,C017,Motorcycle,3.6,20,30,31,5,U0477,Delivered,,1
ORD02670,2/4/2025 15:33,New Minya,New Minya,Burger Corniche,Burgers,5,347 EGP,24,Cash,C099,Tuk-tuk,12.1,14,45,56,4,U0511,Delivered,,1
ORD02232,2/21/2025 13:55,El-Minya,Wast El-Balad,Bites Burger,Burgers,4,345,45,Cash,C007,Bicycle,2.1,10,25,18,5,U0673,Delivered,,1
ORD02920,3/9/2025 19:05,MINYA,Corniche El-Nil,Crispy House,Burgers,6,539,29,Cash,C028,Motorcycle,1.1,23,25,31,4,U1057,Delivered,,1
ORD04053,5/31/2025 21:36,El-Minya,Wast El-Balad,Samak El-Balad,Fish,6,737 EGP,0,Card,C032,Motorcycle,3,11,25,34,5,U1052,Delivered,,0
ORD00915,3/20/2025 21:19,New Minya,New Minya,Sultan Grill,Grills,6,EGP 752,187,Cash,C064,Tuk-tuk,10.5,12,45,54,4,U0762,Delivered,,0
ORD01894,4/10/2025 22:41,Abu Qurqas,Abu Qurqas,Sultan Grill,Grills,3,599 EGP,0,Card,C054,Bicycle,15,17,50,110,1,U0258,Delivered,,0
ORD02503,3/6/2025 14:19, Minya,Wast El-Balad,Basbousa Bar,Desserts,3,EGP 182,0,Card,C019,Bicycle,0.6,11,20,15,5,U1207,Delivered,,0
ORD00093,2/11/2025 12:43,El-Minya,Abu Helal,Sheikh El-Balad,Grills,5,420 EGP,0,Cash,C073,Motorcycle,2.6,32,25,42,,U0756,Delivered,,1
ORD02452,6/5/2025 12:29,ABU QURQAS,Abu Qurqas,Om Ali House,Desserts,5,EGP 312,0,Cash,C097,Bicycle,17.3,5,55,119,1,U0151,Delivered,,0
ORD00081,18/06/2025 20:40,Minya ,El-Sahel,Bahary Corner,Fish,3,EGP 486,85,Cash,C033,Bicycle,4.4,33,30,62,,U1437,Delivered,,0
ORD00633,20/05/2025 19:20, Minya,Abu Helal,El-Nil Fish,Fish,5,EGP 899,89,Wallet,C055,Motorcycle,3,23,25,43,,U0380,Delivered,,1
ORD03414,2/3/2025 14:03,Minya,Ard Sultan,El-Dawar,Egyptian,3,206 EGP,19,Cash,C001,Motorcycle,1.9,14,25,24,4,U0059,Delivered,,0
ORD03686,2/24/2025 12:33,minya,El-Mahatta,Hadouta Masreya,Egyptian,3,EGP 150,17,Wallet,C090,Bicycle,2.6,13,25,25,4,U1228,Delivered,,0
ORD03772,11/6/2025 19:04, Minya,Shalaby,El-Abd Minya,Desserts,4,173 EGP,0,Card,C071,Motorcycle,4.4,7,30,26,4,U0110,Delivered,,1
ORD02079,2/21/2025 11:02,New Minya ,New Minya,Bites Burger,Burgers,5,489 EGP,0,Cash,C001,Motorcycle,13,16,50,48,4,U0750,Delivered,,1
ORD02272,5/5/2025 16:52, Minya,El-Gamaa,Hadouta Masreya,Egyptian,2,138,0,Cash,C056,Motorcycle,5.7,11,30,34,5,U0018,Delivered,,1
ORD02094,3/20/2025 14:45,Minya,Ard Sultan,Samak El-Balad,Fish,6,621,0,Card,C027,Tuk-tuk,3.4,20,30,27,,U0555,Delivered,,1
ORD01214,2/21/2025 17:09,Minya,El-Gamaa,Sultan Grill,Grills,2,EGP 242,26,Cash,C076,Tuk-tuk,4.9,15,30,37,4,U1496,Delivered,address unclear,1
ORD02762,5/28/2025 13:03,Menia,El-Mahatta,Bites Burger,Burgers,1,98,0,Cash,C107,Motorcycle,4,14,30,29,5,U0618,Delivered,,0
ORD00391,4/11/2025 19:22,Minya,Corniche El-Nil,Bahary Corner,Fish,2,183 EGP,0,Cash,C056,Motorcycle,1.9,31,25,57,,U1377,Delivered,,0
ORD03882,5/10/2025 20:08,New Minya,New Minya,Tamara Sweets,Desserts,3,181 EGP,0,Cash,C004,Tuk-tuk,11.5,6,45,55,4,U0196,Delivered,,1
ORD03309,4/20/2025 12:41,new minya,New Minya,Hadouta Masreya,Egyptian,3,127,0,Wallet,C103,Bicycle,10.2,15,40,75,,U0582,Delivered,,1
ORD00829,3/14/2025 13:46,New Minya,New Minya,Pizza Roma,Pizza,3,221 EGP,0,Card,C010,Motorcycle,12.1,17,45,49,4,U0343,Delivered,,0
ORD01491,21/06/2025 20:25,Menia,Corniche El-Nil,Pizza Roma,Pizza,1,111 EGP,0,Cash,C060,Tuk-tuk,0.6,22,20,36,,U0178,Delivered,,1
ORD02030,6/23/2025 12:31,new minya,New Minya,Bahary Corner,Fish,4,540,104,Wallet,C073,Tuk-tuk,10.8,38,45,73,3,U0605,Delivered,,0
ORD03743,4/10/2025 21:41,MINYA,Wast El-Balad,Farag Kebab,Grills,3,EGP 544,106,Wallet,C002,Motorcycle,3.4,17,30,34,4,U1080,Delivered,,1
ORD02624,2/5/2025 11:44,Minya,Wast El-Balad,Slice Minya,Pizza,1,143,0,Card,C086,Tuk-tuk,2.5,11,25,11,5,U0638,Delivered,,1
ORD01940,2/18/2025 23:57,ABU QURQAS,Abu Qurqas,Farag Kebab,Grills,5,EGP 722,0,Wallet,C021,Bicycle,17.1,27,55,151,1,U0334,Delivered,gate closed,0
ORD01907,6/27/2025 14:41,El Minya,Shalaby,Burger Corniche,Burgers,3,270,0,Wallet,C018,Tuk-tuk,3.5,16,30,20,5,U1249,Delivered,,1
ORD01979,4/9/2025 12:40,ABU QURQAS,Abu Qurqas,Foul El-Mahatta,Egyptian,1,57,0,Card,C104,Motorcycle,16.1,8,55,35,5,U0987,Delivered,,1
ORD00855,6/19/2025 12:55,Minya ,El-Sahel,Burger Corniche,Burgers,2,168,0,Wallet,C075,Motorcycle,6,14,35,34,5,U0368,Delivered,,0
ORD03483,1/3/2025 14:20, Minya,El-Sahel,Om Ali House,Desserts,2,134 EGP,0,Wallet,C025,Tuk-tuk,3.3,9,25,26,5,U1167,Delivered,,1
ORD00947,1/10/2025 22:03,Minya,Wast El-Balad,Om Ali House,Desserts,3,181 EGP,0,Cash,C045,Motorcycle,4,9,30,18,,U0201,Delivered,,1
ORD00600,6/1/2025 20:16,Minya,Shalaby,El-Nil Fish,Fish,2,345 EGP,46,Card,C071,Motorcycle,2.9,30,25,52,,U0858,Delivered,,0
ORD01094,2/24/2025 21:06,Minya,Corniche El-Nil,Basbousa Bar,Desserts,2,133,0,Cash,C010,Bicycle,0.6,8,20,27,4,U0228,Delivered,,0
ORD00314,5/16/2025 18:34,El Minya,Wast El-Balad,El-Abd Minya,Desserts,6,230,0,Card,C032,Bicycle,1.4,13,25,29,4,U1209,Delivered,,1
ORD03628,4/2/2025 15:53,minya,El-Mahatta,Om Ali House,Desserts,5,EGP 260,0,Cash,C073,Motorcycle,1.7,15,25,22,4,U0912,Delivered,,1
ORD01722,17/05/2025 20:16, Minya,Wast El-Balad,Pizza Roma,Pizza,4,362 EGP,0,Card,C011,Bicycle,0.6,19,20,22,5,U0099,Delivered,,1
ORD00565,31/01/2025 16:39,Minya,El-Mahatta,Sultan Grill,Grills,4,743,0,Cash,C065,Motorcycle,3.1,16,25,20,4,U0176,Delivered,,0
ORD03394,1/16/2025 14:34,MINYA,Wast El-Balad,Bites Burger,Burgers,5,575,0,Cash,C015,Motorcycle,2.2,15,25,26,,U0793,Delivered,,0
ORD01177,1/1/2025 13:23,Minya,El-Gamaa,Slice Minya,Pizza,1,EGP 110,0,Wallet,C026,Motorcycle,4.8,17,30,31,5,U0589,Delivered,,0
ORD02483,2/20/2025 20:49,El-Minya,Wast El-Balad,Burger Corniche,Burgers,1,EGP 99,15,Wallet,C060,Tuk-tuk,0.6,21,20,37,,U0180,Delivered,,1
ORD00973,3/28/2025 14:07,Minya,Abu Helal,Om Ali House,Desserts,5,298 EGP,39,Card,C005,Tuk-tuk,4.1,10,30,23,5,U0208,Delivered,,0
ORD03861,6/8/2025 18:36,New Minya,New Minya,Forno Nile,Pizza,2,197,23,Cash,C072,Bicycle,11.7,38,45,115,1,U1481,Delivered,,0
ORD01572,19/01/2025 17:12,minya,Abu Helal,El-Abd Minya,Desserts,3,194,19,Cash,C066,Bicycle,3.1,7,25,0,5,U0866,Delivered,,1
ORD00269,1/6/2025 23:34,New Minya,New Minya,Crispy House,Burgers,2,157,0,Card,C051,Motorcycle,12,9,45,29,4,U0864,Delivered,customer not answering,1
ORD00138,3/5/2025 20:54,Abu Qurqas,Abu Qurqas,Om Ali House,Desserts,2,137 EGP,0,Cash,C047,Motorcycle,17.9,6,60,61,5,U0557,Delivered,,0
ORD03862,2/21/2025 20:34,minya,El-Mahatta,Samak El-Balad,Fish,5,864,97,Card,C018,Motorcycle,2.4,22,25,44,3,U0309,Delivered,,1
ORD04071,1/1/2025 18:49,Minya,Shalaby,El-Abd Minya,Desserts,5,228,0,Card,C005,Motorcycle,4.3,4,30,20,,U0590,Delivered,,1
ORD02482,5/16/2025 15:16,El-Minya,Nazlet Hussein,Tamara Sweets,Desserts,3,EGP 164,0,Wallet,C006,Motorcycle,7.1,10,35,26,5,U1124,Delivered,,0
ORD03789,4/21/2025 13:34,Minya,Wast El-Balad,El-Dawar,Egyptian,6,EGP 360,0,Card,C068,Tuk-tuk,0.6,15,20,20,5,U1005,Delivered,,1
ORD03858,6/20/2025 20:27,Menia,Corniche El-Nil,Om Ali House,Desserts,1,69 EGP,0,Cash,C034,Bicycle,3.2,7,25,39,,U0679,Delivered,,1
ORD03679,4/21/2025 20:47,New Minya,New Minya,El-Dawar,Egyptian,1,54 EGP,0,Cash,C049,Tuk-tuk,11.7,14,45,67,4,U1203,Delivered,,0
ORD00325,7/1/2025 18:21,Minya,Nazlet Hussein,El-Abd Minya,Desserts,6,286,64,Wallet,C063,Bicycle,8.2,9,40,54,4,U0030,Delivered,,1
ORD02880,3/5/2025 18:15,Minya,Ard Sultan,Bahary Corner,Fish,6,"1,181 EGP",0,Cash,C011,Motorcycle,4.8,34,30,44,4,U1172,Delivered,,0
ORD00773,3/29/2025 20:34,minya,El-Gamaa,Farag Kebab,Grills,1,131 EGP,13,Card,C110,Tuk-tuk,4.8,19,30,45,5,U1202,Delivered,,1
ORD03114,5/6/2025 20:10,Minya ,Abu Helal,Om Ali House,Desserts,6,312 EGP,0,Cash,C062,Motorcycle,3.5,9,30,-8,5,U0564,Delivered,gate closed,1
ORD01260,1/23/2025 13:01,El Minya,El-Sahel,El-Abd Minya,Desserts,3,113,17,Cash,C012,Motorcycle,3.6,4,30,9,5,U1244,Delivered,,1
ORD02414,8/1/2025 21:55,Minya,Shalaby,El-Abd Minya,Desserts,3,EGP 155,0,Wallet,C107,Motorcycle,2.9,13,25,27,5,U0720,Delivered,,0
ORD04111,17/03/2025 21:25,Minya,Abu Helal,Crispy House,Burgers,6,343 EGP,0,Wallet,C054,Tuk-tuk,1.6,11,25,29,5,U1245,Delivered,,1
ORD00938,3/31/2025 22:49,Minya,Ard Sultan,El-Dawar,Egyptian,4,218 EGP,53,Wallet,C025,Motorcycle,3.1,12,25,17,5,U0688,Delivered,,1
ORD02114,17/06/2025 11:06,El-Minya El-Gedida,New Minya,El-Dawar,Egyptian,4,257,49,Wallet,C074,Motorcycle,11,15,45,40,4,U0992,Delivered,,0
ORD02295,10/5/2025 22:44, Abu Qurqas,Abu Qurqas,Farag Kebab,Grills,5,697,0,Cash,C101,Motorcycle,16.7,22,55,67,5,U0562,Delivered,,0
ORD02548,4/2/2025 11:53,El-Minya,Ard Sultan,Om Ali House,Desserts,5,236,30,Cash,C003,Motorcycle,5.1,7,30,25,4,U0218,Delivered,,1
ORD02344,4/23/2025 20:11,Minya,Corniche El-Nil,El-Abd Minya,Desserts,4,EGP 217,0,Card,C016,Motorcycle,1.3,8,25,25,4,U0966,Delivered,,1
ORD01636,4/7/2025 20:18,minya,Wast El-Balad,El-Abd Minya,Desserts,1,EGP 325,0,Wallet,C023,Motorcycle,1.1,10,25,26,,U0949,Delivered,,1
ORD01458,6/3/2025 13:53,Minya,Nazlet Hussein,Burger Corniche,Burgers,1,143,15,Cash,C072,Tuk-tuk,7.4,10,35,38,5,U1293,Delivered,,0
ORD00638,1/2/2025 19:01,Menia,Ard Sultan,Koshary El-Sheikh,Egyptian,2,123 EGP,0,Wallet,C082,Tuk-tuk,3.2,5,25,24,5,U0652,Delivered,,1
ORD01701,6/27/2025 19:32,Minya,Wast El-Balad,Bahary Corner,Fish,4,EGP 586,49,Card,C003,Bicycle,1.7,32,25,60,,U0547,Delivered,,0
ORD00893,6/5/2025 14:39,Minya ,Abu Helal,Sheikh El-Balad,Grills,2,245,0,Wallet,C002,Motorcycle,1.6,27,25,30,,U1211,Delivered,,1
ORD02985,1/15/2025 20:56,MINYA,Wast El-Balad,Bites Burger,Burgers,5,407 EGP,69,Cash,C088,Motorcycle,2.9,16,25,29,4,U1110,Delivered,,0
ORD02326,6/6/2025 14:53,Minya ,El-Sahel,Bahary Corner,Fish,6,"1,117 EGP",108,Cash,C016,Motorcycle,4.1,40,30,53,,U0479,Delivered,,0
ORD00758,18/05/2025 13:51,Minya,Wast El-Balad,Slice Minya,Pizza,5,566,0,Cash,C074,Tuk-tuk,5,19,30,34,5,U0747,Delivered,,0
ORD00966,5/9/2025 20:25,Minya,Abu Helal,Crispy House,Burgers,1,89 EGP,21,Card,C037,Motorcycle,2.9,17,25,29,4,U0756,Delivered,,0
ORD01989,1/27/2025 12:29,Menia,Abu Helal,Farag Kebab,Grills,3,423 EGP,42,Cash,C071,Tuk-tuk,2.7,23,25,37,3,U1302,Delivered,,1
ORD00127,6/7/2025 21:02,El-Minya,Shalaby,Bites Burger,Burgers,3,183,0,Cash,C059,Bicycle,2.3,9,25,37,,U0910,Delivered,,0
ORD02508,3/7/2025 23:59,Minya,Shalaby,Tamara Sweets,Desserts,1,EGP 71,0,Card,C110,Bicycle,3.3,10,25,22,4,U1357,Delivered,,0
ORD00416,3/25/2025 19:05,Minya,El-Mahatta,El-Dawar,Egyptian,1,54 EGP,0,Card,C088,Motorcycle,1.9,15,25,30,4,U0693,Delivered,,1
ORD00305,1/30/2025 21:00,Minya,Ard Sultan,Slice Minya,Pizza,3,347 EGP,68,Card,C027,Motorcycle,3,18,25,38,4,U0990,Delivered,,1
ORD01704,4/9/2025 15:00,Minya,El-Gamaa,Crispy House,Burgers,4,254 EGP,0,Card,C034,Motorcycle,7.5,9,35,26,4,U1245,Delivered,,1
ORD03567,3/26/2025 14:37,MINYA,El-Mahatta,Sheikh El-Balad,Grills,4,582,64,Cash,C055,Motorcycle,3.3,24,25,37,4,U1483,Delivered,,1
ORD02273,3/22/2025 23:44,Minya,Wast El-Balad,Forno Nile,Pizza,4,349 EGP,0,Cash,C091,Tuk-tuk,1.2,30,25,23,5,U0763,Delivered,,0
ORD03032,3/19/2025 20:01,Abu Qurqas,Abu Qurqas,Farag Kebab,Grills,3,EGP 390,0,Card,C051,Tuk-tuk,15.8,18,55,87,,U1054,Delivered,,0
ORD03390,6/22/2025 20:00,Minya ,El-Mahatta,Om Ali House,Desserts,1,EGP 52,4,Card,C088,Motorcycle,4.6,10,30,23,5,U1227,Delivered,,1
ORD00442,6/28/2025 14:24,El-Minya,El-Sahel,El-Dawar,Egyptian,1,46 EGP,0,Card,C043,Motorcycle,6,9,35,27,,U0686,Delivered,,1
ORD02601,8/3/2025 17:04, Minya,Nazlet Hussein,Slice Minya,Pizza,2,151,0,Wallet,C071,Motorcycle,4.8,13,30,18,4,U0264,Delivered,,1
ORD02330,4/3/2025 12:04,Minya ,Ard Sultan,Basbousa Bar,Desserts,3,183,0,Card,C091,Motorcycle,3.7,9,30,16,5,U1285,Delivered,,1
ORD00266,6/2/2025 23:50,Abu Qurqas,Abu Qurqas,Farag Kebab,Grills,6,EGP 759,0,Cash,C018,Bicycle,14.2,24,50,117,1,U1001,Delivered,,0
ORD02586,3/13/2025 20:53,El-Minya,Nazlet Hussein,Bahary Corner,Fish,3,392,44,Wallet,C046,Tuk-tuk,6.5,32,35,57,3,U0091,Delivered,,0
ORD03584,20/01/2025 18:19,Minya,El-Mahatta,Basbousa Bar,Desserts,3,159 EGP,0,Card,C036,Tuk-tuk,2.2,13,25,25,,U1122,Delivered,,1
ORD03759,3/1/2025 11:16,Minya,El-Mahatta,Bites Burger,Burgers,6,593 EGP,0,Cash,C100,Motorcycle,1.1,13,25,8,,U1485,Delivered,,1
ORD01843,6/6/2025 15:00,Minya ,Ard Sultan,Bites Burger,Burgers,4,362,0,Cash,C092,Motorcycle,7.2,12,35,33,4,U0569,Delivered,,0
ORD02401,24/04/2025 19:06,Minya,El-Mahatta,El-Abd Minya,Desserts,5,336 EGP,0,Cash,C007,Motorcycle,2.7,7,25,17,5,U0908,Delivered,,1
ORD02718,1/3/2025 21:57,MINYA,Nazlet Hussein,Pizza Roma,Pizza,1,EGP 124,0,Card,C055,Tuk-tuk,5.6,22,30,63,2,U0769,Delivered,,0
ORD04164,22/02/2025 14:53,Minya ,Shalaby,Hadouta Masreya,Egyptian,1,EGP 59,0,Cash,C081,Motorcycle,3.4,12,30,13,5,U0620,Delivered,,1
ORD00837,1/29/2025 23:08,New Minya,New Minya,Slice Minya,Pizza,6,421 EGP,49,Card,C027,Motorcycle,13.3,21,50,42,4,U0102,Delivered,,1
ORD02073,20/04/2025 20:17,Minya,Abu Helal,El-Dawar,Egyptian,2,101,0,Card,C008,Motorcycle,2.8,10,25,26,5,U0234,Delivered,,0
ORD01808,6/15/2025 12:23,Minya,Ard Sultan,Forno Nile,Pizza,5,EGP 657,107,Wallet,C044,Motorcycle,4.5,24,30,37,4,U1212,Delivered,,1
ORD01018,6/29/2025 18:04,new minya,New Minya,Foul El-Mahatta,Egyptian,1,61 EGP,0,Wallet,C021,Motorcycle,12.2,6,45,41,5,U0954,Delivered,,1
ORD03227,1/1/2025 15:58,New Minya ,New Minya,El-Dawar,Egyptian,6,193,14,Card,C008,Tuk-tuk,9.3,13,40,44,3,U0004,Delivered,,0
ORD00861,4/13/2025 21:30,El Minya,Corniche El-Nil,Foul El-Mahatta,Egyptian,5,318 EGP,55,Cash,C019,Tuk-tuk,1.6,5,25,26,5,U0987,Delivered,,0
ORD01053,1/20/2025 23:31,abu qurqas,Abu Qurqas,Burger Corniche,Burgers,6,540 EGP,93,Cash,C107,Bicycle,15.5,23,55,121,,U0531,Delivered,,0
ORD02563,4/1/2025 14:50,New Minya,New Minya,Bites Burger,Burgers,6,468,74,Cash,C075,Motorcycle,9.6,13,40,36,4,U0245,Delivered,,0
ORD04056,6/2/2025 21:13,Minya,Wast El-Balad,Foul El-Mahatta,Egyptian,3,EGP 149,0,Cash,C016,Motorcycle,2.6,17,25,32,4,U0162,Delivered,,0
ORD00298,1/6/2025 21:43,Minya,El-Gamaa,El-Nil Fish,Fish,3,EGP 372,0,Cash,C028,Tuk-tuk,6,23,35,60,4,U1095,Delivered,,0
ORD03874,3/3/2025 19:55,Minya,Abu Helal,El-Nil Fish,Fish,5,EGP 610,0,Cash,C055,Bicycle,3.3,22,25,44,4,U0670,Delivered,,0
ORD04018,4/14/2025 20:15,Abu Qurqas,Abu Qurqas,Bahary Corner,Fish,5,624,0,Cash,C096,Tuk-tuk,16,29,55,89,3,U1454,Delivered,,1
ORD01242,4/11/2025 17:16,El-Minya,El-Sahel,Koshary El-Sheikh,Egyptian,2,118,0,Cash,C095,Motorcycle,2.7,12,25,20,5,U1295,Delivered,,1
ORD03659,5/3/2025 20:58,Minya,El-Gamaa,Foul El-Mahatta,Egyptian,4,258,14,Cash,C065,Bicycle,5.8,8,35,55,4,U0801,Delivered,,0
ORD02889,5/16/2025 19:57,new minya,New Minya,Bites Burger,Burgers,6,484,0,Card,C061,Bicycle,14.3,16,50,121,,U0495,Delivered,,0
ORD02167,15/02/2025 13:22,Minya,Wast El-Balad,El-Nil Fish,Fish,1,139 EGP,9,Card,C056,Motorcycle,1.3,25,25,28,5,U0591,Delivered,,0
ORD02814,3/25/2025 12:46,minya,Nazlet Hussein,Burger Corniche,Burgers,6,435,108,Cash,C051,Tuk-tuk,5.7,11,30,29,,U1194,Delivered,,1
ORD02661,1/4/2025 11:40,Minya,El-Mahatta,Bites Burger,Burgers,6,443 EGP,55,Cash,C095,Tuk-tuk,4.2,17,30,33,5,U0808,Delivered,,0
ORD00253,5/21/2025 14:55,Minya,Ard Sultan,Slice Minya,Pizza,4,470 EGP,47,Card,C097,Motorcycle,4.3,24,30,28,5,U0616,Delivered,,1
ORD01785,5/13/2025 13:56,El-Minya,El-Sahel,Crispy House,Burgers,4,EGP 326,0,Cash,C061,Bicycle,4.8,15,30,37,4,U0953,Delivered,,0
ORD00260,5/1/2025 19:32,Minya,El-Sahel,El-Nil Fish,Fish,6,903 EGP,0,Cash,C098,Motorcycle,5.1,21,30,48,,U0306,Delivered,,0
ORD02929,4/15/2025 21:55,Minya,Ard Sultan,El-Abd Minya,Desserts,4,162,12,Cash,C028,Motorcycle,2.7,7,25,23,5,U0405,Delivered,,1
ORD00987,1/24/2025 17:12,Minya ,Shalaby,Om Ali House,Desserts,3,182 EGP,0,Cash,C095,Bicycle,4.1,5,30,18,,U0206,Delivered,,1
ORD03176,4/27/2025 21:21,Minya,Abu Helal,Bahary Corner,Fish,2,EGP 284,0,Cash,C099,Motorcycle,2.5,36,25,58,4,U0067,Delivered,,0
ORD03844,17/04/2025 20:10,Minya ,El-Gamaa,Bahary Corner,Fish,2,363 EGP,0,Wallet,C002,Tuk-tuk,3.9,31,30,0,,U0756,Delivered,,0
ORD01353,2/5/2025 13:28,minya,Corniche El-Nil,Burger Corniche,Burgers,2,136,10,Wallet,C032,Tuk-tuk,1.9,19,25,21,,U0970,Delivered,,0
ORD00925,1/31/2025 23:04,MINYA,El-Gamaa,Foul El-Mahatta,Egyptian,6,361,0,Cash,C075,Motorcycle,5.9,8,35,26,5,U0680,Delivered,,0
ORD00955,6/21/2025 13:14,El-Minya,El-Sahel,Bites Burger,Burgers,4,EGP 308,0,Wallet,C041,Motorcycle,5,19,30,25,4,U0653,Delivered,,1
ORD03662,2/12/2025 22:23,Minya,El-Gamaa,El-Abd Minya,Desserts,4,EGP 107,25,Wallet,C075,Motorcycle,7.3,10,35,24,,U0495,Delivered,,0
ORD04119,18/03/2025 16:48,abu qurqas,Abu Qurqas,Samak El-Balad,Fish,5,510,0,Card,C055,Motorcycle,16.1,22,55,53,4,U0338,Delivered,,1
ORD03357,2/10/2025 18:58, Minya,Shalaby,Sultan Grill,Grills,5,573 EGP,0,Cash,C032,Motorcycle,4.4,19,30,20,,U0171,Delivered,,1
ORD03642,2/23/2025 20:18,Minya,El-Mahatta,Slice Minya,Pizza,3,361 EGP,0,Card,C106,Tuk-tuk,3.9,17,30,30,5,U0778,Delivered,,0
ORD02777,2/6/2025 16:35,abu qurqas,Abu Qurqas,Pizza Roma,Pizza,2,218 EGP,45,Cash,C005,Motorcycle,16.4,24,55,64,,U0816,Delivered,,1
ORD00229,4/22/2025 15:28,Minya ,Corniche El-Nil,Basbousa Bar,Desserts,1,52,0,Wallet,C030,Tuk-tuk,3.5,10,30,22,4,U1321,Delivered,,1
ORD00381,3/19/2025 20:56,New Minya,New Minya,Burger Corniche,Burgers,6,470,64,Wallet,C021,Bicycle,10.7,10,45,95,2,U0800,Delivered,,0
ORD03766,4/25/2025 13:59,Minya,El-Mahatta,Burger Corniche,Burgers,1,124 EGP,0,Cash,C020,Motorcycle,2.5,14,25,20,5,U1338,Delivered,,1
ORD03043,5/4/2025 14:06,abu qurqas,Abu Qurqas,Bahary Corner,Fish,5,EGP 844,0,Cash,C007,Tuk-tuk,16.8,30,55,87,,U0871,Delivered,,1
ORD02646,4/5/2025 23:37,Minya,Abu Helal,Koshary El-Sheikh,Egyptian,4,176 EGP,34,Card,C010,Tuk-tuk,4.9,10,30,29,,U1126,Delivered,,1
ORD03647,1/6/2025 22:05,Minya,El-Gamaa,Sheikh El-Balad,Grills,3,230,0,Card,C056,Motorcycle,6.2,25,35,35,,U0540,Delivered,,1
ORD02142,5/25/2025 22:26,MINYA,El-Sahel,Om Ali House,Desserts,4,272,35,Card,C056,Motorcycle,5.7,8,30,21,4,U1401,Delivered,,1
ORD04178,5/19/2025 19:35, Minya,El-Gamaa,Slice Minya,Pizza,6,EGP 761,77,Cash,C050,Motorcycle,5.5,15,30,41,4,U0253,Delivered,,1
ORD01961,2/22/2025 22:47,Minya,El-Mahatta,Bahary Corner,Fish,5,"1,071",0,Wallet,C032,Motorcycle,2.3,33,25,37,3,U0349,Delivered,,1
ORD01424,18/03/2025 12:21,Minya,Ard Sultan,El-Dawar,Egyptian,1,EGP 204,18,Cash,C023,Motorcycle,2,17,25,22,4,U0889,Delivered,,0
ORD03638,6/22/2025 22:33,Minya,El-Sahel,Koshary El-Sheikh,Egyptian,1,61,11,Cash,C018,Motorcycle,2.5,17,25,17,4,U0380,Delivered,,0
ORD00754,1/13/2025 21:59,Menia,Corniche El-Nil,El-Dawar,Egyptian,4,218,36,Card,C110,Tuk-tuk,0.8,11,20,25,4,U0695,Delivered,,0
ORD02371,6/4/2025 18:38,El-Minya,El-Gamaa,Om Ali House,Desserts,3,EGP 157,0,Wallet,C102,Motorcycle,7.3,10,35,25,5,U0253,Delivered,,1
ORD01378,22/04/2025 14:50,Minya ,Ard Sultan,Tamara Sweets,Desserts,3,195 EGP,0,Card,C056,Tuk-tuk,2.2,9,25,12,4,U1378,Delivered,,0
ORD01514,6/12/2025 20:06,El-Minya El-Gedida,New Minya,Slice Minya,Pizza,2,EGP 192,0,Card,C060,Motorcycle,10.8,18,45,61,,U1133,Delivered,,1
ORD00896,5/8/2025 21:02, Minya,Corniche El-Nil,Forno Nile,Pizza,6,663,134,Wallet,C016,Bicycle,0.7,20,20,37,,U0304,Delivered,,0
ORD00901,4/28/2025 13:08,Minya,Wast El-Balad,El-Nil Fish,Fish,6,753 EGP,41,Wallet,C077,Motorcycle,2.2,19,25,30,4,U1188,Delivered,,1
ORD00741,1/16/2025 20:47,MINYA,Shalaby,El-Abd Minya,Desserts,1,60 EGP,0,Cash,C006,Motorcycle,2.7,10,25,27,4,U0337,Delivered,,0
ORD04047,1/16/2025 13:17,Menia,El-Gamaa,Foul El-Mahatta,Egyptian,5,263 EGP,0,Cash,C009,Bicycle,6.1,6,35,47,3,U1038,Delivered,,0
ORD03643,27/05/2025 20:22,Minya,Abu Helal,Om Ali House,Desserts,2,98,0,Cash,C062,Motorcycle,2.1,10,25,27,4,U0424,Delivered,,0
ORD00982,2/10/2025 18:05,Minya,El-Sahel,Om Ali House,Desserts,1,64 EGP,4,Card,C106,Motorcycle,3.1,4,25,6,4,U1397,Delivered,,1
ORD03324,5/15/2025 19:26,minya,El-Sahel,Foul El-Mahatta,Egyptian,1,EGP 49,0,Cash,C009,Tuk-tuk,4.6,14,30,40,5,U1161,Delivered,,1
ORD02202,1/9/2025 21:22,El-Minya,El-Sahel,Burger Corniche,Burgers,4,364,75,Cash,C023,Motorcycle,4.7,20,30,45,5,U0523,Delivered,,1
ORD01535,4/9/2025 15:46,Abu Qurqas,Abu Qurqas,El-Dawar,Egyptian,2,84,0,Cash,C064,Tuk-tuk,14.9,18,50,71,3,U0881,Delivered,,1
ORD03291,26/05/2025 20:24,MINYA,Wast El-Balad,Hadouta Masreya,Egyptian,6,EGP 267,19,Card,C085,Tuk-tuk,2.8,13,25,27,4,U0687,Delivered,,1
ORD00537,3/12/2025 21:22,new minya,New Minya,Crispy House,Burgers,3,EGP 132,0,Wallet,C110,Motorcycle,14.3,15,50,56,4,U1153,Delivered,,0
ORD00616,3/31/2025 20:37,Minya,El-Gamaa,Foul El-Mahatta,Egyptian,3,150 EGP,26,Cash,C005,Bicycle,5.8,10,35,47,,U1336,Delivered,,0
ORD02287,2/21/2025 12:35,Minya,El-Mahatta,Bites Burger,Burgers,4,303 EGP,0,Cash,C067,Bicycle,3.4,12,30,29,3,U0035,Delivered,,0
ORD01219,6/16/2025 12:56,Minya,El-Sahel,Sheikh El-Balad,Grills,3,424,0,Cash,C035,Tuk-tuk,3.1,28,25,42,,U0830,Delivered,,1
ORD02659,1/22/2025 22:19,El Minya,Wast El-Balad,Koshary El-Sheikh,Egyptian,3,139 EGP,0,Cash,C066,Bicycle,1.9,10,25,14,5,U0094,Delivered,,1
ORD00805,3/21/2025 15:10,NEW MINYA,New Minya,Bahary Corner,Fish,3,EGP 462,0,Cash,C053,Motorcycle,11,32,45,53,4,U0605,Delivered,address unclear,0
ORD00718,4/18/2025 12:42,El-Minya,Abu Helal,Basbousa Bar,Desserts,6,342,0,Cash,C088,Motorcycle,1.8,7,25,13,4,U0783,Delivered,,1
ORD03552,2/3/2025 22:50,minya,Wast El-Balad,Slice Minya,Pizza,2,151 EGP,0,Cash,C093,Motorcycle,0.8,24,20,33,3,U0210,Delivered,,0
ORD00143,11/4/2025 22:02,New Minya,New Minya,Pizza Roma,Pizza,1,127,0,Wallet,C046,Motorcycle,14.3,10,50,41,5,U0610,Delivered,,1
ORD01496,3/25/2025 20:13,Abu Qurqas,Abu Qurqas,Samak El-Balad,Fish,6,EGP 934,0,Cash,C088,Tuk-tuk,15.2,20,50,76,4,U0541,Delivered,,1
ORD01517,2/21/2025 13:36,El-Minya,Abu Helal,Pizza Roma,Pizza,1,120 EGP,0,Cash,C086,Tuk-tuk,2.8,20,25,30,5,U0229,Delivered,,1
ORD00690,26/05/2025 22:11,El-Minya,El-Gamaa,El-Nil Fish,Fish,5,675,0,Wallet,C012,Motorcycle,5.9,22,35,35,4,U1341,Delivered,re-assigned,0
ORD00364,22/03/2025 15:25,Minya ,Wast El-Balad,Pizza Roma,Pizza,1,723 EGP,0,Cash,C018,Tuk-tuk,1.1,17,25,15,5,U0323,Delivered,,1
ORD03054,3/6/2025 19:55,Minya,Abu Helal,Samak El-Balad,Fish,5,569 EGP,0,Wallet,C102,Motorcycle,3.7,27,30,35,4,U0801,Delivered,,1
ORD02729,5/24/2025 18:06,Minya,Corniche El-Nil,Burger Corniche,Burgers,2,163,0,Wallet,C054,Motorcycle,2.7,14,25,21,5,U1237,Delivered,,0
ORD03484,5/2/2025 19:55,Minya,El-Sahel,El-Nil Fish,Fish,5,621,0,Card,C095,Motorcycle,2.6,21,25,40,3,U0870,Delivered,,1
ORD04026,6/25/2025 22:34,New Minya,New Minya,Burger Corniche,Burgers,3,254,33,Card,C004,Tuk-tuk,10.3,13,40,47,4,U0777,Delivered,,1
ORD01834,1/2/2025 20:46,Minya,El-Mahatta,Crispy House,Burgers,6,491 EGP,0,Cash,C076,Motorcycle,3.8,16,30,30,,U0249,Delivered,,1
ORD00673,2/24/2025 20:52,NEW MINYA,New Minya,Samak El-Balad,Fish,4,611,50,Wallet,C098,Motorcycle,10.6,18,45,55,4,U0713,Delivered,,1
ORD04125,16/05/2025 13:04,Minya,El-Mahatta,Om Ali House,Desserts,3,124 EGP,0,Cash,C052,Tuk-tuk,3.1,6,25,16,5,U1277,Delivered,,1
ORD02364,3/2/2025 20:31,Minya,Shalaby,Slice Minya,Pizza,5,EGP 510,93,Cash,C055,Motorcycle,4.9,10,30,26,4,U1379,Delivered,,1
ORD02571,2/18/2025 17:00, Abu Qurqas,Abu Qurqas,Bites Burger,Burgers,6,EGP 573,0,Cash,C018,Bicycle,17.1,14,55,124,1,U1353,Delivered,,0
ORD02092,1/10/2025 13:35,MINYA,Abu Helal,Bites Burger,Burgers,6,631 EGP,0,Cash,C045,Motorcycle,2.6,20,25,28,4,U0949,Delivered,,1
ORD03314,4/10/2025 22:22,Abu Qurqas,Abu Qurqas,Sultan Grill,Grills,2,277,0,Cash,C029,Motorcycle,16.3,23,55,61,3,U0754,Delivered,address unclear,0
ORD04152,6/20/2025 22:56,El-Minya,Shalaby,Bahary Corner,Fish,5,EGP 577,38,Wallet,C048,Motorcycle,6.9,30,35,45,5,U1497,Delivered,,1
ORD01130,4/15/2025 14:32,Minya ,El-Gamaa,Pizza Roma,Pizza,1,176 EGP,0,Card,C040,Motorcycle,4.4,20,30,27,4,U0050,Delivered,,0
ORD00191,1/3/2025 13:31,Menia,El-Mahatta,El-Nil Fish,Fish,6,997 EGP,0,Card,C042,Bicycle,4.3,24,30,48,3,U0366,Delivered,,0
ORD00160,6/25/2025 21:56,MINYA,Ard Sultan,Farag Kebab,Grills,1,EGP 134,0,Card,C065,Bicycle,2.7,26,25,53,4,U0384,Delivered,,1
ORD04145,20/06/2025 23:32,Menia,El-Gamaa,Bahary Corner,Fish,4,571,131,Card,C052,Tuk-tuk,5.6,31,30,51,,U0996,Delivered,,0
ORD03234,19/04/2025 21:13,Minya,Corniche El-Nil,Basbousa Bar,Desserts,6,376,0,Card,C034,Bicycle,4,15,30,39,,U0127,Delivered,,1
ORD01143,2/24/2025 19:12,Minya,El-Mahatta,Basbousa Bar,Desserts,6,EGP 357,0,Cash,C029,Bicycle,2.6,11,25,35,4,U1368,Delivered,,0
ORD03958,4/2/2025 19:52,Minya ,Abu Helal,Hadouta Masreya,Egyptian,6,EGP 335,0,Cash,C029,Motorcycle,0.6,19,20,27,3,U0780,Delivered,,1
ORD02082,3/31/2025 12:20,Abu Qurqas,Abu Qurqas,Sheikh El-Balad,Grills,3,310 EGP,37,Card,C048,Motorcycle,15.4,32,55,65,4,U1334,Delivered,,1
ORD00050,1/29/2025 21:38,Abu Qurqas,Abu Qurqas,Pizza Roma,Pizza,1,109,0,Card,C067,Motorcycle,16.8,17,55,57,5,U1293,Delivered,gate closed,1
ORD00814,6/25/2025 19:16,El Minya,Corniche El-Nil,Tamara Sweets,Desserts,3,184,0,Cash,C013,Tuk-tuk,2.5,4,25,15,,U0853,Delivered,,1
ORD01285,6/17/2025 14:31, Minya,El-Sahel,Crispy House,Burgers,5,297,21,Card,C047,Tuk-tuk,4.4,14,30,36,5,U1336,Delivered,,1
ORD01467,15/01/2025 21:38,Minya,Nazlet Hussein,Om Ali House,Desserts,1,65 EGP,11,Cash,C035,Bicycle,6.8,5,35,57,,U1260,Delivered,,0
ORD02629,4/21/2025 12:06,minya,Nazlet Hussein,Farag Kebab,Grills,1,141,33,Wallet,C039,Motorcycle,5.1,21,30,35,5,U1353,Delivered,,1
ORD00745,5/30/2025 11:02,Abu Qorqas,Abu Qurqas,El-Abd Minya,Desserts,1,60 EGP,15,Card,C018,Motorcycle,16.4,4,55,43,4,U1123,Delivered,,1
ORD03212,5/25/2025 13:07, Abu Qurqas,Abu Qurqas,Tamara Sweets,Desserts,5,330,0,Cash,C013,Tuk-tuk,16.6,6,55,55,4,U0380,Delivered,,0
ORD00878,7/4/2025 16:21,Minya,Ard Sultan,Samak El-Balad,Fish,1,166,0,Card,C009,Motorcycle,,26,30,37,3,U0144,Delivered,,1
ORD04179,5/14/2025 20:32,Minya ,Nazlet Hussein,El-Abd Minya,Desserts,1,57 EGP,12,Cash,C058,Motorcycle,5.3,10,30,31,4,U0012,Delivered,,1
ORD03523,1/15/2025 14:05,Minya,El-Mahatta,Crispy House,Burgers,1,121 EGP,0,Cash,C084,Motorcycle,4,12,30,14,4,U0682,Delivered,,1
ORD03019,5/14/2025 13:39,new minya,New Minya,Forno Nile,Pizza,2,235,0,Cash,C004,Motorcycle,12.9,25,50,58,5,U1161,Delivered,,1
ORD00058,1/5/2025 11:55,Abu Qorqas,Abu Qurqas,Basbousa Bar,Desserts,4,256,0,Card,C046,Motorcycle,,11,55,54,5,U0301,Delivered,,0
ORD03853,2/27/2025 20:20,El-Minya,Abu Helal,Hadouta Masreya,Egyptian,1,EGP 74,0,Card,C047,Motorcycle,3.5,11,30,26,5,U0106,Delivered,,1
ORD03770,5/20/2025 11:19,Minya,Ard Sultan,El-Abd Minya,Desserts,1,57 EGP,0,Cash,C075,Motorcycle,4.5,4,30,17,,U0095,Delivered,,0
ORD02501,1/11/2025 20:44,Minya,Corniche El-Nil,Hadouta Masreya,Egyptian,1,60 EGP,9,Cash,C073,Tuk-tuk,1.9,15,25,0,3,U1353,Delivered,,0
ORD03332,6/9/2025 13:06,Abu Qurqas,Abu Qurqas,Bites Burger,Burgers,5,484 EGP,47,Cash,C009,Motorcycle,16.5,16,55,54,5,U0552,Delivered,,1
ORD03545,5/8/2025 22:43,El Minya,Shalaby,Slice Minya,Pizza,5,419,0,Card,C100,Tuk-tuk,3.6,22,30,28,5,U0459,Delivered,,1
ORD01409,6/13/2025 11:19,New Minya ,New Minya,Pizza Roma,Pizza,3,333,0,Card,C054,Motorcycle,9.8,26,40,60,3,U1184,Delivered,,0
ORD04132,1/1/2025 19:02,New Minya,New Minya,Forno Nile,Pizza,2,149 EGP,0,Wallet,C050,Tuk-tuk,14,25,50,85,,U0587,Delivered,,0
ORD00224,6/1/2025 13:03,Minya,Corniche El-Nil,Om Ali House,Desserts,5,EGP 320,70,Card,C110,Motorcycle,3.8,7,30,17,5,U0291,Delivered,,1
ORD01310,4/1/2025 20:01,El-Minya,Wast El-Balad,Basbousa Bar,Desserts,5,188,0,Cash,C007,Tuk-tuk,2.2,7,25,23,4,U1071,Delivered,,1
ORD02525,6/29/2025 23:07, Minya,Shalaby,El-Nil Fish,Fish,1,144 EGP,0,Cash,C068,Motorcycle,4,24,30,31,4,U0117,Delivered,,0
ORD00375,5/1/2025 23:00,Minya,Corniche El-Nil,El-Nil Fish,Fish,1,137,0,Cash,C104,Motorcycle,1.3,15,25,16,5,U1022,Delivered,customer not answering,0
ORD03736,3/14/2025 23:34, Minya,Nazlet Hussein,El-Dawar,Egyptian,4,266 EGP,0,Wallet,C061,Motorcycle,4.7,12,30,24,4,U0850,Delivered,,0
ORD00930,4/20/2025 19:22,Menia,Corniche El-Nil,Forno Nile,Pizza,3,249 EGP,0,Cash,C047,Motorcycle,3.5,29,30,50,,U1380,Delivered,re-assigned,0
ORD01408,3/30/2025 19:00,New Minya,New Minya,Bites Burger,Burgers,1,97,0,Cash,C011,Motorcycle,11.5,15,45,47,3,U0515,Delivered,,0
ORD02217,1/15/2025 22:45,Minya,Ard Sultan,Sheikh El-Balad,Grills,2,225 EGP,0,Cash,C012,Tuk-tuk,3.9,35,30,51,3,U0245,Delivered,,0
ORD03298,3/9/2025 21:28,Minya,Ard Sultan,Foul El-Mahatta,Egyptian,2,85 EGP,0,Wallet,C001,Motorcycle,5.1,10,30,33,4,U0183,Delivered,,1
ORD03887,11/5/2025 12:06,Minya,Wast El-Balad,El-Abd Minya,Desserts,6,313 EGP,0,Card,C094,Bicycle,0.6,11,20,13,5,U1186,Delivered,,0
ORD03826,6/5/2025 17:10, Minya,Wast El-Balad,Tamara Sweets,Desserts,2,115 EGP,25,Wallet,C022,Motorcycle,2.2,8,25,7,,U0881,Delivered,,0
ORD03397,1/1/2025 14:48,Minya ,Abu Helal,Sheikh El-Balad,Grills,4,EGP 572,0,Wallet,C026,Motorcycle,1.8,25,25,26,4,U0708,Delivered,,1
ORD04117,13/05/2025 13:09,Minya,Wast El-Balad,Sheikh El-Balad,Grills,6,399 EGP,0,Wallet,C088,Tuk-tuk,1.9,27,25,36,4,U0167,Delivered,,1
ORD03653,6/18/2025 21:13,New Minya,New Minya,El-Dawar,Egyptian,5,177 EGP,0,Cash,C019,Motorcycle,12.4,8,45,46,5,U0497,Delivered,,1
ORD04153,2/8/2025 12:51,minya,Abu Helal,El-Abd Minya,Desserts,3,162 EGP,40,Cash,C048,Motorcycle,3.2,4,25,13,4,U0718,Delivered,,1
ORD02076,4/3/2025 12:36,Minya,Corniche El-Nil,El-Abd Minya,Desserts,6,354 EGP,0,Cash,C091,Motorcycle,3,5,25,24,5,U0920,Delivered,,1
ORD01093,15/05/2025 16:02,Minya ,El-Gamaa,Crispy House,Burgers,4,EGP 364,0,Cash,C088,Motorcycle,6.7,15,35,38,4,U1299,Delivered,,0
ORD02282,3/2/2025 17:14,Minya,El-Sahel,Tamara Sweets,Desserts,1,62 EGP,0,Wallet,C062,Motorcycle,4.5,10,30,24,5,U0312,Delivered,,0
ORD00903,4/12/2025 21:32, Minya,Shalaby,Sheikh El-Balad,Grills,4,442,0,Cash,C020,Motorcycle,3.3,38,25,56,,U1426,Delivered,,0
ORD01542,6/23/2025 21:21,Minya,Ard Sultan,Burger Corniche,Burgers,4,233,49,Card,C022,Tuk-tuk,2.6,11,25,38,4,U0208,Delivered,,0
ORD03796,5/30/2025 22:22,Minya ,Shalaby,Samak El-Balad,Fish,5,EGP 991,0,Wallet,C010,Motorcycle,2.6,20,25,,,U0664,Cancelled,,
ORD03573,1/15/2025 13:45,ABU QURQAS,Abu Qurqas,Crispy House,Burgers,5,374 EGP,0,Card,C057,Motorcycle,13.5,22,50,60,,U0313,Delivered,,0
ORD00827,3/14/2025 12:49,Minya,El-Gamaa,Pizza Roma,Pizza,1,EGP 100,0,Cash,C107,Motorcycle,4.8,25,30,,,U0458,Cancelled,,
ORD00775,2/27/2025 13:37,abu qurqas,Abu Qurqas,Bahary Corner,Fish,2,345 EGP,0,Cash,C040,Motorcycle,15.5,35,55,63,4,U1412,Delivered,,1
ORD02681,6/5/2025 12:56,MINYA,Corniche El-Nil,Hadouta Masreya,Egyptian,1,57 EGP,0,Wallet,C068,Bicycle,3.9,18,30,45,,U0754,Delivered,,0
ORD00465,3/29/2025 18:32,Minya,Corniche El-Nil,Forno Nile,Pizza,5,381 EGP,50,Cash,C100,Motorcycle,3.4,29,30,41,4,U0492,Delivered,,1
ORD01891,1/30/2025 15:16,MINYA,El-Mahatta,Bahary Corner,Fish,3,260,0,Card,C052,Motorcycle,3.7,34,30,40,5,U0690,Delivered,,1
ORD00080,2/6/2025 20:40,MINYA,El-Gamaa,El-Dawar,Egyptian,4,224,48,Cash,C090,Bicycle,3.2,17,25,46,,U0889,Delivered,,0
ORD02587,5/29/2025 13:33,Minya,El-Gamaa,El-Dawar,Egyptian,5,"1,838 EGP",0,Cash,C005,Motorcycle,6.9,16,35,27,4,U0842,Delivered,,1
ORD00597,1/24/2025 23:20,Minya,Abu Helal,Sheikh El-Balad,Grills,3,448 EGP,64,Card,C104,Bicycle,4.1,31,30,54,,U0613,Delivered,,0
ORD03450,5/27/2025 19:41,El-Minya,Abu Helal,El-Abd Minya,Desserts,6,207 EGP,0,Cash,C032,Bicycle,1.2,4,25,14,4,U0913,Delivered,,1
ORD02655,3/22/2025 19:34,minya,Corniche El-Nil,Koshary El-Sheikh,Egyptian,6,195 EGP,0,Cash,C010,Bicycle,1.9,6,25,23,5,U0902,Delivered,,1
ORD02701,5/14/2025 22:34,El Minya,Corniche El-Nil,El-Abd Minya,Desserts,5,235,0,Cash,C013,Motorcycle,2.6,7,25,9,4,U0394,Delivered,,0
ORD00724,1/6/2025 18:41,Menia,Corniche El-Nil,Sheikh El-Balad,Grills,6,750 EGP,0,Cash,C057,Motorcycle,3.6,33,30,49,3,U1295,Delivered,,0
ORD04013,6/5/2025 23:41,Minya ,Wast El-Balad,Sheikh El-Balad,Grills,4,433 EGP,0,Cash,C014,Motorcycle,0.6,23,20,19,4,U0587,Delivered,,1
ORD00101,6/10/2025 23:23, Minya,Wast El-Balad,Crispy House,Burgers,3,EGP 216,41,Wallet,C042,Tuk-tuk,0.6,14,20,8,5,U1472,Delivered,,1
ORD03343,5/26/2025 18:42,Minya,El-Mahatta,Forno Nile,Pizza,1,96 EGP,0,Card,C098,Motorcycle,1.8,32,25,27,5,U1354,Delivered,,0
ORD02325,5/9/2025 13:54,new minya,New Minya,Koshary El-Sheikh,Egyptian,3,154,37,Wallet,C011,Motorcycle,11.8,13,45,49,4,U0957,Delivered,,0
ORD00382,1/11/2025 20:28,abu qurqas,Abu Qurqas,Bahary Corner,Fish,6,727 EGP,0,Wallet,C085,Bicycle,16.9,27,55,155,,U1248,Delivered,,1
ORD01264,3/2/2025 21:11,New Minya,New Minya,Pizza Roma,Pizza,2,EGP 129,0,Cash,C020,Tuk-tuk,10.2,17,40,63,,U0832,Delivered,,1
ORD00953,5/26/2025 20:08,Minya,Ard Sultan,Basbousa Bar,Desserts,1,62 EGP,0,Cash,C022,Motorcycle,4.6,4,30,23,,U1271,Delivered,,1
ORD04087,2/6/2025 19:40,new minya,New Minya,Crispy House,Burgers,1,111,25,Cash,C007,Motorcycle,10.3,15,40,55,3,U0998,Delivered,re-assigned,1
ORD00637,6/2/2025 21:15,New Minya,New Minya,El-Dawar,Egyptian,4,145 EGP,0,Cash,C017,Tuk-tuk,12,5,45,50,4,U1069,Delivered,,0
ORD01478,6/21/2025 20:17,MINYA,Ard Sultan,Om Ali House,Desserts,2,168 EGP,0,Cash,C016,Motorcycle,4.4,7,30,32,3,U0693,Delivered,,0
ORD00786,3/16/2025 19:22,Abu Qurqas,Abu Qurqas,Slice Minya,Pizza,3,315,23,Wallet,C005,Bicycle,15.1,14,50,116,2,U0174,Delivered,,0
ORD02580,4/29/2025 22:09,Minya,Abu Helal,Bahary Corner,Fish,2,210,17,Card,C044,Tuk-tuk,1.9,23,25,27,5,U0166,Delivered,,0
ORD00461,6/9/2025 20:00,Menia,Wast El-Balad,Farag Kebab,Grills,1,173,23,Cash,C075,Motorcycle,0.8,18,20,34,,U1447,Delivered,,1
ORD03592,19/05/2025 20:52,new minya,New Minya,Sultan Grill,Grills,2,EGP 230,25,Wallet,C070,Bicycle,10.7,19,45,109,1,U0064,Delivered,,0
ORD00543,3/1/2025 19:48,new minya,New Minya,Hadouta Masreya,Egyptian,2,93,22,Card,C042,Motorcycle,9.4,17,40,50,4,U0942,Delivered,customer not answering,0
ORD00813,5/24/2025 23:10,Minya,Abu Helal,Crispy House,Burgers,2,269,0,Cash,C031,Motorcycle,4,13,30,27,4,U0169,Delivered,,1
ORD02555,2/21/2025 17:37,Minya,El-Gamaa,El-Dawar,Egyptian,4,153,0,Wallet,C011,Motorcycle,5.8,9,35,31,5,U1364,Delivered,,0
ORD00899,1/2/2025 20:56,Minya,El-Gamaa,Hadouta Masreya,Egyptian,4,169 EGP,0,Card,C027,Tuk-tuk,5,13,30,,,U0962,Cancelled,,
ORD03305,4/25/2025 22:04,MINYA,Abu Helal,Sheikh El-Balad,Grills,2,284,18,Cash,C051,Tuk-tuk,2.1,29,25,34,,U0471,Delivered,,0
ORD02381,1/7/2025 19:20,El-Minya,Corniche El-Nil,Farag Kebab,Grills,2,EGP 251,49,Cash,C048,Motorcycle,2.2,20,25,36,,U0357,Delivered,,1
ORD02332,1/26/2025 21:23,Minya,Abu Helal,Forno Nile,Pizza,5,EGP 374,49,Card,C011,Bicycle,3.6,27,30,54,,U1302,Delivered,,0
ORD02694,5/31/2025 14:57,Minya,Wast El-Balad,Burger Corniche,Burgers,6,EGP 613,0,Cash,C091,Motorcycle,1.8,20,25,19,5,U1476,Delivered,,1
ORD02223,6/3/2025 20:38,Minya,El-Sahel,Bites Burger,Burgers,2,EGP 149,0,Card,C042,Motorcycle,4.3,8,30,34,5,U0331,Delivered,,1
ORD03281,2/2/2025 23:31, Minya,Wast El-Balad,Tamara Sweets,Desserts,5,EGP 206,11,Card,C071,Bicycle,2.5,6,25,18,5,U0998,Delivered,,1
ORD00187,6/2/2025 16:03,Minya,El-Gamaa,Foul El-Mahatta,Egyptian,5,200 EGP,0,Card,C046,Motorcycle,7.2,9,35,25,4,U0248,Delivered,,0
ORD00454,6/21/2025 11:10,Minya,El-Mahatta,Slice Minya,Pizza,6,539 EGP,124,Cash,C029,Motorcycle,3.2,19,25,10,5,U0835,Delivered,,1
ORD00499,24/05/2025 12:47,minya,El-Gamaa,Forno Nile,Pizza,3,300 EGP,0,Wallet,C018,Bicycle,5.3,34,30,61,,U0930,Delivered,,1
ORD03732,2/14/2025 17:38,Minya,El-Gamaa,Sheikh El-Balad,Grills,4,527,69,Cash,C060,Motorcycle,4.1,30,30,0,4,U0013,Delivered,,1
ORD02019,1/12/2025 20:29,Minya,Abu Helal,Forno Nile,Pizza,4,516,0,Cash,C047,Bicycle,3.8,21,30,57,4,U0354,Delivered,,0
ORD01702,23/02/2025 16:07,El-Minya El-Gedida,New Minya,Tamara Sweets,Desserts,3,109,14,Wallet,C024,Motorcycle,10.8,10,45,39,5,U0702,Delivered,,1
ORD01182,2/6/2025 20:08,Minya,Shalaby,Forno Nile,Pizza,3,315 EGP,0,Wallet,C083,Bicycle,3.7,30,30,-15,2,U0835,Delivered,,0
ORD02962,5/21/2025 21:32,Minya,Nazlet Hussein,Basbousa Bar,Desserts,2,EGP 139,9,Cash,C088,Bicycle,5.6,9,30,42,4,U0862,Delivered,,0
ORD04195,4/13/2025 19:12,El-Minya El-Gedida,New Minya,Basbousa Bar,Desserts,6,259,0,Card,C058,Motorcycle,10,14,40,59,5,U0740,Delivered,,0
ORD02812,4/27/2025 18:49,Minya ,Wast El-Balad,El-Dawar,Egyptian,3,142,0,Card,C020,Tuk-tuk,2,10,25,14,5,U0723,Delivered,,0
ORD03086,3/30/2025 11:08,Minya ,Wast El-Balad,Farag Kebab,Grills,3,404,0,Cash,C106,Motorcycle,2.3,24,25,30,4,U1153,Delivered,,1
ORD03156,5/27/2025 12:51,Minya,Ard Sultan,Sheikh El-Balad,Grills,1,143 EGP,33,Cash,C094,Motorcycle,4.6,32,30,43,,U0637,Delivered,,1
ORD03351,19/05/2025 13:01,Minya,Nazlet Hussein,Sheikh El-Balad,Grills,1,111 EGP,0,Wallet,C050,Motorcycle,8,32,35,53,4,U1178,Delivered,,1
ORD02112,24/04/2025 13:28,MINYA,El-Sahel,El-Abd Minya,Desserts,3,188,10,Cash,C069,Motorcycle,3.5,10,30,18,4,U1258,Delivered,,0
ORD03455,8/4/2025 11:12,minya,El-Sahel,Bahary Corner,Fish,4,EGP 548,0,Card,C089,Tuk-tuk,6.3,28,35,44,4,U0518,Delivered,,1
ORD02545,2/26/2025 21:38,MINYA,El-Gamaa,Foul El-Mahatta,Egyptian,2,92,0,Cash,C038,Motorcycle,6.7,12,35,42,4,U1380,Delivered,,1
ORD00553,1/16/2025 21:21,Minya,El-Gamaa,Samak El-Balad,Fish,1,212,0,Card,C048,Bicycle,6.3,20,35,0,4,U1488,Delivered,,0
ORD01109,1/15/2025 20:23,minya,Abu Helal,Koshary El-Sheikh,Egyptian,4,185 EGP,0,Cash,C090,Bicycle,1.9,10,25,26,4,U0350,Delivered,,1
ORD01529,5/2/2025 22:50,Minya,Abu Helal,Koshary El-Sheikh,Egyptian,5,300 EGP,0,Cash,C030,Tuk-tuk,4.3,15,30,28,5,U1358,Delivered,,1
ORD00670,26/01/2025 13:50,new minya,New Minya,Tamara Sweets,Desserts,6,EGP 264,0,Wallet,C036,Motorcycle,10.8,6,45,34,5,U0795,Delivered,,1
ORD03735,4/21/2025 19:33, Minya,Corniche El-Nil,Tamara Sweets,Desserts,1,75 EGP,0,Card,C083,Motorcycle,1.6,7,25,33,4,U0356,Delivered,,0
ORD00312,15/04/2025 22:50,New Minya,New Minya,Forno Nile,Pizza,3,324,0,Card,C050,Motorcycle,10.7,35,45,60,4,U0692,Delivered,,0
ORD03142,2/24/2025 23:45,Minya,Ard Sultan,Sheikh El-Balad,Grills,5,841 EGP,0,Wallet,C081,Motorcycle,4.6,29,30,43,,U0030,Delivered,,1
ORD01178,5/15/2025 13:33,New Minya,New Minya,El-Nil Fish,Fish,5,647 EGP,0,Wallet,C056,Tuk-tuk,10.9,24,45,61,,U0209,Delivered,,1
ORD00785,1/1/2025 13:15,new minya,New Minya,Hadouta Masreya,Egyptian,4,172 EGP,43,Cash,C019,Motorcycle,8.3,8,40,30,4,U1451,Delivered,,1
ORD01719,3/13/2025 20:14,Minya,El-Mahatta,Pizza Roma,Pizza,6,426 EGP,0,Wallet,C090,Tuk-tuk,2.2,24,25,43,,U0224,Delivered,,0
ORD00231,6/24/2025 16:50,Menia,El-Gamaa,Forno Nile,Pizza,6,EGP 809,41,Cash,C008,Motorcycle,3.5,30,30,37,4,U0708,Delivered,,0
ORD01207,10/2/2025 19:22,El Minya,Ard Sultan,Sheikh El-Balad,Grills,4,555 EGP,64,Card,C099,Bicycle,1.8,35,25,44,4,U0648,Delivered,,0
ORD02060,4/2/2025 17:27,Minya,Abu Helal,Hadouta Masreya,Egyptian,6,EGP 338,0,Wallet,C081,Motorcycle,3.1,12,25,26,4,U0554,Delivered,,1
ORD04049,1/9/2025 16:39,Minya,Abu Helal,Slice Minya,Pizza,3,EGP 283,0,Cash,C068,Motorcycle,2.6,20,25,29,4,U1453,Delivered,,1
ORD02168,3/21/2025 17:11,MINYA,Corniche El-Nil,Sheikh El-Balad,Grills,4,EGP 683,0,Card,C019,Tuk-tuk,2.9,30,25,38,,U0635,Delivered,,1
ORD03664,1/17/2025 12:06,Minya ,El-Gamaa,El-Abd Minya,Desserts,3,141,0,Card,C002,Motorcycle,4.7,13,30,27,4,U0533,Delivered,,0
ORD02400,3/26/2025 19:07,New Minya,New Minya,Sultan Grill,Grills,5,571 EGP,0,Wallet,C029,Motorcycle,10.6,20,45,66,,U0391,Delivered,,0
ORD02454,1/2/2025 21:29,New Minya,New Minya,Crispy House,Burgers,5,535,0,Cash,C004,Motorcycle,12.7,11,45,52,4,U1023,Delivered,,1
ORD02101,28/02/2025 20:58,Abu Qorqas,Abu Qurqas,Burger Corniche,Burgers,6,EGP 369,0,Cash,C086,Motorcycle,14.4,12,50,59,5,U1218,Delivered,,1
ORD02430,2/27/2025 19:33,New Minya,New Minya,Sultan Grill,Grills,6,EGP 807,0,Card,C101,Bicycle,11.6,23,45,100,2,U0177,Delivered,,0
ORD04168,4/5/2025 23:39,Minya,Wast El-Balad,Burger Corniche,Burgers,6,666,143,Wallet,C094,Motorcycle,0.6,7,20,9,5,U0127,Delivered,,1
ORD03371,2/16/2025 18:48,Minya,Shalaby,Crispy House,Burgers,6,544 EGP,0,Cash,C019,Motorcycle,2.5,17,25,18,4,U0831,Delivered,,1
ORD02981,3/25/2025 12:49,Minya,Wast El-Balad,Pizza Roma,Pizza,6,547,0,Cash,C074,Motorcycle,3.2,14,25,20,,U1126,Delivered,,0
ORD01026,1/12/2025 19:08,Minya,El-Gamaa,Hadouta Masreya,Egyptian,6,EGP 271,42,Cash,C046,Motorcycle,5.1,10,30,37,5,U0446,Delivered,,1
ORD00539,4/27/2025 21:11,Minya,Shalaby,Sultan Grill,Grills,2,281 EGP,44,Cash,C007,Motorcycle,1.3,23,25,42,3,U0203,Delivered,,0
ORD02828,2/14/2025 15:37,Abu Qorqas,Abu Qurqas,Basbousa Bar,Desserts,2,108,0,Wallet,C056,Motorcycle,17.7,4,60,50,4,U0109,Delivered,,0
ORD02712,5/10/2025 18:02,Minya,Shalaby,Bites Burger,Burgers,2,EGP 209,42,Cash,C058,Motorcycle,6.2,21,35,39,4,U0064,Delivered,,1
ORD02561,8/3/2025 19:46,Abu Qurqas,Abu Qurqas,Burger Corniche,Burgers,2,148 EGP,30,Card,C036,Motorcycle,16.7,7,55,61,4,U0558,Delivered,,1
ORD01550,4/24/2025 13:26,MINYA,El-Sahel,Om Ali House,Desserts,5,185 EGP,0,Cash,C094,Motorcycle,5.1,17,30,30,5,U0034,Delivered,,0
ORD01216,4/6/2025 20:32,Menia,Wast El-Balad,Koshary El-Sheikh,Egyptian,6,255,0,Wallet,C035,Tuk-tuk,1.7,12,25,32,5,U0983,Delivered,,1
ORD01582,24/03/2025 19:07,Abu Qorqas,Abu Qurqas,Pizza Roma,Pizza,1,EGP 79,18,Wallet,C074,Motorcycle,16.1,23,55,67,4,U0053,Delivered,,0
ORD00797,1/2/2025 19:08,new minya,New Minya,Forno Nile,Pizza,5,470 EGP,74,Cash,C083,Motorcycle,12.7,27,45,66,4,U0223,Delivered,,0
ORD02904,6/19/2025 21:23,New Minya ,New Minya,Sheikh El-Balad,Grills,1,82,0,Cash,C096,Motorcycle,9.5,32,40,73,3,U0217,Delivered,,1
ORD02078,11/1/2025 20:16,Minya,Wast El-Balad,Foul El-Mahatta,Egyptian,1,63 EGP,14,Cash,C107,Motorcycle,2.8,14,25,41,,U1273,Delivered,,0
ORD01463,2/8/2025 21:19,Minya,El-Mahatta,Pizza Roma,Pizza,6,EGP 622,61,Cash,C028,Motorcycle,1.9,18,25,36,4,U0765,Delivered,,0
ORD01419,29/05/2025 16:31,New Minya,New Minya,Basbousa Bar,Desserts,4,214 EGP,0,Card,C008,Motorcycle,13.1,13,50,38,5,U0802,Delivered,,0
ORD03340,2/25/2025 18:25,Minya,Ard Sultan,Foul El-Mahatta,Egyptian,5,EGP 170,34,Wallet,C034,Motorcycle,3.8,7,30,10,5,U0978,Delivered,,1
ORD02418,11/1/2025 20:04,Minya,El-Gamaa,Samak El-Balad,Fish,5,714 EGP,124,Cash,C072,Tuk-tuk,7,20,35,55,4,U0891,Delivered,,0
ORD04001,6/1/2025 14:21,Minya,Ard Sultan,Tamara Sweets,Desserts,5,247 EGP,0,Wallet,C101,Motorcycle,6.1,6,35,17,4,U1099,Delivered,,0
ORD03042,2/1/2025 21:08,Abu Qurqas,Abu Qurqas,Basbousa Bar,Desserts,4,254,42,Card,C085,Tuk-tuk,16.1,10,55,72,4,U0004,Delivered,,0
ORD03555,11/3/2025 12:58,El-Minya,Ard Sultan,Sheikh El-Balad,Grills,1,EGP 133,0,Wallet,C110,Motorcycle,2.7,29,25,41,4,U0377,Delivered,,0
ORD01617,2/1/2025 19:29,Minya,Shalaby,Sultan Grill,Grills,4,588 EGP,0,Cash,C077,Motorcycle,3.9,21,30,45,4,U0728,Delivered,,1
ORD03801,6/28/2025 14:30,El-Minya,Abu Helal,Samak El-Balad,Fish,6,"EGP 1,044",66,Cash,C020,Tuk-tuk,3.2,19,25,,,U1000,Cancelled,,
ORD02818,3/17/2025 18:56,Minya,Wast El-Balad,Crispy House,Burgers,5,461 EGP,37,Cash,C051,Tuk-tuk,1.3,10,25,18,4,U0536,Delivered,,1
ORD01820,3/6/2025 14:43,Minya,El-Mahatta,Bites Burger,Burgers,1,99 EGP,23,Wallet,C002,Motorcycle,2.4,17,25,19,,U1105,Delivered,,1
ORD03710,17/06/2025 19:40,Minya,Abu Helal,Om Ali House,Desserts,3,154 EGP,0,Wallet,C044,Tuk-tuk,,4,30,24,5,U0219,Delivered,,1
ORD03169,2/1/2025 23:45,Minya,El-Mahatta,El-Nil Fish,Fish,6,EGP 545,120,Card,C056,Tuk-tuk,2.2,25,25,29,3,U1273,Delivered,,1
ORD03763,4/1/2025 13:12,Minya,Shalaby,Farag Kebab,Grills,3,320 EGP,0,Card,C077,Tuk-tuk,2.8,19,25,20,4,U0767,Delivered,,1
ORD03838,29/01/2025 12:07,Minya,Abu Helal,Om Ali House,Desserts,4,EGP 232,0,Wallet,C070,Motorcycle,3.2,10,25,21,5,U0662,Delivered,,1
ORD01718,8/2/2025 20:53,Minya,Shalaby,El-Abd Minya,Desserts,5,EGP 262,0,Card,C045,Bicycle,2.8,7,25,38,,U0635,Delivered,,1
ORD02720,3/15/2025 15:19,Minya,Corniche El-Nil,Bites Burger,Burgers,3,240 EGP,29,Card,C068,Motorcycle,1.8,14,25,25,5,U0606,Delivered,,0
ORD03365,6/10/2025 17:52,Minya,Wast El-Balad,Koshary El-Sheikh,Egyptian,2,70,0,Cash,C083,Motorcycle,0.6,10,20,8,5,U0447,Delivered,,0
ORD02043,28/02/2025 20:11,Minya,El-Mahatta,Sheikh El-Balad,Grills,4,580 EGP,0,Card,C006,Motorcycle,4.2,28,30,33,5,U1122,Delivered,,1
ORD03501,1/28/2025 14:35,Minya,Abu Helal,Crispy House,Burgers,1,EGP 102,14,Card,C050,Bicycle,2.2,12,25,22,5,U1188,Delivered,,1
ORD02690,2/7/2025 20:03,abu qurqas,Abu Qurqas,Burger Corniche,Burgers,3,EGP 270,0,Cash,C019,Bicycle,14.2,14,50,125,,U0760,Delivered,,1
ORD02002,4/30/2025 17:01,El-Minya,Ard Sultan,Farag Kebab,Grills,6,EGP 660,157,Card,C050,Motorcycle,0.6,23,20,26,4,U0602,Delivered,,0
ORD00129,16/02/2025 19:28,Minya,Abu Helal,Burger Corniche,Burgers,3,EGP 208,35,Card,C092,Tuk-tuk,1.3,10,25,15,4,U1309,Delivered,,1
ORD01799,3/27/2025 19:19, Abu Qurqas,Abu Qurqas,Pizza Roma,Pizza,1,115,0,Wallet,C066,Motorcycle,16.6,21,55,79,4,U0730,Delivered,,1
ORD00047,8/2/2025 16:45,Menia,El-Mahatta,Sultan Grill,Grills,5,452,0,Cash,C025,Bicycle,1.9,17,25,26,5,U1003,Delivered,,1
ORD03939,2/28/2025 11:00,El Minya,Corniche El-Nil,Farag Kebab,Grills,2,375,0,Cash,C076,Motorcycle,2.4,21,25,34,4,U1127,Delivered,,0
ORD00532,1/3/2025 11:14,Minya,Corniche El-Nil,Farag Kebab,Grills,5,EGP 850,0,Card,C093,Motorcycle,4.9,10,30,25,5,U0403,Delivered,,1
ORD03557,4/21/2025 20:12,Abu Qurqas,Abu Qurqas,El-Nil Fish,Fish,3,345,0,Wallet,C054,Bicycle,14.2,26,50,129,,U0034,Delivered,,0
ORD01473,1/5/2025 18:23,Minya,Abu Helal,Bahary Corner,Fish,5,777,63,Cash,C029,Tuk-tuk,2.4,32,25,37,4,U0537,Delivered,,0
ORD01269,1/8/2025 15:28,Minya,Wast El-Balad,Pizza Roma,Pizza,4,292,0,Cash,C066,Motorcycle,0.6,19,20,13,4,U1086,Delivered,,0
ORD01398,2/3/2025 14:01,El Minya,Ard Sultan,Sultan Grill,Grills,3,499,0,Cash,C069,Tuk-tuk,4.1,20,30,32,4,U0902,Delivered,,0
ORD02165,2/3/2025 13:05,New Minya,New Minya,Burger Corniche,Burgers,4,333 EGP,0,Card,C006,Motorcycle,10.4,15,40,47,,U0161,Delivered,,1
ORD02498,2/27/2025 16:54,Minya,Shalaby,Crispy House,Burgers,4,399 EGP,92,Card,C053,Bicycle,2.5,15,25,24,4,U0324,Delivered,,0
ORD00817,5/27/2025 23:15,Minya,Ard Sultan,Farag Kebab,Grills,4,643,0,Wallet,C006,Motorcycle,2.6,18,25,28,4,U1311,Delivered,,1
ORD03730,5/8/2025 21:38,El Minya,Abu Helal,Farag Kebab,Grills,1,129 EGP,12,Cash,C023,Bicycle,4.3,22,30,48,3,U0200,Delivered,,0
ORD00092,5/26/2025 20:09,MINYA,El-Gamaa,Pizza Roma,Pizza,4,313 EGP,0,Card,C092,Tuk-tuk,7.5,19,35,49,,U0906,Delivered,,0
ORD02250,2/5/2025 19:11,Minya,Corniche El-Nil,Om Ali House,Desserts,3,"1,140 EGP",0,Card,C035,Tuk-tuk,1.3,11,25,42,3,U0582,Delivered,,1
ORD00658,17/01/2025 23:05,Minya,Ard Sultan,Pizza Roma,Pizza,1,EGP 129,21,Cash,C038,Bicycle,6.1,23,35,59,4,U0572,Delivered,,0
ORD03211,1/12/2025 12:41,Abu Qurqas,Abu Qurqas,El-Nil Fish,Fish,4,EGP 681,56,Card,C021,Motorcycle,15.6,23,55,59,4,U0605,Delivered,,0
ORD03299,5/11/2025 13:47,Minya,Abu Helal,El-Nil Fish,Fish,6,875,0,Cash,C002,Bicycle,3.8,19,30,41,,U0027,Delivered,,0
ORD02654,5/16/2025 20:04,New Minya,New Minya,Bites Burger,Burgers,1,EGP 109,20,Cash,C040,Tuk-tuk,11.3,20,45,68,4,U0451,Delivered,,1
ORD02419,1/30/2025 13:44,Menia,Corniche El-Nil,Foul El-Mahatta,Egyptian,3,174 EGP,25,Wallet,C097,Motorcycle,2.8,10,25,18,4,U1465,Delivered,,0
ORD03458,5/18/2025 13:40,Minya ,Corniche El-Nil,El-Nil Fish,Fish,2,238,22,Cash,C005,Motorcycle,1.9,24,25,36,4,U0639,Delivered,,1
ORD02753,18/02/2025 16:17,New Minya,New Minya,Crispy House,Burgers,4,301 EGP,0,Card,C026,Bicycle,11.2,17,45,84,2,U0020,Delivered,,0
ORD02263,1/22/2025 22:34,new minya,New Minya,Farag Kebab,Grills,2,236 EGP,25,Cash,C049,Motorcycle,11.8,19,45,51,4,U1120,Delivered,,0
ORD02884,1/15/2025 14:00,Minya,El-Gamaa,Burger Corniche,Burgers,2,EGP 188,0,Cash,C034,Motorcycle,6.5,15,35,23,4,U1407,Delivered,,1
ORD00744,4/15/2025 14:20,New Minya ,New Minya,Crispy House,Burgers,3,212 EGP,0,Card,C025,Bicycle,10.3,8,40,77,3,U1305,Delivered,,0
ORD00091,6/12/2025 15:18,Minya,Wast El-Balad,El-Abd Minya,Desserts,3,172,30,Card,C053,Bicycle,1.1,10,25,19,5,U0031,Delivered,,1
ORD01034,12/6/2025 22:33,Minya,Shalaby,Bahary Corner,Fish,2,EGP 302,0,Cash,C099,Tuk-tuk,3.3,33,25,,,U0537,Cancelled,,
ORD03654,25/06/2025 21:21,Minya,Ard Sultan,Om Ali House,Desserts,4,279 EGP,0,Cash,C089,Motorcycle,2.3,8,25,,,U1350,Cancelled,re-assigned,
ORD00853,5/26/2025 13:59,abu qurqas,Abu Qurqas,Tamara Sweets,Desserts,5,EGP 348,0,Cash,C074,Tuk-tuk,16,7,55,65,5,U0558,Delivered,,0
ORD01275,6/25/2025 13:42,MINYA,Wast El-Balad,Slice Minya,Pizza,6,501 EGP,0,Cash,C070,Motorcycle,0.6,15,20,13,5,U1206,Delivered,,1
ORD04159,1/6/2025 19:04,Minya,Wast El-Balad,El-Dawar,Egyptian,6,317 EGP,0,Cash,C102,Motorcycle,1.4,18,25,29,,U0849,Delivered,,1
ORD03961,1/31/2025 13:19,Minya,Wast El-Balad,Bites Burger,Burgers,2,209,41,Cash,C104,Tuk-tuk,1.1,10,25,11,5,U0695,Delivered,,0
ORD02379,24/03/2025 20:33,Abu Qurqas,Abu Qurqas,Crispy House,Burgers,2,162,0,Card,C033,Motorcycle,13.9,21,50,55,4,U1465,Delivered,,1
ORD03330,6/29/2025 20:12,Minya ,Wast El-Balad,Sultan Grill,Grills,1,148 EGP,21,Card,C033,Tuk-tuk,3.1,21,25,40,3,U0087,Delivered,,1
ORD02358,28/04/2025 21:25,Minya,Ard Sultan,Burger Corniche,Burgers,6,477 EGP,0,Wallet,C025,Motorcycle,3,12,25,28,5,U0489,Delivered,,0
ORD01069,2/5/2025 13:04,Minya,El-Mahatta,El-Dawar,Egyptian,1,61,0,Card,C101,Motorcycle,0.9,9,20,12,5,U0867,Delivered,,1
ORD02109,16/01/2025 13:04,Minya,Nazlet Hussein,Tamara Sweets,Desserts,4,215 EGP,0,Cash,C090,Tuk-tuk,8.1,11,40,39,,U0494,Delivered,,0
ORD03627,22/06/2025 15:25,Minya,El-Mahatta,El-Nil Fish,Fish,3,EGP 327,0,Card,C075,Motorcycle,1.5,20,25,20,4,U0572,Delivered,,1
ORD03691,1/1/2025 20:38,Minya,Wast El-Balad,Bites Burger,Burgers,6,567,133,Wallet,C066,Bicycle,1.7,15,25,37,4,U1123,Delivered,,0
ORD03217,2/16/2025 20:44,New Minya,New Minya,Tamara Sweets,Desserts,1,EGP 71,5,Wallet,C019,Motorcycle,11.3,8,45,48,5,U1269,Delivered,,0
ORD00348,4/26/2025 12:07,Abu Qurqas,Abu Qurqas,Pizza Roma,Pizza,1,EGP 154,0,Cash,C086,Motorcycle,17,18,55,58,5,U0841,Delivered,,1
ORD03145,2/6/2025 13:18,Minya,El-Mahatta,Om Ali House,Desserts,4,137 EGP,0,Card,C031,Motorcycle,2.1,4,25,10,,U1345,Delivered,,1
ORD00888,3/13/2025 17:40,Minya,Wast El-Balad,Farag Kebab,Grills,5,EGP 512,0,Cash,C026,Motorcycle,1.2,22,25,26,4,U1013,Delivered,,1
ORD02106,5/17/2025 20:22,Minya,Nazlet Hussein,Sultan Grill,Grills,4,592,0,Cash,C054,Motorcycle,7.5,21,35,40,5,U0238,Delivered,,0
ORD03910,6/26/2025 13:53,Minya,El-Sahel,Bites Burger,Burgers,6,EGP 495,101,Card,C010,Motorcycle,5.1,14,30,28,4,U0678,Delivered,,1
ORD02089,1/7/2025 13:14,Minya,El-Sahel,Om Ali House,Desserts,4,EGP 260,0,Cash,C038,Motorcycle,2.8,8,25,16,,U0643,Delivered,,1
ORD03366,6/5/2025 12:24,New Minya,New Minya,Bahary Corner,Fish,2,281,0,Cash,C110,Motorcycle,11.8,38,45,57,,U0412,Delivered,,0
ORD04073,3/22/2025 21:38,New Minya,New Minya,Pizza Roma,Pizza,2,EGP 168,23,Wallet,C041,Motorcycle,10,20,40,55,4,U0821,Delivered,re-assigned,0
ORD01930,4/6/2025 19:57,Minya,Corniche El-Nil,Samak El-Balad,Fish,2,330 EGP,0,Card,C048,Motorcycle,1.8,29,25,45,4,U0523,Delivered,,1
ORD00332,7/3/2025 19:13,Minya,El-Mahatta,Crispy House,Burgers,4,427 EGP,94,Cash,C012,Tuk-tuk,2.5,16,25,,,U0448,Cancelled,,
ORD00336,14/06/2025 19:40,Minya ,Corniche El-Nil,Basbousa Bar,Desserts,6,165 EGP,0,Cash,C025,Motorcycle,1.8,9,25,26,5,U0515,Delivered,,1
ORD00197,3/29/2025 14:25,New Minya,New Minya,Basbousa Bar,Desserts,6,EGP 379,0,Cash,C037,Motorcycle,10.3,14,40,38,5,U0820,Delivered,,1
ORD02469,4/17/2025 21:19,Minya,Ard Sultan,El-Nil Fish,Fish,3,465 EGP,0,Cash,C068,Motorcycle,3.8,22,30,36,3,U1158,Delivered,,0
ORD00124,1/5/2025 15:15,Minya,El-Gamaa,El-Abd Minya,Desserts,1,63,0,Cash,C031,Motorcycle,4.8,7,30,18,5,U0467,Delivered,,1
ORD03913,6/1/2025 15:35,Minya,Ard Sultan,Crispy House,Burgers,5,465,60,Card,C078,Motorcycle,3.8,22,30,43,,U0192,Delivered,,1
ORD04030,5/23/2025 20:22,Abu Qorqas,Abu Qurqas,Burger Corniche,Burgers,3,246 EGP,44,Cash,C074,Motorcycle,14,13,50,47,,U0366,Delivered,,1
ORD01689,3/4/2025 22:34,MINYA,Shalaby,Slice Minya,Pizza,5,EGP 456,0,Cash,C062,Motorcycle,1.9,18,25,20,,U0882,Delivered,,0
ORD00621,8/2/2025 18:52,MINYA,Shalaby,Om Ali House,Desserts,3,EGP 192,0,Card,C038,Bicycle,5.5,12,30,44,,U0679,Delivered,,0
ORD01266,4/4/2025 18:54,Minya,Ard Sultan,Sheikh El-Balad,Grills,1,EGP 155,0,Cash,C104,Motorcycle,2.3,35,25,45,,U0673,Delivered,,0
ORD02800,22/06/2025 20:06,El Minya,Ard Sultan,El-Nil Fish,Fish,4,EGP 699,0,Cash,C062,Bicycle,2,29,25,48,3,U0873,Delivered,,0
ORD03116,5/8/2025 22:23,Minya,Wast El-Balad,Slice Minya,Pizza,4,415,0,Wallet,C103,Motorcycle,3.4,15,30,30,4,U1407,Delivered,,1
ORD03993,5/28/2025 13:43,El Minya,Wast El-Balad,Pizza Roma,Pizza,6,EGP 638,0,Wallet,C083,Tuk-tuk,3,21,25,32,4,U0222,Delivered,,1
ORD01947,1/14/2025 12:51,Minya,Corniche El-Nil,Bahary Corner,Fish,2,261 EGP,0,Card,C023,Motorcycle,3,32,25,37,4,U0748,Delivered,,1
ORD02312,2/13/2025 13:36,Abu Qorqas,Abu Qurqas,Om Ali House,Desserts,2,94 EGP,10,Card,C058,Motorcycle,17.3,6,55,43,4,U0342,Delivered,,1
ORD02389,5/23/2025 20:12, Minya,El-Gamaa,El-Dawar,Egyptian,2,EGP 109,0,Cash,C044,Motorcycle,7,14,35,39,3,U0388,Delivered,,0
ORD02496,4/15/2025 13:57,El-Minya El-Gedida,New Minya,Samak El-Balad,Fish,1,92 EGP,0,Cash,C102,Tuk-tuk,11.3,24,45,62,4,U1081,Delivered,,1
ORD04068,2/6/2025 20:00,Minya,Wast El-Balad,Bahary Corner,Fish,1,201 EGP,47,Cash,C012,Motorcycle,3.3,26,25,41,,U0681,Delivered,,0
ORD01825,2/5/2025 12:14,Menia,El-Gamaa,Tamara Sweets,Desserts,6,232 EGP,39,Wallet,C024,Bicycle,6.1,15,35,44,4,U0850,Delivered,,0
ORD02016,3/3/2025 20:31,minya,El-Gamaa,Tamara Sweets,Desserts,4,222 EGP,23,Card,C023,Motorcycle,6.1,9,35,29,4,U0630,Delivered,,0
ORD00011,14/02/2025 20:54,Minya,Abu Helal,Bites Burger,Burgers,5,384 EGP,0,Wallet,C040,Tuk-tuk,4.7,12,30,35,4,U1337,Delivered,,1
ORD03125,6/7/2025 15:57,Minya,Shalaby,Crispy House,Burgers,2,EGP 185,0,Cash,C072,Motorcycle,4.8,19,30,32,4,U0438,Delivered,,0
ORD02255,5/12/2025 22:21,Minya,El-Mahatta,Hadouta Masreya,Egyptian,6,221,0,Cash,C035,Bicycle,2,13,25,21,5,U1262,Delivered,,1
ORD01828,5/21/2025 20:02,Minya,Wast El-Balad,Samak El-Balad,Fish,6,556 EGP,0,Card,C015,Motorcycle,2.8,14,25,26,5,U0034,Delivered,,1
ORD02219,26/04/2025 23:35,El Minya,El-Mahatta,Hadouta Masreya,Egyptian,3,EGP 163,0,Card,C050,Tuk-tuk,3.2,17,25,20,5,U0840,Delivered,,1
ORD02871,29/05/2025 23:04,New Minya ,New Minya,Burger Corniche,Burgers,4,"EGP 3,344",378,Cash,C039,Motorcycle,9.8,12,40,43,5,U0525,Delivered,,0
ORD02013,6/21/2025 19:57,Minya,Wast El-Balad,Samak El-Balad,Fish,3,379 EGP,0,Cash,C032,Motorcycle,2.3,19,25,41,,U1175,Delivered,,0
ORD00275,11/1/2025 16:14,abu qurqas,Abu Qurqas,Sultan Grill,Grills,5,486 EGP,0,Wallet,C071,Motorcycle,17.7,20,60,63,5,U1081,Delivered,,1
ORD00668,12/3/2025 12:50,Minya,Shalaby,Sultan Grill,Grills,1,EGP 150,0,Cash,C038,Motorcycle,2.6,14,25,17,4,U1465,Delivered,,1
ORD00767,28/02/2025 23:31,New Minya,New Minya,Burger Corniche,Burgers,5,463 EGP,0,Cash,C050,Motorcycle,10.8,11,45,43,5,U0221,Delivered,,1
ORD03847,6/3/2025 22:47,Menia,El-Gamaa,Om Ali House,Desserts,2,EGP 120,0,Wallet,C091,Motorcycle,3.6,12,30,16,5,U0489,Delivered,,0
ORD01515,5/20/2025 12:01,minya,El-Sahel,Koshary El-Sheikh,Egyptian,4,256,17,Card,C011,Motorcycle,3.5,17,30,31,5,U1223,Delivered,,0
ORD00280,4/1/2025 22:03,Menia,Corniche El-Nil,Samak El-Balad,Fish,2,382 EGP,60,Card,C083,Motorcycle,3.6,18,30,40,4,U1025,Delivered,,1
ORD01236,30/01/2025 11:53,minya,Wast El-Balad,El-Abd Minya,Desserts,1,78 EGP,0,Card,C081,Motorcycle,,4,25,11,5,U0597,Delivered,,0
ORD01498,4/13/2025 20:21,Abu Qurqas,Abu Qurqas,Hadouta Masreya,Egyptian,1,EGP 62,0,Cash,C024,Motorcycle,16.8,13,55,57,5,U0855,Delivered,,0
ORD00400,6/17/2025 13:56,Minya,El-Sahel,El-Nil Fish,Fish,3,381,25,Card,C091,Tuk-tuk,4.6,24,30,26,4,U0766,Delivered,,0
ORD01754,2/15/2025 22:21,NEW MINYA,New Minya,El-Nil Fish,Fish,3,622 EGP,34,Wallet,C046,Motorcycle,10.1,25,40,50,3,U1257,Delivered,,0
ORD01870,2/3/2025 19:18,New Minya,New Minya,El-Nil Fish,Fish,2,367 EGP,0,Cash,C097,Tuk-tuk,11.3,24,45,77,3,U0822,Delivered,,1
ORD01195,1/7/2025 11:51,Minya,Wast El-Balad,Farag Kebab,Grills,6,913 EGP,0,Cash,C014,Motorcycle,2.2,21,25,29,3,U0249,Delivered,address unclear,0
ORD02001,2/17/2025 16:24,El Minya,El-Gamaa,El-Dawar,Egyptian,3,EGP 170,0,Card,C086,Motorcycle,,20,30,23,4,U0517,Delivered,,0
ORD01190,4/15/2025 19:05,Menia,El-Gamaa,Slice Minya,Pizza,4,523 EGP,61,Cash,C061,Motorcycle,4.8,16,30,39,5,U1009,Delivered,,0
ORD01047,25/04/2025 20:01,Minya,El-Gamaa,Koshary El-Sheikh,Egyptian,5,EGP 213,0,Cash,C033,Motorcycle,6.7,10,35,31,4,U0977,Delivered,,1
ORD01768,6/3/2025 20:15,Minya,El-Mahatta,Crispy House,Burgers,1,EGP 69,0,Cash,C022,Motorcycle,4.7,17,30,34,4,U1327,Delivered,,1
ORD00605,6/3/2025 20:41, Minya,El-Gamaa,Burger Corniche,Burgers,1,115 EGP,0,Card,C017,Motorcycle,3.9,17,30,46,3,U0888,Delivered,,0
ORD03162,1/29/2025 14:11,Minya,El-Gamaa,Bites Burger,Burgers,2,158 EGP,0,Card,C035,Tuk-tuk,6.4,9,35,31,5,U0957,Delivered,,0
ORD02648,5/9/2025 19:33,El-Minya,El-Gamaa,Tamara Sweets,Desserts,4,139,0,Card,C097,Tuk-tuk,5,13,30,51,3,U1418,Delivered,,1
ORD03322,1/26/2025 18:11,Minya,Corniche El-Nil,Pizza Roma,Pizza,4,483,0,Cash,C061,Tuk-tuk,2,18,25,25,4,U0287,Delivered,,0
ORD02803,6/23/2025 20:11,New Minya ,New Minya,Farag Kebab,Grills,2,275,0,Wallet,C072,Motorcycle,12.4,22,45,58,,U0789,Delivered,,0
ORD03064,5/21/2025 16:15,Minya,Abu Helal,Burger Corniche,Burgers,3,275 EGP,0,Wallet,C062,Motorcycle,3.9,8,30,10,4,U0665,Delivered,,1
ORD03784,5/10/2025 18:51,MINYA,Ard Sultan,Om Ali House,Desserts,4,216 EGP,0,Card,C043,Tuk-tuk,1.9,8,25,11,5,U1475,Delivered,,1
ORD00039,6/13/2025 22:54,NEW MINYA,New Minya,Koshary El-Sheikh,Egyptian,5,132 EGP,0,Cash,C074,Motorcycle,0,18,45,40,,U0381,Delivered,,1
ORD00889,5/16/2025 18:17,El Minya,El-Mahatta,Crispy House,Burgers,3,221 EGP,0,Card,C052,Bicycle,2.9,17,25,35,,U0448,Delivered,,1
ORD00199,3/14/2025 20:08,Menia,Corniche El-Nil,Sultan Grill,Grills,4,580,44,Card,C099,Tuk-tuk,2.6,26,25,47,4,U1492,Delivered,,1
ORD03112,3/30/2025 22:25,minya,Wast El-Balad,Crispy House,Burgers,3,222 EGP,0,Cash,C063,Tuk-tuk,1.9,16,25,27,5,U0145,Delivered,,0
ORD03379,4/10/2025 22:49,El-Minya,Nazlet Hussein,El-Dawar,Egyptian,6,269 EGP,0,Cash,C021,Tuk-tuk,5.2,8,30,,,U0324,Cancelled,,
ORD03472,3/24/2025 18:06,Minya,El-Sahel,Koshary El-Sheikh,Egyptian,1,EGP 45,0,Cash,C020,Tuk-tuk,4.6,22,30,35,4,U1242,Delivered,,0
ORD01341,5/29/2025 19:38,Minya ,Nazlet Hussein,Bahary Corner,Fish,2,282 EGP,0,Card,C025,Motorcycle,7.3,20,35,52,,U1413,Delivered,,0
ORD00788,6/8/2025 17:39,Minya,Ard Sultan,Samak El-Balad,Fish,5,"EGP 1,040",153,Cash,C092,Tuk-tuk,3.8,29,30,48,,U0601,Delivered,,1
ORD01771,6/14/2025 21:08,ABU QURQAS,Abu Qurqas,Koshary El-Sheikh,Egyptian,4,158 EGP,19,Cash,C006,Bicycle,17.1,10,55,133,1,U0396,Delivered,address unclear,0
ORD00433,6/24/2025 17:24,Minya,El-Gamaa,Slice Minya,Pizza,5,430 EGP,0,Cash,C047,Bicycle,5.9,19,35,55,4,U0133,Delivered,,1
ORD01224,4/16/2025 21:46,El-Minya,Shalaby,Bahary Corner,Fish,2,EGP 272,25,Wallet,C063,Motorcycle,5.4,31,30,56,3,U1089,Delivered,,1
ORD01625,4/30/2025 15:49,Abu Qurqas,Abu Qurqas,Bites Burger,Burgers,3,272 EGP,0,Wallet,C047,Motorcycle,17.1,19,55,,,U0675,Cancelled,,
ORD01265,2/9/2025 15:42,El-Minya El-Gedida,New Minya,Bahary Corner,Fish,1,113 EGP,0,Cash,C033,Bicycle,13,32,50,110,,U0206,Delivered,,0
ORD04058,2/11/2025 13:31,NEW MINYA,New Minya,Slice Minya,Pizza,4,EGP 372,0,Cash,C016,Bicycle,11.6,15,45,85,1,U0591,Delivered,,0
ORD01729,4/3/2025 19:19,Minya,El-Sahel,Pizza Roma,Pizza,6,EGP 396,0,Wallet,C061,Motorcycle,5.4,19,30,43,4,U0120,Delivered,,0
ORD01324,1/14/2025 12:18,Minya,Corniche El-Nil,Hadouta Masreya,Egyptian,3,158 EGP,0,Cash,C046,Tuk-tuk,2.9,16,25,19,5,U0847,Delivered,,0
ORD01968,12/5/2025 18:36,Minya,Nazlet Hussein,Farag Kebab,Grills,1,169 EGP,0,Card,C005,Motorcycle,6.6,25,35,45,4,U0965,Delivered,,0
ORD04156,1/21/2025 19:20,Minya,El-Gamaa,Foul El-Mahatta,Egyptian,6,EGP 255,57,Cash,C015,Tuk-tuk,5,10,30,41,3,U0365,Delivered,,0
ORD03000,3/13/2025 12:41,El-Minya,El-Sahel,Foul El-Mahatta,Egyptian,2,88 EGP,21,Card,C084,Bicycle,5.9,11,35,36,5,U0425,Delivered,,1
ORD02885,3/7/2025 15:45,New Minya,New Minya,Tamara Sweets,Desserts,4,201 EGP,0,Cash,C003,Bicycle,12.8,10,45,89,2,U0712,Delivered,,0
ORD01079,8/5/2025 18:41,Minya,El-Mahatta,El-Abd Minya,Desserts,4,293 EGP,0,Cash,C047,Motorcycle,0.8,12,20,13,4,U0029,Delivered,,0
ORD02524,1/30/2025 20:08, Minya,Wast El-Balad,El-Nil Fish,Fish,4,711 EGP,0,Cash,C082,Bicycle,1.1,22,25,36,4,U0116,Delivered,,0
ORD01293,3/23/2025 22:37,minya,Abu Helal,Bites Burger,Burgers,6,551,111,Wallet,C085,Motorcycle,3.2,23,25,24,3,U0738,Delivered,,0
ORD03829,6/28/2025 13:55,Minya,Nazlet Hussein,Foul El-Mahatta,Egyptian,5,270 EGP,53,Card,C013,Motorcycle,6.5,4,35,21,5,U1193,Delivered,address unclear,0
ORD02268,3/23/2025 18:33,Minya,Abu Helal,Farag Kebab,Grills,2,259,0,Cash,C080,Bicycle,5,23,30,47,5,U0006,Delivered,,1
ORD02240,6/3/2025 22:21,Minya,Shalaby,Burger Corniche,Burgers,6,688,98,Cash,C073,Motorcycle,3.6,15,30,19,5,U0509,Delivered,,0
ORD02393,2/13/2025 19:38,Minya,El-Gamaa,Foul El-Mahatta,Egyptian,1,62 EGP,11,Wallet,C088,Motorcycle,5.5,14,30,44,4,U0012,Delivered,,0
ORD01089,6/18/2025 11:24,Minya ,Corniche El-Nil,Om Ali House,Desserts,5,247,0,Cash,C016,Bicycle,2.3,10,25,26,5,U0096,Delivered,,0
ORD02828,2/14/2025 15:37,Abu Qorqas,Abu Qurqas,Basbousa Bar,Desserts,2,108,0,Wallet,C056,Motorcycle,17.7,4,60,50,4,U0109,Delivered,,0
ORD02286,4/24/2025 18:35,Abu Qurqas,Abu Qurqas,Bahary Corner,Fish,4,507,33,Cash,C052,Motorcycle,16,27,55,59,5,U0388,Delivered,,1
ORD01897,3/5/2025 12:59,Minya,Corniche El-Nil,Sheikh El-Balad,Grills,2,282 EGP,36,Card,C039,Tuk-tuk,2.4,26,25,34,4,U0552,Delivered,,1
ORD03875,1/21/2025 16:04,Minya,Ard Sultan,Sultan Grill,Grills,1,EGP 155,0,Card,C030,Motorcycle,3.7,20,30,31,5,U0015,Delivered,,0
ORD00182,2/28/2025 13:08,Minya,Shalaby,Koshary El-Sheikh,Egyptian,3,163 EGP,22,Cash,C055,Bicycle,5.2,17,30,45,,U0962,Delivered,,1
ORD00411,6/16/2025 19:09,Minya,Corniche El-Nil,Tamara Sweets,Desserts,4,215 EGP,26,Cash,C013,Motorcycle,3.4,10,30,26,5,U1378,Delivered,,1
ORD01904,2/11/2025 18:40,Minya,Nazlet Hussein,Bites Burger,Burgers,6,711,0,Cash,C092,Bicycle,8.3,16,40,67,2,U1266,Delivered,,0
ORD03464,6/28/2025 23:19,Minya,Corniche El-Nil,Foul El-Mahatta,Egyptian,4,EGP 143,0,Card,C091,Tuk-tuk,2.6,8,25,17,5,U1292,Delivered,,0
ORD02882,25/01/2025 22:20,Minya,Shalaby,Crispy House,Burgers,1,131,19,Wallet,C075,Motorcycle,3.2,16,25,21,5,U0562,Delivered,,1
ORD04102,3/29/2025 22:16,ABU QURQAS,Abu Qurqas,Sultan Grill,Grills,5,719 EGP,0,Cash,C027,Tuk-tuk,15.8,18,55,66,4,U0924,Delivered,,1
ORD01070,6/23/2025 23:01,New Minya,New Minya,Forno Nile,Pizza,1,EGP 117,0,Cash,C078,Motorcycle,11.2,30,45,57,,U1236,Delivered,,1
ORD02657,1/1/2025 13:48,Abu Qurqas,Abu Qurqas,Sheikh El-Balad,Grills,1,EGP 185,35,Cash,C069,Motorcycle,17,28,55,69,4,U0093,Delivered,,0
ORD01919,3/20/2025 16:24, Minya,Ard Sultan,Om Ali House,Desserts,1,69 EGP,4,Wallet,C103,Tuk-tuk,2.4,7,25,18,5,U0657,Delivered,,0
ORD00055,3/14/2025 13:10,Minya,El-Gamaa,Om Ali House,Desserts,3,EGP 136,0,Cash,C002,Motorcycle,3.5,6,30,16,5,U0478,Delivered,,1
ORD02351,5/30/2025 19:25,Minya,Nazlet Hussein,Crispy House,Burgers,6,476,0,Cash,C095,Motorcycle,5.8,14,35,32,5,U0644,Delivered,,0
ORD01567,3/26/2025 20:35,Minya,El-Mahatta,Koshary El-Sheikh,Egyptian,5,EGP 262,0,Cash,C007,Motorcycle,1,9,25,29,5,U1454,Delivered,customer not answering,1
ORD02593,6/23/2025 23:16,El Minya,Wast El-Balad,Sultan Grill,Grills,5,EGP 671,91,Cash,C050,Motorcycle,2,26,25,29,5,U1482,Delivered,re-assigned,1
ORD01783,2/15/2025 21:01,Menia,El-Sahel,Koshary El-Sheikh,Egyptian,2,91 EGP,0,Cash,C045,Motorcycle,5.1,8,30,45,,U0554,Delivered,,1
ORD02052,5/15/2025 19:14,Minya,Wast El-Balad,Sultan Grill,Grills,2,377 EGP,42,Cash,C025,Tuk-tuk,0.8,20,20,38,5,U0244,Delivered,,0
ORD00959,4/3/2025 13:06,Menia,El-Gamaa,Basbousa Bar,Desserts,4,170 EGP,12,Card,C074,Motorcycle,5.5,8,30,20,4,U0107,Delivered,,1
ORD03504,7/1/2025 19:20,New Minya,New Minya,Sultan Grill,Grills,3,344,34,Cash,C029,Motorcycle,11.5,19,45,63,4,U0897,Delivered,,1
ORD03254,18/05/2025 18:43,Minya,Abu Helal,Bahary Corner,Fish,3,568 EGP,0,Cash,C097,Tuk-tuk,4.2,36,30,53,4,U1022,Delivered,,0
ORD02099,4/14/2025 15:21, Minya,Corniche El-Nil,Sultan Grill,Grills,1,143 EGP,0,Card,C065,Motorcycle,3.7,20,30,39,4,U0234,Delivered,,0
ORD03978,4/12/2025 12:52,Minya,Shalaby,Burger Corniche,Burgers,4,475,93,Card,C051,Bicycle,3.9,8,30,32,4,U1197,Delivered,,1
ORD02415,1/12/2025 14:51,El-Minya,Ard Sultan,Basbousa Bar,Desserts,4,EGP 258,40,Card,C082,Motorcycle,4.7,6,30,20,4,U0408,Delivered,,1
ORD02611,6/2/2025 19:37,Minya,Ard Sultan,Slice Minya,Pizza,5,EGP 447,81,Cash,C045,Bicycle,2.2,25,25,52,2,U1030,Delivered,,0
ORD01740,1/11/2025 19:43,Minya,El-Mahatta,Pizza Roma,Pizza,5,444,0,Cash,C091,Motorcycle,2.8,18,25,44,,U0693,Delivered,,0
ORD01602,1/15/2025 18:37,El-Minya,Corniche El-Nil,Burger Corniche,Burgers,5,396,0,Cash,C083,Motorcycle,1.5,9,25,11,4,U1321,Delivered,,1
ORD04101,1/8/2025 23:23,Minya,Corniche El-Nil,Pizza Roma,Pizza,4,489,0,Cash,C078,Motorcycle,1.7,15,25,18,5,U0068,Delivered,,1
ORD03089,6/14/2025 19:53,New Minya,New Minya,Koshary El-Sheikh,Egyptian,1,69,0,Card,C110,Bicycle,11.1,9,45,91,,U1172,Delivered,,0
ORD03665,16/03/2025 20:04,Minya,Wast El-Balad,Tamara Sweets,Desserts,2,EGP 155,0,Cash,C003,Bicycle,1.8,17,25,45,4,U0959,Delivered,gate closed,1
ORD01949,5/4/2025 19:57,Minya,El-Mahatta,Bahary Corner,Fish,6,796 EGP,0,Wallet,C109,Tuk-tuk,3.2,27,25,43,4,U0189,Delivered,,1
ORD00945,4/2/2025 21:44,Minya,Nazlet Hussein,Basbousa Bar,Desserts,4,257,0,Card,C066,Tuk-tuk,6.2,9,35,49,4,U0932,Delivered,,0
ORD02214,13/04/2025 23:35,New Minya,New Minya,Foul El-Mahatta,Egyptian,5,196 EGP,0,Cash,C029,Bicycle,10.9,10,45,84,3,U0437,Delivered,,0
ORD02841,2/5/2025 20:22,Minya ,Wast El-Balad,Foul El-Mahatta,Egyptian,6,271,0,Cash,C101,Tuk-tuk,3.4,9,30,21,4,U0938,Delivered,,1
ORD00112,3/20/2025 17:45,El Minya,Ard Sultan,Samak El-Balad,Fish,1,EGP 136,0,Cash,C018,Bicycle,0.6,26,20,30,4,U1488,Delivered,,1
ORD00968,4/22/2025 15:32,minya,Nazlet Hussein,Bahary Corner,Fish,1,162,0,Cash,C016,Motorcycle,5.7,35,30,53,,U0327,Delivered,,1
ORD03932,6/26/2025 19:40,minya,El-Sahel,Tamara Sweets,Desserts,3,EGP 139,0,Cash,C041,Tuk-tuk,2.5,5,25,31,5,U0924,Delivered,,1
ORD02676,5/1/2025 21:40, Minya,Abu Helal,Crispy House,Burgers,6,507 EGP,55,Cash,C007,Tuk-tuk,1.3,21,25,33,4,U1410,Delivered,,1
ORD01445,4/3/2025 17:53,Minya,Wast El-Balad,El-Dawar,Egyptian,3,151,0,Cash,C072,Motorcycle,0.6,13,20,16,5,U1418,Delivered,,1
ORD03700,5/24/2025 13:36, Minya,Abu Helal,Farag Kebab,Grills,5,390,0,Wallet,C042,Bicycle,2.6,31,25,64,3,U1153,Delivered,,0
ORD03301,2/19/2025 21:00,Minya,Wast El-Balad,Foul El-Mahatta,Egyptian,1,EGP 59,0,Cash,C102,Motorcycle,2.5,8,25,28,5,U0374,Delivered,,0
ORD01809,13/02/2025 21:48,Minya ,El-Gamaa,Koshary El-Sheikh,Egyptian,3,98 EGP,0,Cash,C054,Motorcycle,3,15,25,33,4,U0299,Delivered,,0
ORD03327,1/23/2025 17:56,Minya,Abu Helal,Koshary El-Sheikh,Egyptian,6,EGP 418,0,Cash,C024,Motorcycle,3.5,5,30,14,4,U0842,Delivered,,0
ORD00777,1/23/2025 15:28,Minya,Ard Sultan,El-Dawar,Egyptian,3,161 EGP,0,Wallet,C044,Motorcycle,5.2,10,30,18,5,U0119,Delivered,,1
ORD01286,3/23/2025 21:48,Minya,El-Mahatta,Samak El-Balad,Fish,5,401,0,Cash,C065,Motorcycle,2,22,25,47,4,U0838,Delivered,,1
ORD03129,6/2/2025 23:29,New Minya ,New Minya,Koshary El-Sheikh,Egyptian,1,45 EGP,0,Cash,C103,Tuk-tuk,12,14,45,51,5,U0174,Delivered,,1
ORD01847,2/21/2025 21:10,MINYA,Shalaby,Bites Burger,Burgers,3,EGP 208,0,Wallet,C100,Tuk-tuk,3.2,18,25,33,4,U1324,Delivered,,0
ORD04022,7/1/2025 15:59,Minya ,Corniche El-Nil,Tamara Sweets,Desserts,2,113,22,Cash,C046,Bicycle,1.8,4,25,11,,U1072,Delivered,,1
ORD00525,2/8/2025 22:28,Minya,Abu Helal,Crispy House,Burgers,4,EGP 361,0,Cash,C034,Motorcycle,3.9,16,30,19,4,U1096,Delivered,,0
ORD03312,5/8/2025 19:23,Menia,Wast El-Balad,Bites Burger,Burgers,5,EGP 266,0,Wallet,C041,Tuk-tuk,1.7,12,25,25,5,U0816,Delivered,,1
ORD00659,2/7/2025 15:11,Minya,Abu Helal,Om Ali House,Desserts,2,93,7,Wallet,C021,Motorcycle,3.1,13,25,15,,U0121,Delivered,,0
ORD03459,2/14/2025 13:54,Minya,Abu Helal,Slice Minya,Pizza,1,81,0,Card,C008,Motorcycle,3.6,14,30,17,5,U1310,Delivered,,0
ORD03577,1/28/2025 20:27,MINYA,El-Mahatta,El-Nil Fish,Fish,4,EGP 577,0,Cash,C028,Motorcycle,3.1,19,25,33,5,U1258,Delivered,,1
ORD04188,18/05/2025 20:56,ABU QURQAS,Abu Qurqas,Slice Minya,Pizza,2,220 EGP,0,Cash,C003,Motorcycle,18.3,18,60,71,,U0574,Delivered,,1
ORD00087,6/26/2025 12:25,Minya,Abu Helal,El-Abd Minya,Desserts,3,120 EGP,0,Card,C024,Motorcycle,5.2,4,30,18,,U1438,Delivered,,0
ORD01710,30/03/2025 15:28,New Minya ,New Minya,Tamara Sweets,Desserts,3,174 EGP,0,Cash,C029,Motorcycle,13.1,9,50,39,5,U1399,Delivered,,0
ORD03048,2/17/2025 18:55, Minya,Abu Helal,Koshary El-Sheikh,Egyptian,5,227 EGP,35,Cash,C079,Motorcycle,4.4,14,30,17,5,U0763,Delivered,,0
ORD02477,3/5/2025 15:52,Minya,Wast El-Balad,Pizza Roma,Pizza,3,EGP 382,0,Cash,C061,Motorcycle,3.2,19,25,25,5,U1027,Delivered,,1
ORD03434,26/02/2025 18:12,Minya,Ard Sultan,Sheikh El-Balad,Grills,5,752,76,Cash,C008,Bicycle,4.3,24,30,36,4,U0871,Delivered,,1
ORD01469,6/29/2025 21:24,Minya,El-Mahatta,Foul El-Mahatta,Egyptian,2,EGP 105,0,Card,C043,Motorcycle,2.1,14,25,25,5,U0586,Delivered,,1
ORD01196,5/11/2025 18:40,Minya,Wast El-Balad,Burger Corniche,Burgers,4,EGP 307,0,Cash,C001,Motorcycle,1.4,16,25,21,4,U0349,Delivered,,0
ORD02998,5/23/2025 14:53,Minya ,Ard Sultan,Hadouta Masreya,Egyptian,2,EGP 93,8,Card,C092,Tuk-tuk,3,12,25,19,4,U1144,Delivered,,0
ORD00299,17/06/2025 21:05, Minya,Wast El-Balad,Sheikh El-Balad,Grills,3,345,0,Cash,C013,Motorcycle,2,28,25,53,4,U0439,Delivered,,1
ORD00031,2/18/2025 20:59,Minya,Nazlet Hussein,Hadouta Masreya,Egyptian,5,225,13,Cash,C082,Motorcycle,9,9,40,44,4,U0772,Delivered,,1
ORD00041,2/10/2025 18:32,Minya,Ard Sultan,Crispy House,Burgers,4,EGP 327,0,Card,C066,Bicycle,4.6,15,30,33,5,U1016,Delivered,,1
ORD02961,5/6/2025 17:56,Minya,Abu Helal,Tamara Sweets,Desserts,5,EGP 161,0,Cash,C095,Motorcycle,2.3,8,25,14,5,U1354,Delivered,,1
ORD02769,6/5/2025 21:23,Minya,El-Gamaa,Foul El-Mahatta,Egyptian,6,326,0,Wallet,C047,Tuk-tuk,6.3,12,35,36,5,U0412,Delivered,,1
ORD03221,5/28/2025 14:02,Minya,Wast El-Balad,Om Ali House,Desserts,6,276 EGP,0,Cash,C010,Motorcycle,0.6,14,20,8,,U0143,Delivered,,1
ORD01746,1/16/2025 23:47,Menia,Ard Sultan,Foul El-Mahatta,Egyptian,2,104,21,Cash,C043,Bicycle,1.8,10,25,27,4,U0620,Delivered,,1
ORD02292,1/22/2025 21:55,Minya,Shalaby,Crispy House,Burgers,1,85 EGP,0,Cash,C071,Motorcycle,3.4,18,30,48,4,U1443,Delivered,,0
ORD03624,3/17/2025 20:41, Minya,Abu Helal,Om Ali House,Desserts,4,EGP 245,22,Card,C108,Motorcycle,3.4,8,30,18,,U0244,Delivered,,1
ORD03884,3/9/2025 20:18,El-Minya,El-Sahel,Om Ali House,Desserts,1,EGP 77,0,Cash,C075,Tuk-tuk,4.1,6,30,,,U1211,Cancelled,,
ORD01666,6/25/2025 15:51,New Minya ,New Minya,Om Ali House,Desserts,4,209,40,Wallet,C061,Motorcycle,10.9,4,45,25,4,U1329,Delivered,,1
ORD04062,19/04/2025 22:33,Abu Qorqas,Abu Qurqas,Tamara Sweets,Desserts,1,EGP 58,3,Cash,C018,Motorcycle,14.9,5,50,45,5,U0528,Delivered,,1
ORD01566,1/11/2025 13:54,El-Minya El-Gedida,New Minya,Bahary Corner,Fish,4,671 EGP,0,Cash,C087,Motorcycle,12,33,45,57,4,U0739,Delivered,customer not answering,0
ORD01541,2/3/2025 13:16,MINYA,Wast El-Balad,Koshary El-Sheikh,Egyptian,5,274,26,Cash,C071,Motorcycle,0.6,13,20,17,3,U0927,Delivered,,0
ORD04189,1/22/2025 23:35,Menia,Nazlet Hussein,Forno Nile,Pizza,5,499 EGP,31,Cash,C071,Motorcycle,6,23,35,33,5,U0287,Delivered,,1
ORD00415,2/5/2025 13:59,Menia,El-Mahatta,Pizza Roma,Pizza,3,327,27,Cash,C089,Motorcycle,2.6,16,25,19,5,U0297,Delivered,,0
ORD00980,3/8/2025 21:26,Minya,El-Mahatta,El-Nil Fish,Fish,5,857,0,Cash,C070,Tuk-tuk,3.4,24,30,47,4,U0367,Delivered,,1
ORD01168,1/23/2025 20:46,Minya,El-Sahel,Crispy House,Burgers,2,223,0,Cash,C001,Motorcycle,6.6,23,35,49,4,U0118,Delivered,,1
ORD02066,1/24/2025 19:02,El Minya,El-Gamaa,Koshary El-Sheikh,Egyptian,6,280 EGP,0,Cash,C086,Tuk-tuk,3.8,11,30,31,4,U1335,Delivered,,1
ORD03203,5/3/2025 19:39, Minya,El-Gamaa,Sheikh El-Balad,Grills,5,EGP 675,0,Cash,C070,Motorcycle,5.6,30,30,56,3,U1167,Delivered,,0
ORD00492,1/3/2025 19:04,Minya ,El-Mahatta,Samak El-Balad,Fish,3,439 EGP,0,Card,C010,Bicycle,3.2,19,25,52,4,U0710,Delivered,,0
ORD00974,2/28/2025 20:21,Abu Qurqas,Abu Qurqas,Sheikh El-Balad,Grills,4,552 EGP,0,Cash,C056,Tuk-tuk,14.1,33,50,90,3,U1081,Delivered,re-assigned,0
ORD01797,1/13/2025 20:14,El Minya,Shalaby,Pizza Roma,Pizza,4,343 EGP,0,Cash,C100,Bicycle,5,16,30,50,,U0392,Delivered,,1
ORD03794,4/10/2025 21:14,Minya,Ard Sultan,Basbousa Bar,Desserts,3,145 EGP,27,Cash,C033,Motorcycle,3.3,13,25,41,4,U1377,Delivered,,0
ORD02857,4/16/2025 20:26,Minya,Shalaby,El-Dawar,Egyptian,6,368,65,Cash,C059,Motorcycle,3.4,7,30,24,,U1487,Delivered,,1
ORD00591,20/01/2025 15:13,Minya,El-Mahatta,El-Dawar,Egyptian,2,96 EGP,0,Card,C038,Bicycle,0.9,18,20,20,4,U1498,Delivered,,0
ORD00575,1/17/2025 20:17,Abu Qurqas,Abu Qurqas,Burger Corniche,Burgers,4,244,54,Card,C082,Tuk-tuk,16.8,11,55,80,,U1441,Delivered,,0
ORD01395,2/9/2025 20:36,El Minya,Corniche El-Nil,Basbousa Bar,Desserts,1,EGP 69,0,Cash,C056,Motorcycle,3,7,25,27,5,U0702,Delivered,,1
ORD03863,1/21/2025 21:22,Minya,El-Sahel,Tamara Sweets,Desserts,2,108,24,Cash,C039,Motorcycle,3.1,4,25,18,5,U1453,Delivered,,1
ORD00228,5/21/2025 12:54,NEW MINYA,New Minya,Om Ali House,Desserts,3,EGP 207,0,Card,C072,Motorcycle,12.4,4,45,39,5,U0663,Delivered,,0
ORD01383,5/2/2025 14:41,El-Minya El-Gedida,New Minya,Crispy House,Burgers,2,193 EGP,13,Cash,C028,Tuk-tuk,11.5,8,45,45,4,U1430,Delivered,,1
ORD00643,2/6/2025 23:22,New Minya,New Minya,El-Nil Fish,Fish,2,EGP 333,35,Cash,C108,Motorcycle,11.8,29,45,54,4,U1132,Delivered,,1
ORD02840,5/4/2025 12:55,Minya,Wast El-Balad,Hadouta Masreya,Egyptian,5,EGP 255,0,Card,C028,Tuk-tuk,4,16,30,31,5,U1287,Delivered,,1
ORD01920,7/5/2025 23:19,Minya,El-Sahel,Tamara Sweets,Desserts,3,156,0,Cash,C066,Bicycle,3.9,13,30,37,5,U1321,Delivered,,1
ORD01525,22/03/2025 22:12,NEW MINYA,New Minya,Samak El-Balad,Fish,6,986 EGP,0,Cash,C064,Motorcycle,12.9,22,50,56,3,U1263,Delivered,,0
ORD03245,3/25/2025 18:39,Minya,El-Gamaa,Hadouta Masreya,Egyptian,1,EGP 46,0,Card,C059,Bicycle,5,11,30,32,5,U1343,Delivered,,1
ORD02642,1/25/2025 19:37,Minya,Shalaby,Basbousa Bar,Desserts,2,127 EGP,25,Card,C046,Motorcycle,3.4,13,30,42,4,U1154,Delivered,,0
ORD01737,16/05/2025 22:32,Minya,El-Mahatta,Burger Corniche,Burgers,5,118 EGP,0,Card,C085,Motorcycle,4.5,8,30,22,4,U0097,Delivered,,1
ORD01131,6/16/2025 21:33,minya,El-Mahatta,El-Nil Fish,Fish,2,EGP 295,0,Card,C064,Motorcycle,2.1,26,25,38,3,U0657,Delivered,,1
ORD00983,3/14/2025 19:03,minya,El-Mahatta,Bahary Corner,Fish,2,243 EGP,0,Wallet,C081,Motorcycle,2.6,35,25,58,4,U1473,Delivered,,1
ORD04126,5/25/2025 12:27,minya,El-Gamaa,Foul El-Mahatta,Egyptian,4,EGP 237,0,Wallet,C071,Motorcycle,1.1,16,25,11,5,U0171,Delivered,,1
ORD03846,3/31/2025 21:34,Minya,Corniche El-Nil,Hadouta Masreya,Egyptian,6,180,0,Card,C106,Motorcycle,2.4,19,25,36,3,U1375,Delivered,,0
ORD01199,6/24/2025 23:27,Minya,Ard Sultan,El-Nil Fish,Fish,5,644 EGP,108,Wallet,C017,Tuk-tuk,3.5,23,30,32,4,U0199,Delivered,,0
ORD01202,1/25/2025 18:05,New Minya,New Minya,Samak El-Balad,Fish,1,EGP 218,0,Card,C092,Motorcycle,10.8,22,45,54,4,U1328,Delivered,,0
ORD01366,3/4/2025 19:38,Minya,Ard Sultan,Sheikh El-Balad,Grills,4,591 EGP,0,Cash,C035,Motorcycle,1.8,34,25,56,2,U0795,Delivered,,0
ORD01696,1/19/2025 20:39,Minya,El-Gamaa,El-Dawar,Egyptian,5,EGP 248,44,Cash,C009,Bicycle,5.1,15,30,45,4,U1179,Delivered,,0
ORD02933,6/20/2025 18:31,El Minya,El-Mahatta,Forno Nile,Pizza,5,385 EGP,0,Cash,C107,Motorcycle,3.3,30,25,35,,U1367,Delivered,,0
ORD00721,3/4/2025 14:31,Minya,El-Mahatta,Hadouta Masreya,Egyptian,5,191 EGP,0,Card,C100,Motorcycle,0.6,16,20,16,4,U1341,Delivered,,0
ORD03867,2/19/2025 17:13,Minya,Abu Helal,Sultan Grill,Grills,1,126,0,Cash,C062,Motorcycle,1.7,22,25,23,4,U0204,Delivered,,0
ORD03418,2/15/2025 17:44,Abu Qurqas,Abu Qurqas,Om Ali House,Desserts,2,138 EGP,0,Wallet,C098,Bicycle,16.9,12,55,130,1,U1297,Delivered,,0
ORD01036,22/01/2025 19:02,New Minya,New Minya,Bahary Corner,Fish,2,308 EGP,0,Cash,C058,Tuk-tuk,9.2,29,40,68,3,U0667,Delivered,,1
ORD03931,1/26/2025 23:06,Minya,Abu Helal,Basbousa Bar,Desserts,4,EGP 227,0,Cash,C042,Bicycle,4.2,6,30,18,5,U0484,Delivered,,0
ORD01679,4/2/2025 21:28,Abu Qurqas,Abu Qurqas,Sultan Grill,Grills,4,579 EGP,47,Cash,C055,Motorcycle,15.8,22,55,69,4,U1300,Delivered,,0
ORD00630,2/21/2025 22:50, Minya,Wast El-Balad,Tamara Sweets,Desserts,5,249 EGP,0,Cash,C083,Motorcycle,2.1,9,25,11,,U0456,Delivered,,1
ORD00410,3/6/2025 19:15,Minya,Wast El-Balad,Basbousa Bar,Desserts,6,298 EGP,0,Cash,C068,Tuk-tuk,2.7,15,25,,,U0454,Cancelled,,
ORD01660,1/7/2025 18:59,MINYA,El-Gamaa,Om Ali House,Desserts,3,177,0,Cash,C049,Motorcycle,4.5,6,30,27,5,U0108,Delivered,,1
ORD02500,1/2/2025 19:31, Minya,El-Gamaa,Crispy House,Burgers,2,EGP 181,16,Cash,C078,Motorcycle,4.7,6,30,36,,U0307,Delivered,,1
ORD04019,31/01/2025 22:59,Minya,El-Mahatta,Tamara Sweets,Desserts,3,EGP 194,0,Cash,C024,Motorcycle,3.8,9,30,17,5,U0361,Delivered,,0
ORD00285,4/20/2025 13:16,Minya,Wast El-Balad,Bites Burger,Burgers,5,405 EGP,0,Cash,C034,Motorcycle,1.3,13,25,21,5,U1205,Delivered,,0
ORD00887,6/16/2025 14:15,El Minya,El-Gamaa,Bahary Corner,Fish,6,955 EGP,148,Cash,C045,Tuk-tuk,6.8,30,35,43,5,U0165,Delivered,,0
ORD02660,4/21/2025 18:51, Minya,Shalaby,Sultan Grill,Grills,2,EGP 302,56,Wallet,C032,Motorcycle,3.9,13,30,27,3,U1078,Delivered,,0
ORD01384,30/06/2025 12:42,Minya,Abu Helal,Samak El-Balad,Fish,4,635 EGP,42,Cash,C079,Motorcycle,2,15,25,17,5,U1272,Delivered,,0
ORD04148,6/20/2025 13:28,New Minya,New Minya,El-Dawar,Egyptian,6,387 EGP,58,Cash,C030,Bicycle,8.5,17,40,72,3,U1117,Delivered,,0
ORD01634,5/7/2025 14:55,Menia,Ard Sultan,Slice Minya,Pizza,1,EGP 109,0,Wallet,C109,Motorcycle,5.4,13,30,27,4,U1497,Delivered,,0
ORD01361,4/7/2025 19:37,MINYA,Abu Helal,Forno Nile,Pizza,3,313 EGP,0,Card,C022,Tuk-tuk,3.2,33,25,56,,U0004,Delivered,,0
ORD00184,2/12/2025 19:41,Minya,Shalaby,Foul El-Mahatta,Egyptian,4,226 EGP,53,Cash,C031,Tuk-tuk,3.8,12,30,37,4,U0263,Delivered,,0
ORD01635,1/2/2025 23:33,minya,El-Gamaa,Samak El-Balad,Fish,1,EGP 170,0,Card,C029,Motorcycle,5.3,19,30,26,5,U1491,Delivered,,1
ORD02166,2/19/2025 19:53,El-Minya,Shalaby,Slice Minya,Pizza,5,505,0,Cash,C053,Tuk-tuk,3.4,18,30,42,3,U0688,Delivered,,1
ORD03674,5/14/2025 18:05,Minya,El-Gamaa,Hadouta Masreya,Egyptian,3,166,22,Wallet,C019,Tuk-tuk,4.6,8,30,29,4,U0796,Delivered,,1
ORD00385,22/06/2025 19:16, Minya,El-Mahatta,Basbousa Bar,Desserts,5,279 EGP,49,Wallet,C046,Motorcycle,2,4,25,17,5,U0343,Delivered,,1
ORD01626,4/7/2025 21:17, Minya,El-Gamaa,Sheikh El-Balad,Grills,6,828 EGP,66,Cash,C105,Motorcycle,4.7,23,30,46,3,U0090,Delivered,,1
ORD03133,8/6/2025 19:47,Abu Qorqas,Abu Qurqas,Sheikh El-Balad,Grills,5,574 EGP,0,Cash,C045,Bicycle,15.6,27,55,146,,U1336,Delivered,,0
ORD02602,16/02/2025 16:33,minya,Wast El-Balad,El-Nil Fish,Fish,3,EGP 446,22,Cash,C019,Motorcycle,0.6,23,20,31,3,U1031,Delivered,,1
ORD03007,6/4/2025 19:45,minya,Shalaby,Om Ali House,Desserts,2,EGP 134,0,Card,C104,Tuk-tuk,4,12,30,33,4,U1499,Delivered,,1
ORD02136,11/5/2025 19:16,El Minya,Ard Sultan,Tamara Sweets,Desserts,3,162 EGP,33,Cash,C024,Motorcycle,4.3,5,30,,,U0471,Cancelled,,
ORD03543,3/26/2025 22:51,New Minya,New Minya,Bites Burger,Burgers,3,241 EGP,0,Card,C016,Motorcycle,11.7,16,45,49,5,U0852,Delivered,,0
ORD03778,4/9/2025 23:44,Minya,El-Sahel,Sheikh El-Balad,Grills,4,EGP 511,0,Card,C078,Bicycle,5.7,27,30,55,,U1297,Delivered,gate closed,0
ORD02751,29/04/2025 12:42,Minya,Corniche El-Nil,Forno Nile,Pizza,2,202,0,Card,C056,Bicycle,1.2,32,25,33,4,U1127,Delivered,,1
ORD00426,2/21/2025 21:54,Minya,Abu Helal,Bahary Corner,Fish,6,890,107,Wallet,C019,Tuk-tuk,2.8,31,25,0,,U0402,Delivered,,0
ORD03854,28/01/2025 13:31,Minya,Corniche El-Nil,Farag Kebab,Grills,4,520,0,Cash,C082,Bicycle,4,18,30,31,5,U1155,Delivered,,0
ORD01095,5/15/2025 16:21,Minya,Nazlet Hussein,Om Ali House,Desserts,3,168,0,Wallet,C009,Bicycle,4.5,4,30,29,4,U0466,Delivered,,0
ORD02790,3/28/2025 21:11,Abu Qurqas,Abu Qurqas,Basbousa Bar,Desserts,4,260 EGP,0,Cash,C103,Motorcycle,17.5,16,55,69,,U0857,Delivered,,1
ORD02086,6/15/2025 21:46,El-Minya,Corniche El-Nil,Basbousa Bar,Desserts,6,250 EGP,50,Cash,C096,Motorcycle,2.8,6,25,28,4,U1238,Delivered,,1
ORD00577,14/03/2025 11:32,El Minya,Wast El-Balad,Farag Kebab,Grills,4,574 EGP,0,Cash,C097,Motorcycle,3,24,25,25,5,U0670,Delivered,,1
ORD02662,1/26/2025 18:40,Minya,Nazlet Hussein,Bites Burger,Burgers,4,326 EGP,0,Cash,C069,Motorcycle,6,21,35,31,5,U0019,Delivered,,1
ORD03675,2/19/2025 20:04,MINYA,Abu Helal,Foul El-Mahatta,Egyptian,6,335 EGP,0,Cash,C016,Motorcycle,3.1,18,25,30,4,U1386,Delivered,re-assigned,0
ORD01189,2/12/2025 20:33,MINYA,Ard Sultan,Foul El-Mahatta,Egyptian,2,97 EGP,9,Card,C019,Tuk-tuk,2.9,9,25,34,3,U0056,Delivered,customer not answering,0
ORD04122,5/20/2025 19:32,New Minya,New Minya,Forno Nile,Pizza,1,80,0,Card,C047,Bicycle,11,31,45,112,,U1290,Delivered,,0
ORD03278,5/13/2025 18:43,Minya,Shalaby,Om Ali House,Desserts,4,"1,384 EGP",0,Cash,C042,Motorcycle,3.7,10,30,9,5,U0662,Delivered,,1
ORD03341,2/21/2025 14:36,Abu Qurqas,Abu Qurqas,Foul El-Mahatta,Egyptian,4,EGP 225,0,Card,C028,Motorcycle,14.3,13,50,42,5,U1264,Delivered,,1
ORD02499,29/01/2025 17:07,Minya ,Wast El-Balad,El-Dawar,Egyptian,2,99,0,Cash,C064,Motorcycle,1.5,12,25,15,5,U0201,Delivered,,1
ORD01984,27/02/2025 15:01,Minya,Shalaby,Foul El-Mahatta,Egyptian,4,184 EGP,45,Card,C049,Motorcycle,4.5,15,30,28,5,U1332,Delivered,,1
ORD03524,1/11/2025 11:13,NEW MINYA,New Minya,El-Abd Minya,Desserts,4,961 EGP,0,Wallet,C045,Motorcycle,10.8,8,45,28,5,U0815,Delivered,,0
ORD01250,3/22/2025 16:33,Minya,El-Gamaa,Crispy House,Burgers,5,EGP 468,0,Card,C050,Motorcycle,5.6,12,30,24,5,U0154,Delivered,,0
ORD03849,22/02/2025 14:50,El Minya,Ard Sultan,El-Nil Fish,Fish,2,308 EGP,33,Cash,C028,Tuk-tuk,2.3,26,25,34,5,U0628,Delivered,,1
ORD03602,5/14/2025 23:31,Minya,Wast El-Balad,Foul El-Mahatta,Egyptian,3,EGP 116,0,Cash,C074,Motorcycle,1.4,4,25,7,5,U0543,Delivered,,0
ORD01040,1/31/2025 11:14, Minya,Ard Sultan,El-Dawar,Egyptian,5,"1,307 EGP",0,Cash,C083,Motorcycle,3,13,25,9,,U0483,Delivered,,1
ORD03855,2/19/2025 22:58,El Minya,El-Sahel,Samak El-Balad,Fish,3,EGP 533,0,Card,C096,Tuk-tuk,4.3,21,30,31,5,U1344,Delivered,,0
ORD02789,3/16/2025 12:07,NEW MINYA,New Minya,Om Ali House,Desserts,5,283,41,Cash,C108,Motorcycle,,11,45,38,5,U1201,Delivered,,1
ORD02804,3/24/2025 19:15,Minya,Shalaby,Burger Corniche,Burgers,3,EGP 247,0,Card,C093,Motorcycle,3,12,25,36,4,U0156,Delivered,,0
ORD03881,3/5/2025 19:10,Minya,Ard Sultan,Foul El-Mahatta,Egyptian,6,EGP 247,0,Cash,C006,Tuk-tuk,3.9,10,30,39,5,U0489,Delivered,,0
ORD01215,6/18/2025 11:13,Minya,Corniche El-Nil,Sultan Grill,Grills,2,EGP 175,0,Wallet,C006,Bicycle,0.7,17,20,23,5,U0141,Delivered,,0
ORD03317,3/7/2025 18:49,Minya ,Wast El-Balad,Bites Burger,Burgers,2,EGP 144,20,Cash,C040,Motorcycle,1.8,14,25,26,5,U0452,Delivered,,1
ORD03208,2/8/2025 18:25,Minya,Nazlet Hussein,Foul El-Mahatta,Egyptian,4,EGP 273,0,Wallet,C007,Bicycle,7.2,5,35,44,4,U0451,Delivered,,0
ORD01235,25/04/2025 14:54,El Minya,Nazlet Hussein,Tamara Sweets,Desserts,5,243 EGP,60,Wallet,C093,Motorcycle,5.7,5,30,25,5,U0247,Delivered,,1
ORD00941,5/15/2025 18:08,Minya,El-Gamaa,Farag Kebab,Grills,1,128 EGP,0,Cash,C083,Tuk-tuk,6.7,22,35,41,4,U1200,Delivered,,1
ORD04094,3/25/2025 19:31,Abu Qurqas,Abu Qurqas,El-Abd Minya,Desserts,3,EGP 196,0,Wallet,C042,Bicycle,15.1,7,50,108,,U1020,Delivered,,0
ORD00854,4/27/2025 21:16,Minya,Ard Sultan,Forno Nile,Pizza,5,526 EGP,0,Cash,C042,Tuk-tuk,1.4,31,25,46,4,U1200,Delivered,,1
ORD01344,5/22/2025 14:22,Minya,El-Sahel,Foul El-Mahatta,Egyptian,3,152 EGP,0,Cash,C107,Tuk-tuk,4.9,10,30,28,3,U0318,Delivered,,1
ORD01805,5/21/2025 20:47,Minya,El-Sahel,Bites Burger,Burgers,2,136 EGP,0,Cash,C021,Motorcycle,5,18,30,48,4,U0669,Delivered,,0
ORD03146,4/2/2025 20:49,Minya,Corniche El-Nil,El-Nil Fish,Fish,5,391,0,Cash,C057,Motorcycle,2,20,25,30,4,U0334,Delivered,,1
ORD02237,5/5/2025 16:22,Minya ,El-Mahatta,Sheikh El-Balad,Grills,2,300,0,Card,C024,Bicycle,2,34,25,36,5,U0786,Delivered,,1
ORD00473,4/18/2025 21:04,Minya,El-Mahatta,Bahary Corner,Fish,2,276 EGP,0,Cash,C036,Bicycle,3.1,28,25,56,,U0194,Delivered,,0
ORD03632,24/03/2025 20:22,Menia,El-Gamaa,Sheikh El-Balad,Grills,6,EGP 957,0,Card,C065,Tuk-tuk,4.8,30,30,57,3,U0270,Delivered,,0
ORD01238,26/06/2025 15:49,Minya,El-Gamaa,Crispy House,Burgers,1,EGP 99,7,Cash,C089,Motorcycle,6.1,19,35,33,,U1362,Delivered,,0
ORD03136,2/15/2025 22:25,El Minya,El-Sahel,Om Ali House,Desserts,4,EGP 234,0,Card,C068,Motorcycle,5.9,10,35,31,4,U1009,Delivered,,1
ORD03145,2/6/2025 13:18,Minya,El-Mahatta,Om Ali House,Desserts,4,137 EGP,0,Card,C031,Motorcycle,2.1,4,25,10,,U1345,Delivered,,1
ORD01426,8/3/2025 19:52,ABU QURQAS,Abu Qurqas,Crispy House,Burgers,1,83,0,Cash,C057,Motorcycle,15.6,18,55,73,2,U1183,Delivered,,0
ORD00995,28/01/2025 12:58,New Minya ,New Minya,Crispy House,Burgers,5,403,0,Wallet,C085,Motorcycle,11,12,45,35,5,U0142,Delivered,,1
ORD00267,5/13/2025 19:28,Minya ,El-Gamaa,El-Abd Minya,Desserts,6,278 EGP,0,Cash,C061,Tuk-tuk,5.9,10,35,35,4,U0691,Delivered,,1
ORD03518,3/19/2025 12:03,MINYA,Ard Sultan,Crispy House,Burgers,2,184,16,Wallet,C013,Motorcycle,4.7,16,30,23,5,U1180,Delivered,,1
ORD03426,6/3/2025 13:51,Abu Qurqas,Abu Qurqas,Forno Nile,Pizza,6,559 EGP,0,Cash,C047,Motorcycle,15,32,50,65,4,U1085,Delivered,,0
ORD02969,5/27/2025 12:20,New Minya,New Minya,Crispy House,Burgers,5,483,119,Card,C092,Motorcycle,13.6,14,50,37,4,U0492,Delivered,,1
ORD00402,3/30/2025 12:58,New Minya,New Minya,Burger Corniche,Burgers,6,422 EGP,0,Card,C006,Tuk-tuk,10.5,13,45,54,4,U1329,Delivered,,0
ORD01090,12/6/2025 14:12,New Minya ,New Minya,Tamara Sweets,Desserts,3,158 EGP,0,Wallet,C070,Motorcycle,10.5,12,45,42,3,U1209,Delivered,,0
ORD02864,3/31/2025 18:36,Abu Qurqas,Abu Qurqas,Samak El-Balad,Fish,4,EGP 567,0,Cash,C043,Bicycle,16.6,24,55,135,1,U1151,Delivered,,0
ORD02974,5/27/2025 14:57,new minya,New Minya,Samak El-Balad,Fish,4,301 EGP,39,Card,C046,Motorcycle,11.6,19,45,46,3,U1430,Delivered,,1
ORD02040,4/12/2025 15:57,Minya,Wast El-Balad,Sultan Grill,Grills,5,EGP 681,0,Cash,C022,Tuk-tuk,2.6,12,25,18,,U1094,Delivered,,1
ORD00614,5/5/2025 21:44,Minya ,Ard Sultan,Forno Nile,Pizza,6,633 EGP,98,Cash,C104,Tuk-tuk,3.6,34,30,52,3,U1263,Delivered,,1
ORD01455,2/7/2025 18:30,Minya,El-Sahel,Burger Corniche,Burgers,5,317 EGP,0,Cash,C021,Tuk-tuk,5.4,15,30,31,5,U1489,Delivered,,0
ORD01502,6/17/2025 15:20,NEW MINYA,New Minya,Sheikh El-Balad,Grills,2,236,0,Wallet,C009,Motorcycle,10.5,31,45,64,4,U0149,Delivered,,0
ORD03548,2/24/2025 14:21,Minya,Corniche El-Nil,Samak El-Balad,Fish,5,732 EGP,152,Cash,C004,Motorcycle,2.1,19,25,15,5,U0143,Delivered,,1
ORD03205,1/18/2025 23:27,minya,Corniche El-Nil,El-Abd Minya,Desserts,4,195 EGP,0,Card,C053,Bicycle,2.1,9,25,16,4,U0341,Delivered,re-assigned,1
ORD02484,2/28/2025 20:31,MINYA,Nazlet Hussein,Crispy House,Burgers,6,EGP 512,0,Card,C028,Tuk-tuk,7.3,14,35,43,3,U1067,Delivered,,0
ORD02348,4/12/2025 17:20,abu qurqas,Abu Qurqas,Koshary El-Sheikh,Egyptian,3,153,36,Card,C035,Motorcycle,16.4,13,55,49,4,U0708,Delivered,,1
ORD02802,2/12/2025 21:26,Minya,Wast El-Balad,Samak El-Balad,Fish,2,358 EGP,0,Card,C059,Bicycle,2.1,18,25,40,4,U1060,Delivered,,1
ORD00535,5/23/2025 14:07,Menia,Ard Sultan,Burger Corniche,Burgers,1,110 EGP,7,Cash,C095,Bicycle,3.4,11,30,33,4,U0067,Delivered,,1
ORD00557,3/4/2025 17:38,Minya,Nazlet Hussein,Koshary El-Sheikh,Egyptian,6,240,0,Cash,C056,Bicycle,7.9,7,35,62,2,U0006,Delivered,,0
ORD01048,1/11/2025 18:04,MINYA,Wast El-Balad,Koshary El-Sheikh,Egyptian,5,337,0,Cash,C003,Motorcycle,2.8,11,25,19,4,U1439,Delivered,,1
ORD00604,4/1/2025 21:07,El-Minya,Nazlet Hussein,Sultan Grill,Grills,5,574 EGP,30,Wallet,C071,Motorcycle,6.4,17,35,34,5,U0333,Delivered,,1
ORD03663,4/11/2025 18:26, Minya,Ard Sultan,Bahary Corner,Fish,1,206 EGP,34,Cash,C049,Tuk-tuk,5.1,33,30,46,4,U0462,Delivered,,0
ORD00002,5/24/2025 19:17,El-Minya,Abu Helal,Slice Minya,Pizza,6,637,0,Card,C006,Motorcycle,2.2,16,25,41,,U0004,Delivered,,1
ORD00166,3/23/2025 19:16,Abu Qurqas,Abu Qurqas,Forno Nile,Pizza,1,EGP 134,0,Card,C031,Tuk-tuk,16.8,33,55,96,3,U0126,Delivered,,0
ORD00964,2/23/2025 19:33,El-Minya,Wast El-Balad,Forno Nile,Pizza,3,EGP 305,0,Wallet,C062,Motorcycle,3.7,32,30,44,,U0073,Delivered,,0
ORD00077,21/04/2025 19:55, Abu Qurqas,Abu Qurqas,Hadouta Masreya,Egyptian,2,EGP 70,15,Card,C044,Tuk-tuk,15.9,6,55,70,4,U0394,Delivered,,0
ORD00603,28/01/2025 12:56,Minya,Nazlet Hussein,El-Dawar,Egyptian,2,131 EGP,11,Wallet,C021,Bicycle,7.1,12,35,55,3,U1234,Delivered,address unclear,0
ORD01571,3/12/2025 18:43,minya,Shalaby,Hadouta Masreya,Egyptian,2,EGP 131,13,Cash,C034,Motorcycle,5.6,14,30,20,4,U0715,Delivered,,0
ORD03702,6/3/2025 19:09,Minya,El-Gamaa,El-Abd Minya,Desserts,1,47 EGP,0,Card,C050,Tuk-tuk,4.5,4,30,19,5,U0186,Delivered,,1
ORD01605,1/13/2025 18:34,Minya,El-Gamaa,El-Dawar,Egyptian,3,158,0,Cash,C022,Motorcycle,,12,35,0,4,U1406,Delivered,,1
ORD03920,1/22/2025 19:03,Minya,El-Mahatta,Burger Corniche,Burgers,5,487 EGP,0,Card,C078,Motorcycle,2.3,16,25,35,4,U1123,Delivered,,0
ORD03693,1/3/2025 19:50,Minya,El-Mahatta,Pizza Roma,Pizza,3,237 EGP,0,Card,C014,Motorcycle,2.1,20,25,28,5,U0524,Delivered,,1
ORD01318,2/20/2025 15:18,Minya,Corniche El-Nil,Forno Nile,Pizza,5,648,0,Wallet,C001,Motorcycle,4.3,27,30,35,4,U0917,Delivered,,1
ORD02152,2/16/2025 20:35,New Minya,New Minya,Bites Burger,Burgers,3,204,0,Cash,C080,Tuk-tuk,12.9,16,50,74,,U1106,Delivered,,1
ORD01545,3/7/2025 23:42,Minya,Ard Sultan,Foul El-Mahatta,Egyptian,6,285 EGP,31,Cash,C035,Motorcycle,3.8,6,30,16,5,U0336,Delivered,,1
ORD00351,2/28/2025 13:59,Minya,El-Gamaa,Sultan Grill,Grills,3,352 EGP,59,Card,C088,Motorcycle,5.3,19,30,24,5,U0821,Delivered,,1
ORD00856,4/4/2025 11:00,Minya,El-Mahatta,El-Nil Fish,Fish,1,EGP 168,0,Wallet,C049,Motorcycle,2.4,25,25,29,4,U1393,Delivered,,1
ORD00833,6/15/2025 20:39,Minya,Shalaby,Koshary El-Sheikh,Egyptian,3,140,11,Wallet,C029,Motorcycle,5,15,30,42,4,U1436,Delivered,,0
ORD04169,10/6/2025 20:21,El Minya,Abu Helal,El-Dawar,Egyptian,6,EGP 269,0,Cash,C103,Bicycle,3.3,17,25,44,4,U1379,Delivered,,0
ORD03011,11/1/2025 21:33,MINYA,Corniche El-Nil,Om Ali House,Desserts,3,EGP 157,38,Wallet,C003,Tuk-tuk,5.1,10,30,35,5,U0841,Delivered,,0
ORD03230,4/12/2025 20:35,Minya,El-Gamaa,Pizza Roma,Pizza,1,162,0,Cash,C047,Motorcycle,5.6,23,30,44,4,U0181,Delivered,,0
ORD01687,3/9/2025 19:45, Minya,Abu Helal,Sultan Grill,Grills,1,121 EGP,0,Cash,C039,Motorcycle,2.4,21,25,39,,U1068,Delivered,,0
ORD01593,4/22/2025 20:01, Minya,El-Gamaa,Burger Corniche,Burgers,6,453,82,Cash,C026,Bicycle,3.4,21,30,45,4,U0636,Delivered,,0
ORD00361,21/06/2025 19:48,Menia,Abu Helal,Crispy House,Burgers,3,327,0,Cash,C003,Motorcycle,4.4,19,30,28,,U1022,Delivered,re-assigned,1
ORD00281,5/27/2025 23:37,Minya,Wast El-Balad,Slice Minya,Pizza,4,EGP 496,0,Cash,C002,Bicycle,1.5,20,25,23,5,U0762,Delivered,,1
ORD02378,5/19/2025 22:47,El-Minya,Ard Sultan,Hadouta Masreya,Egyptian,2,109,0,Card,C066,Motorcycle,3.4,16,30,,,U1203,Cancelled,,
ORD00121,5/25/2025 11:15,Minya,Shalaby,El-Nil Fish,Fish,2,266,0,Cash,C035,Motorcycle,4.1,23,30,36,5,U1424,Delivered,,0
ORD02993,4/9/2025 15:26,Minya,Shalaby,Sheikh El-Balad,Grills,1,132,0,Card,C001,Motorcycle,4.1,29,30,49,,U1134,Delivered,,0
ORD00802,1/18/2025 13:58,Minya,Corniche El-Nil,Foul El-Mahatta,Egyptian,3,196,0,Cash,C063,Motorcycle,1.8,4,25,7,5,U0559,Delivered,,1
ORD02062,2/13/2025 21:15,El-Minya El-Gedida,New Minya,Bahary Corner,Fish,2,327,0,Card,C073,Motorcycle,10.2,35,40,67,2,U1446,Delivered,,0
ORD01644,28/03/2025 16:45,El Minya,Corniche El-Nil,Koshary El-Sheikh,Egyptian,4,193 EGP,0,Cash,C070,Bicycle,2.4,14,25,,,U0313,Cancelled,,
ORD02222,4/22/2025 15:01,Abu Qurqas,Abu Qurqas,Basbousa Bar,Desserts,4,EGP 131,29,Wallet,C091,Motorcycle,16.9,7,55,51,4,U1462,Delivered,,1
ORD03020,23/01/2025 19:42,Minya,El-Sahel,Hadouta Masreya,Egyptian,1,63 EGP,0,Cash,C052,Motorcycle,5.8,13,35,33,4,U1495,Delivered,,1
ORD03066,2/24/2025 18:09,Menia,Nazlet Hussein,Bites Burger,Burgers,6,469 EGP,0,Card,C104,Tuk-tuk,5.9,17,35,35,5,U0615,Delivered,customer not answering,1
ORD00815,5/20/2025 13:34,Minya,Ard Sultan,Koshary El-Sheikh,Egyptian,3,172 EGP,0,Card,C044,Motorcycle,4.4,6,30,14,4,U0199,Delivered,address unclear,0
ORD02652,4/14/2025 20:37,Minya,Wast El-Balad,El-Abd Minya,Desserts,2,117,0,Cash,C104,Motorcycle,0.6,12,20,28,4,U0699,Delivered,,1
ORD03313,2/3/2025 13:43,Minya,El-Mahatta,Sultan Grill,Grills,4,487 EGP,0,Card,C061,Motorcycle,1.7,21,25,25,,U0181,Delivered,,1
ORD02449,4/3/2025 21:59,Minya,Wast El-Balad,Bites Burger,Burgers,4,375,0,Card,C037,Bicycle,1.2,8,25,27,5,U0671,Delivered,,1
ORD04061,3/4/2025 17:08,Minya,Ard Sultan,Om Ali House,Desserts,5,210 EGP,19,Card,C029,Tuk-tuk,,9,25,25,5,U0141,Delivered,,0
ORD00037,3/7/2025 19:39,minya,Shalaby,Sultan Grill,Grills,1,124 EGP,23,Cash,C042,Motorcycle,2.7,22,25,36,4,U1406,Delivered,,1
ORD04100,4/9/2025 17:50,minya,El-Mahatta,Om Ali House,Desserts,5,253,30,Cash,C083,Motorcycle,3,4,25,12,5,U0069,Delivered,,0
ORD01589,5/16/2025 18:26,Minya,El-Mahatta,Om Ali House,Desserts,5,EGP 274,0,Cash,C071,Bicycle,3.7,7,30,20,5,U0280,Delivered,,1
ORD00497,4/17/2025 21:54,New Minya,New Minya,El-Nil Fish,Fish,5,479 EGP,57,Wallet,C038,Motorcycle,11.9,26,45,61,,U1042,Delivered,,1
ORD01883,6/25/2025 21:08,El-Minya,Ard Sultan,El-Nil Fish,Fish,2,EGP 312,28,Wallet,C011,Bicycle,2,26,25,47,,U1021,Delivered,,0
ORD00062,1/27/2025 23:04,El Minya,Corniche El-Nil,El-Abd Minya,Desserts,3,213 EGP,0,Cash,C064,Motorcycle,0.6,7,20,11,,U0548,Delivered,,1
ORD02305,24/06/2025 20:11, Minya,Nazlet Hussein,El-Nil Fish,Fish,1,157,0,Card,C098,Motorcycle,5.7,22,30,44,4,U0175,Delivered,gate closed,1
ORD03949,4/24/2025 17:22,Minya,Shalaby,Sheikh El-Balad,Grills,4,554 EGP,0,Wallet,C047,Tuk-tuk,1.1,34,25,31,4,U0731,Delivered,,1
ORD00550,6/26/2025 22:28,Minya ,El-Mahatta,Pizza Roma,Pizza,1,EGP 128,15,Cash,C082,Bicycle,4.1,21,30,44,4,U1025,Delivered,,0
ORD01359,29/03/2025 19:42, Minya,Corniche El-Nil,Samak El-Balad,Fish,5,861 EGP,0,Card,C021,Bicycle,3.6,24,30,58,,U0009,Delivered,,0
ORD01627,3/19/2025 13:11,El Minya,Wast El-Balad,Crispy House,Burgers,5,305,0,Wallet,C022,Motorcycle,2.2,18,25,22,5,U0253,Delivered,,0
ORD00030,1/13/2025 14:17,Abu Qurqas,Abu Qurqas,El-Abd Minya,Desserts,5,217,22,Card,C042,Motorcycle,16.7,18,55,66,4,U0917,Delivered,,1
ORD00567,6/18/2025 21:40,Minya ,Wast El-Balad,Koshary El-Sheikh,Egyptian,1,58 EGP,0,Cash,C023,Bicycle,1.2,6,25,24,4,U1415,Delivered,,1
ORD00032,3/11/2025 19:51,Minya,Nazlet Hussein,Om Ali House,Desserts,1,56,0,Card,C086,Tuk-tuk,4.9,11,30,51,,U0379,Delivered,,0
ORD03269,2/12/2025 12:36,Minya,El-Mahatta,El-Dawar,Egyptian,1,EGP 55,0,Wallet,C053,Bicycle,1.6,12,25,21,5,U1184,Delivered,,1
ORD01999,1/26/2025 12:33,El-Minya,Shalaby,El-Abd Minya,Desserts,6,275 EGP,0,Cash,C039,Motorcycle,4,4,30,7,,U0206,Delivered,gate closed,0
ORD00244,3/17/2025 21:08,ABU QURQAS,Abu Qurqas,El-Dawar,Egyptian,2,EGP 106,0,Wallet,C106,Tuk-tuk,17.8,13,60,77,4,U0523,Delivered,,0
ORD01910,2/4/2025 16:23,Minya,El-Mahatta,Bites Burger,Burgers,5,426,0,Card,C099,Bicycle,2.6,12,25,21,5,U0067,Delivered,,0
ORD01065,17/02/2025 21:15,Minya,El-Sahel,Tamara Sweets,Desserts,1,63 EGP,0,Wallet,C061,Motorcycle,3,9,25,24,4,U0753,Delivered,,1
ORD00017,25/06/2025 20:55,El Minya,Wast El-Balad,Bahary Corner,Fish,2,EGP 336,0,Cash,C028,Bicycle,2.3,32,25,49,,U0211,Delivered,,0
ORD02966,4/11/2025 12:24,Menia,Ard Sultan,Basbousa Bar,Desserts,5,269,0,Card,C076,Motorcycle,5.3,10,30,27,,U0799,Delivered,,1
ORD01806,30/05/2025 13:19,minya,Nazlet Hussein,Tamara Sweets,Desserts,3,EGP 170,31,Card,C075,Bicycle,6.4,10,35,32,5,U1305,Delivered,,1
ORD00684,5/26/2025 20:22,Minya,El-Sahel,Sheikh El-Balad,Grills,6,"1,018 EGP",128,Cash,C046,Tuk-tuk,4.5,22,30,45,4,U0890,Delivered,,1
ORD03161,4/23/2025 21:41,Minya,Shalaby,Koshary El-Sheikh,Egyptian,4,199 EGP,23,Wallet,C054,Bicycle,5,12,30,45,,U0669,Delivered,,0
ORD03776,6/21/2025 20:10,Minya,Abu Helal,Forno Nile,Pizza,4,294 EGP,0,Card,C085,Motorcycle,1.4,27,25,33,5,U0510,Delivered,,0
ORD02476,1/3/2025 19:51,Minya,Shalaby,Farag Kebab,Grills,6,886,0,Cash,C077,Motorcycle,6.3,20,35,39,,U1046,Delivered,,1
ORD02740,4/29/2025 19:58,El-Minya,Abu Helal,Slice Minya,Pizza,1,113 EGP,0,Cash,C032,Motorcycle,4.9,13,30,45,3,U0510,Delivered,,1
ORD01217,1/5/2025 19:53,Minya,El-Sahel,Crispy House,Burgers,2,112 EGP,0,Card,C061,Motorcycle,3,15,25,33,4,U0899,Delivered,,0
ORD01853,23/06/2025 19:12,Minya,Nazlet Hussein,Foul El-Mahatta,Egyptian,6,184 EGP,12,Cash,C075,Motorcycle,5.1,13,30,43,,U0957,Delivered,,0
ORD04086,11/6/2025 21:14,El-Minya,Ard Sultan,El-Abd Minya,Desserts,2,124 EGP,0,Card,C109,Tuk-tuk,3.9,9,30,19,5,U0983,Delivered,,1
ORD02584,6/20/2025 20:32,Minya ,Ard Sultan,Tamara Sweets,Desserts,6,369 EGP,57,Cash,C035,Bicycle,2.9,7,25,35,2,U1471,Delivered,,0
ORD03059,1/14/2025 22:25,Menia,Corniche El-Nil,Tamara Sweets,Desserts,3,EGP 232,58,Cash,C014,Tuk-tuk,0.6,4,20,0,4,U0983,Delivered,,0
ORD02744,4/13/2025 13:49,Abu Qorqas,Abu Qurqas,Forno Nile,Pizza,3,358 EGP,27,Card,C015,Bicycle,16.6,30,55,137,1,U0778,Delivered,,0
ORD00523,6/10/2025 15:53,El Minya,Corniche El-Nil,Sultan Grill,Grills,1,137 EGP,27,Card,C026,Bicycle,0.6,16,20,19,5,U1396,Delivered,,1
ORD01259,6/9/2025 23:28,Minya,Shalaby,El-Nil Fish,Fish,4,407,42,Card,C009,Bicycle,4.5,26,30,47,3,U0127,Delivered,,0
ORD01051,27/01/2025 20:33,Minya ,El-Gamaa,Slice Minya,Pizza,6,621,0,Cash,C025,Motorcycle,5.2,17,30,48,4,U1361,Delivered,,0
ORD02626,2/18/2025 18:16,Minya,El-Mahatta,Samak El-Balad,Fish,4,627 EGP,82,Card,C049,Motorcycle,1.7,27,25,32,5,U0445,Delivered,,1
ORD01615,1/16/2025 23:51,Menia,Wast El-Balad,Bites Burger,Burgers,2,169 EGP,28,Card,C028,Bicycle,2.7,13,25,18,,U1023,Delivered,,1
ORD01932,2/6/2025 17:42,Minya,Abu Helal,El-Abd Minya,Desserts,3,EGP 162,0,Cash,C044,Bicycle,2.6,5,25,17,5,U1116,Delivered,,0
ORD03964,5/9/2025 19:20,Minya,Nazlet Hussein,Hadouta Masreya,Egyptian,6,301,27,Card,C024,Tuk-tuk,9.3,18,40,58,5,U0523,Delivered,,0
ORD01352,5/18/2025 15:18,Minya,Wast El-Balad,Bites Burger,Burgers,5,411 EGP,0,Wallet,C067,Motorcycle,2.6,18,25,30,5,U1457,Delivered,address unclear,0
ORD01727,4/6/2025 12:22,MINYA,Wast El-Balad,Foul El-Mahatta,Egyptian,6,EGP 236,0,Cash,C097,Motorcycle,2.1,9,25,15,5,U1429,Delivered,,1
ORD00360,2/10/2025 19:08,Minya,El-Mahatta,Forno Nile,Pizza,1,126,0,Card,C101,Motorcycle,1.7,31,25,39,4,U0011,Delivered,,1
ORD00169,13/04/2025 21:29,Minya,El-Mahatta,Koshary El-Sheikh,Egyptian,6,181 EGP,24,Card,C014,Motorcycle,0.6,7,20,23,4,U0193,Delivered,,0
ORD04175,7/6/2025 19:28,MINYA,Ard Sultan,Pizza Roma,Pizza,3,115 EGP,17,Card,C012,Motorcycle,0,16,35,38,5,U0170,Delivered,,1
ORD01521,6/24/2025 20:53,new minya,New Minya,Pizza Roma,Pizza,4,EGP 390,91,Cash,C074,Motorcycle,11.4,16,45,54,,U0294,Delivered,,1
ORD03053,9/3/2025 19:15,El Minya,Shalaby,Sultan Grill,Grills,6,"EGP 1,278",286,Cash,C078,Motorcycle,4.2,19,30,37,5,U0960,Delivered,,1
ORD02422,4/6/2025 13:12,minya,El-Gamaa,Slice Minya,Pizza,2,141 EGP,33,Cash,C109,Bicycle,7.9,20,35,67,2,U0595,Delivered,,0
ORD00194,2/17/2025 21:04,Minya,El-Sahel,Sheikh El-Balad,Grills,3,424 EGP,0,Card,C002,Motorcycle,6.3,32,35,48,,U0278,Delivered,,0
ORD04051,5/21/2025 23:03,Minya,El-Sahel,Om Ali House,Desserts,3,EGP 167,0,Cash,C074,Bicycle,4.6,6,30,33,4,U0047,Delivered,,0
ORD02580,4/29/2025 22:09,Minya,Abu Helal,Bahary Corner,Fish,2,210,17,Card,C044,Tuk-tuk,1.9,23,25,27,5,U0166,Delivered,,0
ORD01452,5/4/2025 23:48,Minya,Abu Helal,Bahary Corner,Fish,6,895,0,Wallet,C008,Tuk-tuk,2.7,29,25,36,4,U1407,Delivered,,0
ORD02612,25/06/2025 21:51, Minya,El-Mahatta,Farag Kebab,Grills,4,554 EGP,0,Cash,C083,Motorcycle,3.9,18,30,39,5,U0905,Delivered,,1
ORD03568,6/18/2025 19:55,Minya,Wast El-Balad,Burger Corniche,Burgers,2,121,0,Card,C110,Bicycle,2.4,13,25,34,3,U1312,Delivered,,0
ORD00776,5/5/2025 21:42,abu qurqas,Abu Qurqas,Crispy House,Burgers,5,EGP 475,27,Card,C090,Motorcycle,16,14,55,61,5,U1456,Delivered,,1
ORD03373,2/18/2025 21:26,Minya,Wast El-Balad,Burger Corniche,Burgers,2,145,32,Cash,C046,Bicycle,0.6,17,20,24,5,U0530,Delivered,,1
ORD01901,4/23/2025 19:42,Menia,El-Sahel,Slice Minya,Pizza,2,116 EGP,17,Cash,C057,Motorcycle,4.5,14,30,0,5,U0128,Delivered,,1
ORD03617,13/01/2025 20:52,El Minya,Wast El-Balad,El-Nil Fish,Fish,5,922 EGP,0,Card,C108,Tuk-tuk,0.6,30,20,43,4,U0612,Delivered,,0
ORD02722,23/03/2025 18:02,Minya,Nazlet Hussein,Koshary El-Sheikh,Egyptian,3,EGP 175,17,Cash,C065,Tuk-tuk,5.6,10,30,28,4,U0444,Delivered,,1
ORD02032,3/27/2025 13:14,Minya,Abu Helal,Om Ali House,Desserts,4,292 EGP,0,Wallet,C080,Motorcycle,3.2,9,25,13,4,U0396,Delivered,,1
ORD02715,2/9/2025 12:33,Menia,Shalaby,Burger Corniche,Burgers,5,355,57,Cash,C007,Tuk-tuk,4.2,12,30,28,,U0310,Delivered,,0
ORD02192,2/22/2025 16:40,Minya,Nazlet Hussein,Forno Nile,Pizza,6,EGP 428,76,Card,C093,Motorcycle,7.6,28,35,45,4,U1401,Delivered,customer not answering,1
ORD02704,3/23/2025 18:35,El-Minya,El-Mahatta,Samak El-Balad,Fish,3,EGP 340,0,Cash,C092,Tuk-tuk,3,26,25,43,3,U0641,Delivered,,0
ORD00409,4/30/2025 23:49,El Minya,Abu Helal,Farag Kebab,Grills,2,313,0,Card,C089,Motorcycle,5.1,20,30,29,5,U1172,Delivered,,0
ORD02046,24/06/2025 19:47,Abu Qorqas,Abu Qurqas,Bites Burger,Burgers,4,307,0,Cash,C028,Motorcycle,14.4,12,50,65,4,U0027,Delivered,,0
ORD00387,3/30/2025 13:36,minya,El-Sahel,Om Ali House,Desserts,1,53 EGP,0,Card,C078,Bicycle,5,13,30,43,4,U0138,Delivered,,0
ORD03107,1/26/2025 18:04,Menia,El-Gamaa,Sultan Grill,Grills,5,867 EGP,0,Cash,C028,Motorcycle,5.5,20,30,36,,U1330,Delivered,,0
ORD04160,3/31/2025 18:53,Minya,Corniche El-Nil,Tamara Sweets,Desserts,3,197,0,Cash,C093,Motorcycle,0.9,7,20,14,4,U0136,Delivered,,0
ORD03474,5/9/2025 16:49,Minya,Ard Sultan,Om Ali House,Desserts,5,188 EGP,0,Cash,C050,Bicycle,4,9,30,,,U0664,Cancelled,,
ORD00845,4/5/2025 16:07,Minya ,Ard Sultan,El-Dawar,Egyptian,2,87 EGP,18,Wallet,C045,Motorcycle,0.6,12,20,13,5,U0964,Delivered,,1
ORD00696,4/30/2025 22:07,El Minya,Ard Sultan,Forno Nile,Pizza,4,510 EGP,99,Cash,C071,Tuk-tuk,2,25,25,31,5,U0079,Delivered,,0
ORD00111,2/27/2025 18:02,Menia,El-Mahatta,Hadouta Masreya,Egyptian,5,217,31,Cash,C059,Motorcycle,2.6,9,25,14,4,U1105,Delivered,,1
ORD01423,4/4/2025 14:14,Abu Qurqas,Abu Qurqas,El-Nil Fish,Fish,1,EGP 154,0,Cash,C054,Motorcycle,15.6,24,55,65,3,U0521,Delivered,,0
ORD02749,6/3/2025 15:33,minya,El-Gamaa,Koshary El-Sheikh,Egyptian,6,331,36,Cash,C095,Motorcycle,5.3,18,30,38,4,U0033,Delivered,,1
ORD04008,14/02/2025 15:58,Minya,Shalaby,Crispy House,Burgers,2,169,0,Wallet,C059,Bicycle,5.1,22,30,51,3,U1003,Delivered,,0
ORD00761,27/04/2025 12:18,Abu Qurqas,Abu Qurqas,Tamara Sweets,Desserts,1,56,0,Card,C024,Tuk-tuk,16.3,8,55,63,4,U0851,Delivered,,1
ORD00751,5/1/2025 18:45,Minya,El-Sahel,Bites Burger,Burgers,3,EGP 259,25,Cash,C063,Tuk-tuk,,13,30,27,5,U0520,Delivered,,1
ORD02921,2/27/2025 21:01,El Minya,El-Gamaa,El-Dawar,Egyptian,5,EGP 305,0,Card,C057,Motorcycle,5.2,11,30,37,,U0455,Delivered,,1
ORD01955,23/06/2025 20:08,Minya,Wast El-Balad,Samak El-Balad,Fish,4,530,0,Card,C014,Motorcycle,1.5,20,25,36,4,U0941,Delivered,,1
ORD03222,2/11/2025 16:38,MINYA,Nazlet Hussein,Burger Corniche,Burgers,4,377,33,Cash,C071,Tuk-tuk,6.8,19,35,45,5,U0900,Delivered,,1
ORD03928,6/21/2025 21:09,New Minya,New Minya,Slice Minya,Pizza,4,297,0,Cash,C098,Motorcycle,9.6,14,40,56,,U1415,Delivered,,1
ORD03722,4/22/2025 18:32,new minya,New Minya,Bahary Corner,Fish,2,364,0,Card,C008,Bicycle,12.6,28,45,106,2,U1345,Delivered,,0
ORD03859,5/12/2025 17:54,New Minya ,New Minya,El-Abd Minya,Desserts,4,164 EGP,0,Card,C082,Motorcycle,11,8,45,32,5,U0993,Delivered,,1
ORD03683,5/17/2025 21:42,Minya,Corniche El-Nil,Sultan Grill,Grills,2,451,0,Card,C102,Tuk-tuk,2.5,17,25,33,4,U0462,Delivered,,0
ORD03839,6/18/2025 13:17, Minya,Shalaby,Om Ali House,Desserts,6,332 EGP,0,Card,C107,Motorcycle,3.1,7,25,,,U1241,Cancelled,,
ORD01584,5/18/2025 16:52,Minya,El-Mahatta,El-Dawar,Egyptian,2,121,0,Cash,C044,Tuk-tuk,1.1,19,25,17,5,U0994,Delivered,,1
ORD02748,2/14/2025 14:07,Minya,Nazlet Hussein,Crispy House,Burgers,5,260 EGP,0,Cash,C015,Motorcycle,8.1,12,40,25,5,U0642,Delivered,,1
ORD01836,2/26/2025 13:07,Menia,Abu Helal,Pizza Roma,Pizza,3,181,19,Cash,C069,Motorcycle,1.3,18,25,16,4,U0504,Delivered,,0
ORD02677,5/4/2025 16:37,Menia,El-Gamaa,Tamara Sweets,Desserts,3,EGP 149,0,Cash,C108,Tuk-tuk,5.1,8,30,22,5,U1464,Delivered,,0
ORD00907,6/27/2025 19:07, Abu Qurqas,Abu Qurqas,Samak El-Balad,Fish,1,184,28,Cash,C062,Motorcycle,15.2,18,50,68,3,U1269,Delivered,,0
ORD02633,2/7/2025 18:08,Menia,Shalaby,El-Nil Fish,Fish,1,170 EGP,0,Cash,C038,Motorcycle,2,29,25,38,4,U0546,Delivered,,1
ORD00657,3/13/2025 14:09,Minya,El-Gamaa,Om Ali House,Desserts,6,EGP 349,0,Card,C069,Bicycle,6,7,35,34,5,U0038,Delivered,re-assigned,1
ORD01006,3/26/2025 19:49,El-Minya,Corniche El-Nil,Burger Corniche,Burgers,3,204,0,Card,C059,Motorcycle,1.5,10,25,31,5,U1013,Delivered,,0
ORD00857,2/10/2025 21:53,El Minya,Ard Sultan,Hadouta Masreya,Egyptian,2,116 EGP,18,Wallet,C025,Motorcycle,3.5,12,30,28,5,U1450,Delivered,,1
ORD02017,5/21/2025 13:37,Minya,Corniche El-Nil,Bahary Corner,Fish,4,EGP 429,67,Card,C043,Bicycle,3.9,35,30,58,,U1302,Delivered,,0
ORD02492,6/30/2025 13:23,Minya,El-Gamaa,Foul El-Mahatta,Egyptian,1,45,6,Cash,C075,Bicycle,5.1,12,30,49,3,U0441,Delivered,,1
ORD01922,2/7/2025 15:08,Minya,El-Mahatta,Pizza Roma,Pizza,4,511 EGP,69,Cash,C093,Motorcycle,4.7,18,30,36,4,U0799,Delivered,,1
ORD03857,6/7/2025 16:01,Abu Qurqas,Abu Qurqas,Crispy House,Burgers,3,274,0,Cash,C079,Motorcycle,15.8,17,55,55,5,U0781,Delivered,,1
ORD03302,3/6/2025 21:05,New Minya,New Minya,Burger Corniche,Burgers,3,211 EGP,38,Wallet,C010,Bicycle,11.2,17,45,96,,U1196,Delivered,,0
ORD00921,2/9/2025 14:37,MINYA,El-Gamaa,Farag Kebab,Grills,4,473,0,Wallet,C055,Bicycle,6.7,14,35,48,5,U0258,Delivered,,1
ORD00190,1/25/2025 11:37,Abu Qurqas,Abu Qurqas,Sheikh El-Balad,Grills,1,170,0,Card,C009,Motorcycle,16.8,32,55,74,4,U0046,Delivered,,0
ORD03578,3/12/2025 19:12,Minya,Wast El-Balad,Farag Kebab,Grills,4,356,0,Wallet,C007,Motorcycle,2.4,21,25,26,5,U0498,Delivered,,0
ORD02775,20/05/2025 20:41,El Minya,El-Mahatta,Pizza Roma,Pizza,4,378,0,Card,C086,Tuk-tuk,1.5,17,25,42,4,U0935,Delivered,,0
ORD03703,2/25/2025 21:36,New Minya,New Minya,El-Abd Minya,Desserts,2,106 EGP,25,Card,C036,Bicycle,11.5,11,45,95,1,U1067,Delivered,,0
ORD02869,24/03/2025 23:42,Minya,Wast El-Balad,Samak El-Balad,Fish,1,179 EGP,0,Cash,C045,Motorcycle,0.6,21,20,22,4,U1450,Delivered,,1
ORD03320,2/4/2025 11:40,Minya,Abu Helal,Om Ali House,Desserts,1,EGP 69,16,Card,C026,Bicycle,2.8,10,25,25,5,U0802,Delivered,,1
ORD00972,7/3/2025 13:44,Minya,Abu Helal,El-Abd Minya,Desserts,5,294,0,Wallet,C059,Motorcycle,3.3,12,25,20,4,U0353,Delivered,,1
ORD03637,2/13/2025 21:39,Minya,Ard Sultan,Sheikh El-Balad,Grills,6,EGP 796,0,Cash,C069,Motorcycle,2.7,29,25,44,3,U0485,Delivered,,1
ORD01773,22/05/2025 11:45,Minya,Wast El-Balad,El-Nil Fish,Fish,1,107,0,Card,C107,Bicycle,1.9,26,25,32,4,U1001,Delivered,,1
ORD00863,4/16/2025 18:05,Minya,El-Sahel,El-Abd Minya,Desserts,1,53,0,Card,C066,Bicycle,6.6,9,35,41,4,U0805,Delivered,,1
ORD01976,6/4/2025 18:52,Minya,Wast El-Balad,El-Abd Minya,Desserts,3,156 EGP,27,Card,C069,Bicycle,2.8,13,25,29,4,U0864,Delivered,,1
ORD03464,6/28/2025 23:19,Minya,Corniche El-Nil,Foul El-Mahatta,Egyptian,4,EGP 143,0,Card,C091,Tuk-tuk,2.6,8,25,17,5,U1292,Delivered,,0
ORD03438,5/2/2025 11:35, Minya,Ard Sultan,Bites Burger,Burgers,6,638,0,Card,C078,Motorcycle,1.9,16,25,25,,U0734,Delivered,,0
ORD03614,1/11/2025 19:56,Minya,Wast El-Balad,Tamara Sweets,Desserts,2,132,0,Cash,C077,Motorcycle,2.4,10,25,36,5,U0574,Delivered,,1
ORD02592,1/2/2025 21:43,Minya,El-Gamaa,Foul El-Mahatta,Egyptian,4,EGP 175,21,Cash,C109,Motorcycle,7,4,35,29,4,U1309,Delivered,,1
ORD00830,4/6/2025 14:56,Minya,Shalaby,Burger Corniche,Burgers,2,177 EGP,21,Cash,C013,Motorcycle,4.6,15,30,22,5,U1321,Delivered,,1
ORD03936,6/27/2025 12:13,Minya,El-Gamaa,El-Abd Minya,Desserts,3,128,0,Card,C099,Motorcycle,5.8,9,35,17,,U0563,Delivered,,1
ORD02497,5/21/2025 13:35,Minya,El-Mahatta,Foul El-Mahatta,Egyptian,1,57,7,Card,C049,Bicycle,1.2,12,25,20,4,U1341,Delivered,,1
ORD00139,5/22/2025 13:59,Minya,El-Mahatta,Koshary El-Sheikh,Egyptian,4,249,0,Cash,C070,Motorcycle,3.7,15,30,30,5,U0252,Delivered,,0
ORD00969,4/2/2025 15:42,Minya,Corniche El-Nil,Farag Kebab,Grills,1,EGP 157,32,Cash,C073,Motorcycle,2.3,23,25,30,5,U1064,Delivered,,0
ORD03917,5/26/2025 12:53,Minya,El-Sahel,Sheikh El-Balad,Grills,3,EGP 465,0,Card,C044,Motorcycle,4.3,27,30,35,4,U0052,Delivered,,0
ORD02976,2/11/2025 19:18,Minya,Nazlet Hussein,Hadouta Masreya,Egyptian,1,45,0,Cash,C018,Tuk-tuk,6.3,14,35,42,4,U1373,Delivered,,0
ORD01372,22/02/2025 12:08, Minya,Wast El-Balad,Basbousa Bar,Desserts,6,418 EGP,0,Card,C040,Motorcycle,1.9,9,25,17,4,U1470,Delivered,,0
ORD01663,3/15/2025 12:08,El-Minya,Shalaby,El-Abd Minya,Desserts,2,85,0,Cash,C040,Motorcycle,5.6,7,30,16,4,U0852,Delivered,,0
ORD00719,22/03/2025 20:03,Minya,El-Gamaa,Sultan Grill,Grills,4,537,0,Cash,C042,Motorcycle,5.7,14,30,45,3,U0223,Delivered,,0
ORD00246,4/11/2025 23:19,Menia,Corniche El-Nil,Crispy House,Burgers,5,354,0,Cash,C094,Tuk-tuk,0.6,15,20,18,5,U0275,Delivered,,1
ORD02746,2/21/2025 17:58,minya,Abu Helal,Samak El-Balad,Fish,4,528,86,Cash,C074,Tuk-tuk,1.1,25,25,23,5,U0939,Delivered,,1
ORD00202,4/19/2025 12:57,MINYA,El-Mahatta,Crispy House,Burgers,2,152,24,Cash,C085,Motorcycle,2.1,20,25,25,5,U0346,Delivered,,1
ORD00456,1/8/2025 14:38,El-Minya,Shalaby,Tamara Sweets,Desserts,6,316,52,Card,C012,Motorcycle,3.2,6,25,16,5,U1476,Delivered,,0
ORD03522,2/15/2025 19:37,El-Minya,Abu Helal,Sheikh El-Balad,Grills,1,120 EGP,0,Wallet,C108,Motorcycle,2.4,23,25,36,,U0814,Delivered,,0
ORD01249,6/26/2025 14:24,Minya,Nazlet Hussein,El-Abd Minya,Desserts,4,135 EGP,23,Cash,C107,Bicycle,5.2,4,30,32,4,U0191,Delivered,,0
ORD01153,2/14/2025 20:20,El Minya,Corniche El-Nil,Sultan Grill,Grills,5,776 EGP,0,Card,C032,Bicycle,1,23,25,40,5,U1387,Delivered,,0
ORD00117,23/01/2025 18:59, Minya,Ard Sultan,Hadouta Masreya,Egyptian,1,59 EGP,0,Cash,C030,Bicycle,3,18,25,36,4,U0725,Delivered,,0
ORD01480,24/03/2025 15:14,Menia,El-Sahel,Sheikh El-Balad,Grills,2,334,55,Cash,C086,Bicycle,3.8,31,30,46,4,U0612,Delivered,,0
ORD02899,5/23/2025 19:51,Minya,Ard Sultan,Hadouta Masreya,Egyptian,5,EGP 213,33,Card,C046,Tuk-tuk,2.4,10,25,24,5,U0430,Delivered,,1
ORD00732,6/12/2025 11:34,Minya,Wast El-Balad,Crispy House,Burgers,6,650,0,Cash,C025,Bicycle,1.4,16,25,29,4,U1113,Delivered,,1
ORD00219,3/22/2025 19:43,New Minya ,New Minya,Om Ali House,Desserts,3,179 EGP,0,Wallet,C091,Motorcycle,11.6,6,45,38,4,U1497,Delivered,,1
ORD01790,4/18/2025 23:59,Minya,Ard Sultan,Basbousa Bar,Desserts,6,EGP 302,16,Card,C085,Motorcycle,3.3,7,25,13,5,U0247,Delivered,,1
ORD01655,5/28/2025 17:34,Minya ,Abu Helal,Tamara Sweets,Desserts,4,269 EGP,0,Cash,C043,Bicycle,5.1,7,30,36,4,U0835,Delivered,,0
ORD00866,2/20/2025 19:10,Minya,Corniche El-Nil,Hadouta Masreya,Egyptian,6,292,73,Card,C001,Bicycle,2.5,19,25,40,,U0774,Delivered,,0
ORD02155,3/25/2025 18:13,minya,Nazlet Hussein,El-Abd Minya,Desserts,1,EGP 67,11,Wallet,C018,Motorcycle,7.3,9,35,29,5,U0609,Delivered,,0
ORD01890,24/06/2025 13:51,Menia,El-Gamaa,El-Dawar,Egyptian,2,83,0,Cash,C031,Tuk-tuk,5.3,16,30,32,5,U1314,Delivered,,1
ORD03569,3/26/2025 13:01,Abu Qurqas,Abu Qurqas,Crispy House,Burgers,2,146,13,Cash,C073,Tuk-tuk,16.6,18,55,68,3,U1225,Delivered,,0
ORD01661,5/15/2025 19:53,Menia,Nazlet Hussein,Sheikh El-Balad,Grills,6,991 EGP,215,Card,C065,Bicycle,6,31,35,79,2,U0570,Delivered,,0
ORD02125,3/3/2025 17:58,Minya,El-Sahel,Sheikh El-Balad,Grills,6,691 EGP,95,Cash,C065,Motorcycle,4.8,34,30,42,4,U0210,Delivered,address unclear,1
ORD03158,5/26/2025 14:41,Minya,Corniche El-Nil,Burger Corniche,Burgers,6,460 EGP,44,Cash,C040,Motorcycle,2.1,21,25,24,5,U1365,Delivered,,1
ORD03997,2/2/2025 12:21,NEW MINYA,New Minya,Om Ali House,Desserts,4,EGP 305,0,Cash,C051,Motorcycle,11.6,8,45,34,5,U0759,Delivered,,1
ORD00206,8/4/2025 18:58,abu qurqas,Abu Qurqas,Sheikh El-Balad,Grills,1,163 EGP,0,Cash,C058,Tuk-tuk,16.2,33,55,86,2,U1008,Delivered,,0
ORD01077,3/31/2025 18:36,Menia,Abu Helal,Farag Kebab,Grills,2,EGP 243,0,Cash,C064,Bicycle,3.8,21,30,31,4,U1242,Delivered,,0
ORD03971,2/21/2025 22:50,Minya,Wast El-Balad,El-Nil Fish,Fish,3,EGP 471,0,Cash,C037,Motorcycle,3.6,17,30,14,5,U0267,Delivered,,1
ORD01300,5/10/2025 20:18,Minya,El-Mahatta,Samak El-Balad,Fish,4,EGP 424,52,Cash,C098,Bicycle,4.3,19,30,51,,U1012,Delivered,,0
ORD03774,4/16/2025 18:37, Minya,Shalaby,Forno Nile,Pizza,2,251,30,Cash,C052,Tuk-tuk,4.3,25,30,34,5,U0101,Delivered,,1
ORD00300,1/6/2025 12:33,Minya,Shalaby,El-Nil Fish,Fish,4,547,0,Wallet,C071,Bicycle,3.9,21,30,41,,U1452,Delivered,,1
ORD00708,2/23/2025 19:05,Minya,El-Gamaa,Hadouta Masreya,Egyptian,3,108 EGP,0,Cash,C063,Tuk-tuk,6.3,7,35,43,4,U0320,Delivered,,0
ORD04105,2/13/2025 17:08,Minya,El-Mahatta,Slice Minya,Pizza,4,498,31,Cash,C082,Tuk-tuk,2.4,22,25,30,4,U0907,Delivered,,1
ORD03069,16/02/2025 19:00,minya,El-Sahel,El-Abd Minya,Desserts,2,100 EGP,0,Cash,C098,Motorcycle,4.6,9,30,31,5,U0484,Delivered,,1
ORD03097,6/19/2025 11:52,Minya,Ard Sultan,Slice Minya,Pizza,5,EGP 225,0,Cash,C094,Tuk-tuk,1.9,18,25,26,4,U1350,Delivered,,1
ORD02182,4/23/2025 16:54,New Minya,New Minya,Crispy House,Burgers,1,79,0,Card,C010,Motorcycle,11.1,9,45,36,4,U1094,Delivered,,0
ORD03046,4/6/2025 19:19,Minya,Wast El-Balad,El-Nil Fish,Fish,6,"1,130 EGP",0,Cash,C095,Motorcycle,2.3,25,25,41,,U1365,Delivered,,1
ORD04194,3/13/2025 22:11,Minya,Ard Sultan,Sheikh El-Balad,Grills,6,EGP 571,0,Wallet,C015,Motorcycle,3,34,25,38,4,U0782,Delivered,,1
ORD01137,6/1/2025 17:29,MINYA,Abu Helal,Hadouta Masreya,Egyptian,3,EGP 185,0,Wallet,C010,Motorcycle,3.2,13,25,29,5,U0402,Delivered,,1
ORD03084,3/12/2025 14:13,New Minya,New Minya,Pizza Roma,Pizza,2,211 EGP,33,Cash,C081,Motorcycle,11.7,19,45,43,4,U1139,Delivered,,0
ORD02610,2/4/2025 19:18,El Minya,Shalaby,El-Dawar,Egyptian,5,EGP 157,32,Cash,C027,Motorcycle,3.2,21,25,42,4,U1046,Delivered,,1
ORD03987,1/24/2025 23:39,Abu Qurqas,Abu Qurqas,Sheikh El-Balad,Grills,5,EGP 695,0,Cash,C025,Tuk-tuk,15.5,29,55,80,3,U0597,Delivered,,1
ORD03304,3/1/2025 20:02,Minya,Nazlet Hussein,Bahary Corner,Fish,5,886 EGP,0,Card,C087,Motorcycle,5.7,38,30,62,4,U0997,Delivered,,1
ORD03385,6/6/2025 19:08,Minya,El-Gamaa,Hadouta Masreya,Egyptian,1,EGP 67,15,Wallet,C101,Bicycle,4.9,9,30,47,5,U0463,Delivered,address unclear,0
ORD01444,6/14/2025 16:15,Minya,El-Gamaa,Tamara Sweets,Desserts,2,129 EGP,0,Card,C045,Bicycle,5.6,9,30,41,4,U1428,Delivered,address unclear,1
ORD01484,3/3/2025 14:38,Minya,Corniche El-Nil,Om Ali House,Desserts,6,352 EGP,21,Card,C018,Bicycle,5.2,6,30,25,5,U0999,Delivered,,1
ORD02851,3/10/2025 16:03,MINYA,Abu Helal,Bahary Corner,Fish,5,548,0,Wallet,C021,Bicycle,4.8,31,30,52,3,U0035,Delivered,,0
ORD01438,30/04/2025 16:41,El-Minya,Abu Helal,Crispy House,Burgers,5,356 EGP,0,Cash,C088,Tuk-tuk,3.5,16,30,32,,U1262,Delivered,,1
ORD02015,2/11/2025 12:21,minya,El-Mahatta,Bites Burger,Burgers,4,312 EGP,0,Wallet,C044,Bicycle,3,17,25,33,4,U1173,Delivered,,1
ORD02349,5/17/2025 14:36,New Minya ,New Minya,Bites Burger,Burgers,6,553 EGP,0,Cash,C004,Bicycle,10.9,15,45,80,3,U0246,Delivered,,0
ORD02434,5/28/2025 13:20,Menia,Corniche El-Nil,Koshary El-Sheikh,Egyptian,2,119,0,Cash,C066,Tuk-tuk,2,11,25,12,4,U1211,Delivered,,1
ORD02719,6/23/2025 16:44,El-Minya,El-Mahatta,El-Dawar,Egyptian,2,64,0,Card,C001,Motorcycle,2.5,13,25,10,5,U0511,Delivered,,1
ORD02632,20/06/2025 21:16,minya,Shalaby,Basbousa Bar,Desserts,1,55 EGP,0,Cash,C084,Tuk-tuk,3.5,12,30,40,,U1460,Delivered,,0
ORD01229,5/27/2025 14:11,Minya,Shalaby,Foul El-Mahatta,Egyptian,3,EGP 151,16,Cash,C053,Motorcycle,4.1,8,30,18,4,U1376,Delivered,,1
ORD03405,2/15/2025 19:19,El-Minya,El-Gamaa,Koshary El-Sheikh,Egyptian,4,240 EGP,34,Cash,C044,Bicycle,5.7,5,30,43,4,U1319,Delivered,,0
ORD02264,1/22/2025 18:26,El-Minya,Abu Helal,Samak El-Balad,Fish,1,152,0,Cash,C083,Motorcycle,4.1,23,30,36,5,U0823,Delivered,,1
ORD04003,5/9/2025 15:09, Minya,El-Mahatta,Samak El-Balad,Fish,6,"1,015",189,Cash,C044,Motorcycle,4.4,21,30,38,4,U0926,Delivered,,0
ORD04200,1/4/2025 13:29,Minya ,El-Mahatta,Tamara Sweets,Desserts,2,142,0,Card,C056,Motorcycle,3.8,10,30,19,5,U0021,Delivered,,1
ORD03556,5/5/2025 20:46,Minya,Ard Sultan,El-Dawar,Egyptian,5,EGP 295,0,Cash,C089,Tuk-tuk,3.4,16,30,29,4,U0849,Delivered,,1
ORD02506,30/01/2025 21:00,Minya,El-Mahatta,Foul El-Mahatta,Egyptian,1,EGP 47,6,Cash,C036,Tuk-tuk,3.9,7,30,30,5,U0540,Delivered,,1
ORD02284,1/23/2025 21:10, Minya,Ard Sultan,Basbousa Bar,Desserts,3,208 EGP,0,Wallet,C040,Tuk-tuk,3.7,8,30,41,4,U1361,Delivered,,1
ORD00042,30/06/2025 16:24,minya,El-Mahatta,El-Dawar,Egyptian,5,338,71,Cash,C097,Motorcycle,4.1,19,30,19,4,U1303,Delivered,,0
ORD03530,3/31/2025 19:10,Minya,Wast El-Balad,Basbousa Bar,Desserts,4,EGP 245,47,Cash,C070,Motorcycle,1.7,7,25,12,,U0391,Delivered,,0
ORD00685,5/16/2025 20:49,El-Minya El-Gedida,New Minya,Om Ali House,Desserts,1,59 EGP,0,Card,C068,Bicycle,12.1,9,45,91,,U1033,Delivered,,0
ORD02756,4/10/2025 20:11,Minya,El-Sahel,Om Ali House,Desserts,6,426,0,Wallet,C054,Motorcycle,4,4,30,25,,U0648,Delivered,,0
ORD01013,2/19/2025 21:03,Minya,El-Mahatta,Farag Kebab,Grills,4,EGP 362,0,Cash,C053,Tuk-tuk,3.8,20,30,60,3,U0667,Delivered,,0
ORD03384,1/26/2025 20:58,MINYA,Abu Helal,Slice Minya,Pizza,5,528,0,Cash,C084,Bicycle,3,17,25,54,,U0472,Delivered,,0
ORD03120,16/05/2025 18:43,Abu Qurqas,Abu Qurqas,Farag Kebab,Grills,4,443 EGP,0,Cash,C040,Bicycle,15.2,23,50,128,1,U1289,Delivered,,0
ORD03588,1/28/2025 21:30,minya,El-Mahatta,Tamara Sweets,Desserts,4,153,23,Wallet,C056,Motorcycle,2.9,4,25,18,4,U0099,Delivered,,0
ORD00800,6/10/2025 22:55,New Minya,New Minya,Sultan Grill,Grills,5,640,0,Cash,C099,Motorcycle,12,21,45,38,4,U0057,Delivered,,1
ORD03197,3/31/2025 21:15,Menia,Corniche El-Nil,Pizza Roma,Pizza,1,EGP 129,13,Cash,C040,Motorcycle,1.9,15,25,40,4,U1018,Delivered,,0
ORD04060,3/16/2025 14:20,El Minya,Ard Sultan,El-Abd Minya,Desserts,3,135,9,Card,C020,Tuk-tuk,3.8,11,30,27,5,U1415,Delivered,,1
ORD02616,4/26/2025 12:19,ABU QURQAS,Abu Qurqas,Crispy House,Burgers,1,110 EGP,19,Cash,C074,Motorcycle,15.8,21,55,54,5,U1426,Delivered,,1
ORD00608,31/03/2025 21:20,Minya,El-Gamaa,Slice Minya,Pizza,2,EGP 242,0,Card,C073,Motorcycle,4.6,12,30,29,4,U0935,Delivered,,1
ORD02552,4/5/2025 13:27,minya,Shalaby,Farag Kebab,Grills,4,521 EGP,110,Card,C020,Tuk-tuk,4,22,30,40,5,U0656,Delivered,,0
ORD03016,4/12/2025 23:28,Minya,Corniche El-Nil,Burger Corniche,Burgers,4,335,53,Wallet,C082,Motorcycle,0,11,25,17,4,U0702,Delivered,,1
ORD01278,2/15/2025 19:27,El Minya,Corniche El-Nil,Forno Nile,Pizza,2,EGP 106,0,Cash,C083,Bicycle,1.9,34,25,,,U0693,Cancelled,,
ORD01347,3/18/2025 22:44,Minya,El-Sahel,El-Dawar,Egyptian,5,221 EGP,28,Card,C074,Tuk-tuk,5,10,30,14,4,U0465,Delivered,,0
ORD03029,3/11/2025 16:55,Minya,Abu Helal,El-Nil Fish,Fish,3,267 EGP,0,Card,C100,Tuk-tuk,4.6,25,30,38,5,U0286,Delivered,,0
ORD03479,6/2/2025 13:30,Minya,El-Sahel,El-Dawar,Egyptian,3,152 EGP,0,Cash,C110,Motorcycle,3.1,13,25,21,5,U0150,Delivered,,0
ORD01128,3/9/2025 20:33,New Minya,New Minya,Pizza Roma,Pizza,2,EGP 256,0,Wallet,C036,Tuk-tuk,12.5,19,45,77,,U0292,Delivered,,0
ORD02241,5/9/2025 13:57,Abu Qurqas,Abu Qurqas,El-Abd Minya,Desserts,3,166 EGP,0,Wallet,C061,Motorcycle,17.2,6,55,46,5,U0256,Delivered,,1
ORD02759,3/24/2025 18:03,Minya,El-Sahel,El-Dawar,Egyptian,6,385 EGP,0,Wallet,C081,Motorcycle,5.7,13,30,21,5,U0932,Delivered,,1
ORD01866,19/05/2025 18:51,Minya,Ard Sultan,Basbousa Bar,Desserts,5,226 EGP,44,Card,C048,Motorcycle,3.7,18,30,30,5,U1316,Delivered,,1
ORD01844,3/30/2025 19:57,Minya,Nazlet Hussein,Hadouta Masreya,Egyptian,5,296,0,Wallet,C010,Motorcycle,7.2,7,35,32,5,U0320,Delivered,,1
ORD02495,16/04/2025 22:28,Minya,Wast El-Balad,Foul El-Mahatta,Egyptian,3,128,13,Card,C064,Bicycle,1.8,9,25,18,5,U0851,Delivered,,1
ORD01417,2/27/2025 19:46,Minya,El-Mahatta,El-Abd Minya,Desserts,3,164 EGP,0,Wallet,C092,Motorcycle,1.4,11,25,14,5,U1350,Delivered,,1
ORD02345,19/05/2025 17:56,El-Minya,Ard Sultan,Foul El-Mahatta,Egyptian,3,187,0,Card,C062,Motorcycle,1.9,9,25,15,,U0007,Delivered,customer not answering,0
ORD02365,4/12/2025 22:01,Minya,Shalaby,Sheikh El-Balad,Grills,1,EGP 134,10,Cash,C039,Motorcycle,3.5,29,30,48,,U0546,Delivered,,1
ORD00705,4/26/2025 17:06,El-Minya,Abu Helal,Bahary Corner,Fish,5,EGP 538,91,Cash,C047,Motorcycle,2.5,38,25,43,4,U0343,Delivered,,0
ORD00772,6/2/2025 12:52,Minya,El-Sahel,Slice Minya,Pizza,1,95 EGP,5,Wallet,C041,Motorcycle,5.7,16,30,31,4,U0374,Delivered,,1
ORD02951,4/17/2025 23:43,Minya,Corniche El-Nil,El-Abd Minya,Desserts,2,121 EGP,0,Cash,C033,Tuk-tuk,3,10,25,13,3,U0781,Delivered,gate closed,1
ORD01336,1/23/2025 21:30,Menia,Ard Sultan,Sultan Grill,Grills,3,EGP 470,78,Wallet,C002,Motorcycle,3,16,25,45,3,U1383,Delivered,,0
ORD03063,4/27/2025 14:55,Minya,El-Sahel,Sultan Grill,Grills,3,548,0,Cash,C009,Motorcycle,4.3,10,30,25,4,U0953,Delivered,,0
ORD00528,6/11/2025 19:04,New Minya,New Minya,Bites Burger,Burgers,6,649,0,Cash,C010,Motorcycle,12.3,15,45,51,4,U1205,Delivered,,0
ORD00489,2/15/2025 19:12,Minya,Nazlet Hussein,Tamara Sweets,Desserts,1,EGP 80,0,Wallet,C089,Motorcycle,6.5,4,35,23,5,U0587,Delivered,,1
ORD01350,1/11/2025 19:02,MINYA,Nazlet Hussein,Farag Kebab,Grills,2,EGP 335,0,Cash,C019,Tuk-tuk,7,16,35,60,4,U0694,Delivered,,0
ORD01731,5/29/2025 13:39,Minya,El-Gamaa,Bites Burger,Burgers,5,401 EGP,77,Cash,C068,Motorcycle,5.9,20,35,29,5,U1280,Delivered,,1
ORD02096,5/9/2025 14:10,Minya,Corniche El-Nil,Slice Minya,Pizza,3,311,0,Card,C054,Motorcycle,1,16,25,22,5,U0538,Delivered,,0
ORD01756,4/29/2025 14:54,Minya,Corniche El-Nil,Hadouta Masreya,Egyptian,1,72,8,Cash,C049,Bicycle,2.2,18,25,31,4,U1215,Delivered,,1
ORD03236,3/26/2025 20:59,Minya,Abu Helal,El-Abd Minya,Desserts,1,EGP 59,6,Wallet,C064,Motorcycle,1.6,7,25,17,5,U0297,Delivered,re-assigned,1
ORD00902,22/02/2025 15:24,Minya,Wast El-Balad,Sultan Grill,Grills,2,278 EGP,0,Cash,C056,Motorcycle,1.2,20,25,17,5,U1372,Delivered,,1
ORD01552,5/24/2025 16:34,Minya,Shalaby,Sheikh El-Balad,Grills,2,181,0,Cash,C065,Motorcycle,0,30,30,40,4,U0514,Delivered,,0
ORD03984,1/19/2025 20:41,Minya,El-Mahatta,Burger Corniche,Burgers,3,255 EGP,20,Cash,C084,Motorcycle,2,11,25,27,5,U0180,Delivered,,1
ORD03814,1/29/2025 20:16,NEW MINYA,New Minya,El-Abd Minya,Desserts,6,215 EGP,40,Wallet,C004,Bicycle,11.7,12,45,87,3,U1297,Delivered,,0
ORD03660,1/3/2025 19:24,Minya ,El-Mahatta,Sultan Grill,Grills,3,EGP 337,33,Cash,C087,Bicycle,0.6,16,20,17,,U0558,Delivered,,0
ORD01412,1/11/2025 12:00,Minya,El-Mahatta,Basbousa Bar,Desserts,3,EGP 163,0,Wallet,C040,Bicycle,2.4,13,25,22,5,U0379,Delivered,,0
ORD00680,2/20/2025 14:59,Minya,Corniche El-Nil,El-Dawar,Egyptian,4,157 EGP,0,Card,C103,Motorcycle,2.9,14,25,26,,U0245,Delivered,,1
ORD01777,5/10/2025 20:18,Minya,Corniche El-Nil,Om Ali House,Desserts,5,EGP 218,0,Cash,C104,Tuk-tuk,2.4,8,25,31,4,U0591,Delivered,,1
ORD02664,4/22/2025 21:50,MINYA,Corniche El-Nil,Pizza Roma,Pizza,2,EGP 181,0,Cash,C026,Motorcycle,4.2,23,30,38,5,U1042,Delivered,re-assigned,1
ORD03091,5/16/2025 21:59,Minya,El-Sahel,Burger Corniche,Burgers,4,EGP 283,71,Card,C076,Motorcycle,4.3,11,30,35,5,U0992,Delivered,,1
ORD03460,6/20/2025 12:51,MINYA,Corniche El-Nil,Crispy House,Burgers,1,72 EGP,0,Wallet,C001,Bicycle,2.6,21,25,35,5,U0209,Delivered,,1
ORD00222,21/01/2025 21:47,Minya,El-Mahatta,Sheikh El-Balad,Grills,3,EGP 444,0,Card,C033,Bicycle,2.7,25,25,50,,U1014,Delivered,,0
ORD00086,29/04/2025 13:40,abu qurqas,Abu Qurqas,Slice Minya,Pizza,1,63 EGP,0,Cash,C077,Motorcycle,15.3,16,55,47,4,U0659,Delivered,re-assigned,0
ORD00994,1/13/2025 20:26,minya,Wast El-Balad,Sheikh El-Balad,Grills,2,EGP 286,17,Card,C046,Bicycle,1.6,33,25,,,U0170,Cancelled,,
ORD02084,4/3/2025 19:42,Minya,El-Gamaa,Tamara Sweets,Desserts,6,263 EGP,0,Card,C065,Bicycle,4.4,8,30,50,3,U0851,Delivered,,0
ORD02398,3/14/2025 20:22,Minya,El-Gamaa,Slice Minya,Pizza,6,EGP 662,0,Cash,C043,Motorcycle,6.7,14,35,36,3,U0910,Delivered,,1
ORD03199,5/3/2025 21:43,Minya,Corniche El-Nil,Koshary El-Sheikh,Egyptian,1,66 EGP,14,Cash,C026,Motorcycle,0.7,14,20,31,4,U1371,Delivered,,0
ORD00551,3/18/2025 23:30,El-Minya,El-Sahel,Bahary Corner,Fish,3,391,0,Cash,C095,Motorcycle,4.8,34,30,46,,U1096,Delivered,,1
ORD00418,24/03/2025 19:58,MINYA,Ard Sultan,Pizza Roma,Pizza,6,EGP 687,0,Cash,C089,Bicycle,1.9,16,25,36,5,U0816,Delivered,,0
ORD02116,4/25/2025 20:08,Menia,El-Sahel,Burger Corniche,Burgers,5,574 EGP,0,Card,C092,Motorcycle,2.8,20,25,40,,U1488,Delivered,,0
ORD03090,5/21/2025 13:29, Minya,El-Mahatta,Sultan Grill,Grills,6,938 EGP,97,Wallet,C060,Motorcycle,3.1,19,25,27,4,U0639,Delivered,,1
ORD01682,3/4/2025 14:40,Minya,Shalaby,El-Abd Minya,Desserts,2,64 EGP,0,Wallet,C025,Motorcycle,2.5,7,25,19,5,U1019,Delivered,,0
ORD00045,2/3/2025 18:38,Minya,Shalaby,Bahary Corner,Fish,5,786 EGP,0,Card,C026,Motorcycle,0.6,28,20,31,5,U0467,Delivered,,0
ORD04016,2/20/2025 13:42,Minya,Abu Helal,Bahary Corner,Fish,4,551 EGP,0,Card,C038,Tuk-tuk,3,34,25,42,,U1229,Delivered,,1
ORD02637,6/18/2025 19:09,Minya,Wast El-Balad,Basbousa Bar,Desserts,3,208 EGP,0,Wallet,C110,Motorcycle,3.5,11,30,36,5,U1474,Delivered,,1
ORD00356,18/02/2025 23:18,New Minya ,New Minya,Crispy House,Burgers,6,EGP 559,0,Card,C089,Motorcycle,9.7,18,40,37,5,U0938,Delivered,,1
ORD00811,23/03/2025 11:15,Minya,Corniche El-Nil,Sheikh El-Balad,Grills,4,520 EGP,0,Card,C065,Bicycle,2,37,25,,,U0199,Cancelled,,
ORD03055,28/01/2025 19:01,Minya,Shalaby,Bites Burger,Burgers,2,189,0,Card,C058,Motorcycle,2.5,20,25,35,5,U0723,Delivered,,0
ORD03767,5/17/2025 18:49,Minya,El-Mahatta,Om Ali House,Desserts,4,EGP 234,0,Cash,C003,Tuk-tuk,3.6,4,30,13,5,U0518,Delivered,,0
ORD00794,12/6/2025 22:13,minya,El-Sahel,Sheikh El-Balad,Grills,5,679 EGP,0,Cash,C099,Bicycle,3.9,33,30,58,4,U1120,Delivered,,0
ORD00179,5/11/2025 19:28, Minya,Ard Sultan,Burger Corniche,Burgers,5,EGP 575,69,Cash,C075,Tuk-tuk,2.9,15,25,40,5,U1076,Delivered,,1
ORD01624,8/1/2025 15:06,New Minya,New Minya,El-Nil Fish,Fish,5,583,0,Cash,C047,Motorcycle,10,24,40,44,4,U0887,Delivered,,1
ORD01009,3/19/2025 13:35,Minya,El-Mahatta,Forno Nile,Pizza,2,246 EGP,18,Cash,C109,Motorcycle,1.7,30,25,28,5,U0060,Delivered,,1
ORD02894,26/03/2025 15:37,Minya,El-Gamaa,Sultan Grill,Grills,5,EGP 526,0,Cash,C084,Motorcycle,7.1,17,35,36,5,U0119,Delivered,,1
ORD01554,2/23/2025 12:23,MINYA,Shalaby,Hadouta Masreya,Egyptian,1,EGP 71,0,Card,C100,Motorcycle,4,16,30,26,5,U0570,Delivered,,0
ORD03383,10/3/2025 13:53,Abu Qurqas,Abu Qurqas,El-Dawar,Egyptian,5,238,0,Cash,C067,Tuk-tuk,17.6,21,55,77,4,U0883,Delivered,,0
ORD03495,3/9/2025 23:04,Minya ,Nazlet Hussein,Hadouta Masreya,Egyptian,2,EGP 90,7,Cash,C076,Bicycle,6.5,13,35,53,4,U1272,Delivered,,0
ORD03127,5/3/2025 15:22,El Minya,Ard Sultan,Crispy House,Burgers,2,222 EGP,20,Cash,C059,Tuk-tuk,2.6,14,25,21,5,U0608,Delivered,,1
ORD01227,5/19/2025 13:59,El Minya,Wast El-Balad,El-Dawar,Egyptian,3,145 EGP,10,Card,C094,Motorcycle,1.2,24,25,,,U0992,Cancelled,address unclear,
ORD00582,6/15/2025 21:48,Minya,Wast El-Balad,Tamara Sweets,Desserts,1,53 EGP,6,Cash,C051,Motorcycle,1.1,9,25,28,5,U0790,Delivered,,1
ORD00252,7/4/2025 16:53,ABU QURQAS,Abu Qurqas,Sultan Grill,Grills,3,299,0,Wallet,C010,Motorcycle,18.6,19,60,63,3,U1315,Delivered,,0
ORD01683,3/8/2025 14:04,Minya,El-Gamaa,Basbousa Bar,Desserts,3,EGP 190,0,Cash,C062,Motorcycle,6.5,12,35,34,,U1080,Delivered,,1
ORD01380,6/16/2025 23:58,Minya,Nazlet Hussein,Hadouta Masreya,Egyptian,6,253,0,Cash,C080,Motorcycle,6.9,11,35,28,,U1269,Delivered,,0
ORD02243,2/21/2025 16:30,Minya,Nazlet Hussein,El-Dawar,Egyptian,4,242 EGP,42,Wallet,C076,Motorcycle,6.9,11,35,36,5,U0836,Delivered,re-assigned,0
ORD00519,6/21/2025 20:31, Minya,Wast El-Balad,Koshary El-Sheikh,Egyptian,1,64,0,Card,C019,Tuk-tuk,0.6,16,20,23,,U1102,Delivered,,0
ORD01686,6/20/2025 13:00,Minya,Shalaby,Pizza Roma,Pizza,6,469 EGP,36,Card,C089,Motorcycle,4.2,18,30,29,5,U0140,Delivered,,1
ORD01430,1/19/2025 19:46,Minya,Nazlet Hussein,Foul El-Mahatta,Egyptian,6,EGP 305,0,Cash,C029,Tuk-tuk,8.4,12,40,54,,U0686,Delivered,,0
ORD02226,5/22/2025 23:27,Abu Qurqas,Abu Qurqas,Koshary El-Sheikh,Egyptian,2,123 EGP,0,Cash,C023,Motorcycle,16.3,8,55,47,4,U0911,Delivered,,1
ORD01562,4/27/2025 11:27,New Minya,New Minya,Farag Kebab,Grills,2,300 EGP,0,Cash,C080,Motorcycle,11.3,25,45,,,U0694,Cancelled,,
ORD01742,3/10/2025 20:25,minya,El-Sahel,Koshary El-Sheikh,Egyptian,6,EGP 264,0,Wallet,C066,Motorcycle,5.9,12,35,32,5,U1359,Delivered,,0
ORD01559,4/2/2025 22:23,New Minya,New Minya,El-Abd Minya,Desserts,1,75,0,Cash,C044,Tuk-tuk,10.1,6,40,42,4,U0404,Delivered,,0
ORD03966,5/27/2025 12:35,Abu Qorqas,Abu Qurqas,El-Dawar,Egyptian,1,67,0,Cash,C053,Motorcycle,18.3,12,60,55,,U0317,Delivered,,0
ORD00033,1/29/2025 12:49,Minya,El-Mahatta,Sheikh El-Balad,Grills,2,263,0,Cash,C020,Motorcycle,1.3,25,25,28,4,U0163,Delivered,,0
ORD04187,14/02/2025 22:37,Minya,Wast El-Balad,El-Nil Fish,Fish,3,294 EGP,46,Wallet,C104,Motorcycle,1.2,21,25,30,4,U1282,Delivered,,0
ORD02735,5/2/2025 14:01, Minya,El-Mahatta,Forno Nile,Pizza,4,EGP 362,0,Cash,C045,Bicycle,2.9,23,25,44,4,U0893,Delivered,,1
ORD02774,5/31/2025 12:43,minya,Wast El-Balad,Farag Kebab,Grills,6,707 EGP,0,Cash,C060,Motorcycle,2,24,25,32,4,U0424,Delivered,,1
ORD03923,6/29/2025 15:09, Minya,Corniche El-Nil,Basbousa Bar,Desserts,1,56,7,Cash,C017,Tuk-tuk,3.4,11,30,17,5,U1136,Delivered,,0
ORD01827,6/23/2025 20:18,Minya,Nazlet Hussein,El-Abd Minya,Desserts,2,137,0,Cash,C007,Motorcycle,7.5,6,35,36,5,U1246,Delivered,,1
ORD00560,5/26/2025 12:35,Minya,Shalaby,Sheikh El-Balad,Grills,4,628 EGP,128,Cash,C062,Tuk-tuk,4.2,35,30,,,U0333,Cancelled,,
ORD02424,6/28/2025 21:08,Minya,Shalaby,Tamara Sweets,Desserts,5,155,16,Card,C016,Motorcycle,2.5,6,25,24,4,U0790,Delivered,,0
ORD01950,1/1/2025 21:59,El Minya,El-Mahatta,Forno Nile,Pizza,1,128,0,Cash,C005,Motorcycle,2.2,32,25,42,,U1171,Delivered,,1
ORD01818,5/23/2025 20:24,MINYA,Shalaby,Burger Corniche,Burgers,1,82 EGP,9,Cash,C019,Motorcycle,5.2,18,30,37,4,U0577,Delivered,,1
ORD01631,2/17/2025 20:26,Abu Qorqas,Abu Qurqas,Tamara Sweets,Desserts,4,EGP 252,0,Cash,C060,Bicycle,13.2,7,50,101,2,U0665,Delivered,,0
ORD01004,3/22/2025 13:35,Minya,Abu Helal,El-Abd Minya,Desserts,4,180,0,Wallet,C067,Motorcycle,2.8,12,25,18,5,U1143,Delivered,,1
ORD03680,1/2/2025 14:14,NEW MINYA,New Minya,Samak El-Balad,Fish,4,516 EGP,0,Card,C052,Motorcycle,13.3,21,50,54,5,U0397,Delivered,,1
ORD02653,4/2/2025 13:36,New Minya,New Minya,Samak El-Balad,Fish,3,422,0,Card,C088,Motorcycle,12.3,19,45,40,4,U0161,Delivered,,1
ORD02357,13/01/2025 17:36,Minya,Ard Sultan,Slice Minya,Pizza,1,EGP 63,0,Wallet,C021,Motorcycle,2.4,17,25,23,,U0921,Delivered,,1
ORD03466,6/5/2025 12:04,New Minya,New Minya,Basbousa Bar,Desserts,6,298 EGP,37,Wallet,C102,Tuk-tuk,12.6,13,45,56,5,U1284,Delivered,,0
ORD02875,3/5/2025 19:17,MINYA,Wast El-Balad,Basbousa Bar,Desserts,3,EGP 167,38,Cash,C100,Bicycle,2,12,25,38,5,U0931,Delivered,,0
ORD01524,6/17/2025 12:27,El Minya,Shalaby,Koshary El-Sheikh,Egyptian,4,196 EGP,26,Card,C107,Motorcycle,2.9,14,25,23,5,U0614,Delivered,customer not answering,1
ORD03724,2/10/2025 20:28,New Minya,New Minya,Sheikh El-Balad,Grills,6,EGP 753,0,Wallet,C030,Bicycle,13.2,31,50,131,1,U0997,Delivered,,0
ORD02814,3/25/2025 12:46,minya,Nazlet Hussein,Burger Corniche,Burgers,6,435,108,Cash,C051,Tuk-tuk,5.7,11,30,29,,U1194,Delivered,,1
ORD00265,22/04/2025 22:16,Minya,Shalaby,Forno Nile,Pizza,2,176 EGP,0,Cash,C002,Bicycle,4.4,30,30,,,U1055,Cancelled,,
ORD00185,3/1/2025 20:37,Minya,Nazlet Hussein,El-Dawar,Egyptian,3,103 EGP,0,Card,C083,Motorcycle,6.9,11,35,37,,U0403,Delivered,,0
ORD00407,17/02/2025 14:58,Minya,Corniche El-Nil,Bahary Corner,Fish,5,692 EGP,0,Card,C041,Motorcycle,1.2,35,25,50,,U1086,Delivered,,1
ORD00912,6/14/2025 19:28,minya,El-Mahatta,Bahary Corner,Fish,3,308 EGP,62,Wallet,C104,Motorcycle,2.3,30,25,48,5,U0322,Delivered,,0
ORD03098,6/26/2025 15:24,New Minya,New Minya,Slice Minya,Pizza,5,696,0,Cash,C042,Motorcycle,10.8,19,45,38,4,U0144,Delivered,,1
ORD01937,6/5/2025 19:28,Minya,Wast El-Balad,Crispy House,Burgers,3,EGP 284,62,Cash,C074,Motorcycle,1.4,14,25,29,4,U1053,Delivered,,1
ORD01232,5/13/2025 20:14,Abu Qurqas,Abu Qurqas,Crispy House,Burgers,5,345,0,Cash,C108,Motorcycle,15.4,12,55,66,5,U1219,Delivered,,1
ORD03965,4/18/2025 12:13,New Minya,New Minya,Tamara Sweets,Desserts,5,EGP 160,0,Cash,C069,Motorcycle,12.1,7,45,40,4,U1222,Delivered,,0
ORD02907,4/30/2025 19:13,Minya,El-Gamaa,El-Abd Minya,Desserts,3,156,12,Cash,C044,Motorcycle,6.8,7,35,36,,U0651,Delivered,,1
ORD01527,5/25/2025 12:30,Minya,Nazlet Hussein,El-Nil Fish,Fish,2,290,0,Card,C033,Motorcycle,6.6,28,35,40,4,U0643,Delivered,,0
ORD00919,4/17/2025 14:27,New Minya,New Minya,Sultan Grill,Grills,2,286,0,Cash,C068,Motorcycle,10.4,21,40,46,,U0744,Delivered,,1
ORD01632,1/18/2025 19:36,New Minya ,New Minya,Foul El-Mahatta,Egyptian,4,194,0,Card,C035,Motorcycle,11.7,12,45,51,4,U0816,Delivered,,0
ORD01633,2/27/2025 20:00, Minya,El-Gamaa,Sheikh El-Balad,Grills,1,141 EGP,0,Wallet,C021,Tuk-tuk,7.6,28,35,61,4,U0282,Delivered,,0
ORD02714,3/7/2025 20:53,Menia,Ard Sultan,Crispy House,Burgers,2,180 EGP,15,Cash,C036,Tuk-tuk,2.7,12,25,32,4,U0457,Delivered,,1
ORD01575,4/27/2025 20:56,New Minya,New Minya,Forno Nile,Pizza,4,266 EGP,0,Card,C057,Bicycle,0,26,45,99,,U1337,Delivered,,1
ORD01418,1/21/2025 21:52,Minya,El-Mahatta,El-Dawar,Egyptian,6,EGP 302,72,Card,C064,Bicycle,1.4,7,25,27,5,U0186,Delivered,,1
ORD02412,19/02/2025 21:41,Menia,Nazlet Hussein,Sheikh El-Balad,Grills,6,717 EGP,0,Cash,C079,Motorcycle,6.4,30,35,64,3,U0988,Delivered,,0
ORD00495,2/13/2025 20:53,Abu Qurqas,Abu Qurqas,Samak El-Balad,Fish,4,732,0,Cash,C025,Tuk-tuk,15.9,19,55,83,4,U1218,Delivered,,0
ORD02635,2/10/2025 21:01,Minya,Nazlet Hussein,Om Ali House,Desserts,4,EGP 254,45,Cash,C005,Motorcycle,4.9,10,30,36,4,U0026,Delivered,,1
ORD03441,3/9/2025 13:46,Menia,El-Gamaa,Bites Burger,Burgers,3,228 EGP,29,Cash,C075,Motorcycle,5.4,10,30,29,5,U0270,Delivered,,1
ORD02464,1/3/2025 13:57,New Minya ,New Minya,Slice Minya,Pizza,5,551,79,Cash,C076,Motorcycle,8.8,18,40,45,4,U1022,Delivered,,1
ORD04039,29/05/2025 20:50,new minya,New Minya,Forno Nile,Pizza,5,391 EGP,0,Cash,C097,Motorcycle,11.1,25,45,67,3,U0189,Delivered,,0
ORD03612,3/15/2025 19:23,Minya,El-Gamaa,El-Nil Fish,Fish,2,186,0,Cash,C052,Tuk-tuk,7.3,28,35,55,3,U1311,Delivered,,0
ORD00009,21/06/2025 14:36,minya,El-Gamaa,Forno Nile,Pizza,4,435 EGP,0,Cash,C074,Motorcycle,8,35,35,51,4,U0791,Delivered,,1
ORD00407,17/02/2025 14:58,Minya,Corniche El-Nil,Bahary Corner,Fish,5,692 EGP,0,Card,C041,Motorcycle,1.2,35,25,50,,U1086,Delivered,,1
ORD00428,1/30/2025 18:48,El Minya,Abu Helal,El-Dawar,Egyptian,6,279 EGP,63,Cash,C070,Motorcycle,4.4,13,30,22,5,U0276,Delivered,,1
ORD03780,3/4/2025 22:04, Minya,Ard Sultan,El-Nil Fish,Fish,6,673 EGP,0,Cash,C073,Motorcycle,3.3,27,25,42,5,U1457,Delivered,,1
ORD03553,4/13/2025 13:14,Minya,Abu Helal,Bahary Corner,Fish,1,153 EGP,0,Cash,C058,Motorcycle,3.7,32,30,35,5,U1470,Delivered,,1
ORD01394,6/25/2025 22:54,minya,Corniche El-Nil,Basbousa Bar,Desserts,3,125,0,Cash,C088,Motorcycle,3.3,8,25,17,4,U0981,Delivered,,1
ORD03356,26/03/2025 15:34,Minya,Abu Helal,Om Ali House,Desserts,3,183,0,Cash,C100,Motorcycle,2.2,4,25,10,4,U0610,Delivered,,0
ORD02642,1/25/2025 19:37,Minya,Shalaby,Basbousa Bar,Desserts,2,127 EGP,25,Card,C046,Motorcycle,3.4,13,30,42,4,U1154,Delivered,,0
ORD00403,3/22/2025 20:26,Minya,El-Gamaa,Slice Minya,Pizza,1,103,13,Cash,C102,Motorcycle,5.6,12,30,25,,U0934,Delivered,,1
ORD02845,15/01/2025 23:18,El-Minya,El-Mahatta,Pizza Roma,Pizza,4,417,0,Cash,C025,Motorcycle,2.3,18,25,18,5,U0066,Delivered,,1
ORD01239,5/26/2025 21:32,Abu Qurqas,Abu Qurqas,Hadouta Masreya,Egyptian,5,EGP 288,0,Cash,C032,Motorcycle,15.5,16,55,66,3,U1294,Delivered,,0
ORD03830,1/17/2025 22:02,Minya,Nazlet Hussein,Slice Minya,Pizza,2,262,0,Card,C016,Motorcycle,6.2,17,35,29,5,U1102,Delivered,,0
ORD02734,3/6/2025 21:39,Minya,El-Mahatta,Basbousa Bar,Desserts,2,EGP 87,0,Cash,C027,Tuk-tuk,2.2,11,25,32,5,U0961,Delivered,,1
ORD02343,4/12/2025 19:13,Minya,Ard Sultan,Farag Kebab,Grills,1,127 EGP,7,Cash,C022,Motorcycle,3.4,24,30,37,4,U0190,Delivered,,0
ORD03622,2/27/2025 14:38,Minya,Wast El-Balad,Hadouta Masreya,Egyptian,1,59 EGP,0,Wallet,C066,Tuk-tuk,1.8,10,25,12,5,U0223,Delivered,,1
ORD03916,1/8/2025 12:10,Minya,Wast El-Balad,Bahary Corner,Fish,3,428,0,Cash,C007,Motorcycle,2.7,31,25,,,U0299,Cancelled,,
ORD02259,6/21/2025 19:50,El Minya,Abu Helal,Farag Kebab,Grills,5,EGP 680,0,Cash,C098,Motorcycle,4,21,30,45,3,U1473,Delivered,,0
ORD03883,4/13/2025 23:42,Minya,Corniche El-Nil,El-Nil Fish,Fish,4,EGP 745,0,Wallet,C060,Motorcycle,3.2,21,25,22,5,U0104,Delivered,,1
ORD03980,3/11/2025 13:55,Menia,El-Mahatta,Bites Burger,Burgers,6,EGP 466,0,Cash,C110,Motorcycle,0.6,13,20,13,4,U1460,Delivered,,0
ORD01367,4/3/2025 14:53,Minya,Corniche El-Nil,Hadouta Masreya,Egyptian,4,EGP 197,0,Card,C052,Motorcycle,3.1,17,25,0,5,U0844,Delivered,,0
ORD02313,1/8/2025 13:28,Minya ,El-Mahatta,Basbousa Bar,Desserts,3,128 EGP,0,Cash,C063,Bicycle,2.6,11,25,27,5,U1087,Delivered,,0
ORD02702,30/05/2025 20:35,Minya,Abu Helal,Farag Kebab,Grills,2,233,0,Cash,C061,Tuk-tuk,3.4,18,30,-8,4,U1327,Delivered,,0
ORD01062,4/5/2025 21:48,New Minya,New Minya,Farag Kebab,Grills,2,371,0,Card,C080,Motorcycle,11.7,21,45,72,4,U0508,Delivered,,0
ORD01355,2/23/2025 13:12,Minya,Shalaby,Slice Minya,Pizza,3,344,0,Cash,C049,Bicycle,3.2,10,25,28,4,U1195,Delivered,,0
ORD03650,3/31/2025 20:29,Minya,El-Mahatta,Samak El-Balad,Fish,1,146,24,Cash,C044,Motorcycle,0.6,21,20,39,4,U0395,Delivered,,1
ORD01234,6/13/2025 11:48,Minya,Shalaby,El-Dawar,Egyptian,4,EGP 173,27,Card,C099,Bicycle,2.6,12,25,26,,U0612,Delivered,,0
ORD02536,2/1/2025 17:12,Minya,Corniche El-Nil,Hadouta Masreya,Egyptian,3,171 EGP,0,Card,C043,Motorcycle,2.9,11,25,21,,U1205,Delivered,,1
ORD00005,16/01/2025 15:17,Abu Qurqas,Abu Qurqas,Burger Corniche,Burgers,4,317,46,Card,C103,Motorcycle,16.3,16,55,52,4,U1171,Delivered,,0
ORD03228,5/8/2025 19:15,New Minya ,New Minya,Basbousa Bar,Desserts,2,EGP 98,17,Card,C012,Bicycle,12.2,9,45,101,2,U1043,Delivered,,0
ORD01294,4/14/2025 15:08,El Minya,Corniche El-Nil,Forno Nile,Pizza,2,292 EGP,0,Cash,C030,Bicycle,1.4,27,25,31,5,U0814,Delivered,,1
ORD00683,6/1/2025 19:34,Minya ,Nazlet Hussein,Slice Minya,Pizza,4,EGP 527,0,Wallet,C106,Motorcycle,7.1,15,35,44,,U0645,Delivered,,1
ORD03460,6/20/2025 12:51,MINYA,Corniche El-Nil,Crispy House,Burgers,1,72 EGP,0,Wallet,C001,Bicycle,2.6,21,25,35,5,U0209,Delivered,,1
ORD01938,6/23/2025 19:37,Minya ,Abu Helal,Sheikh El-Balad,Grills,3,221,0,Cash,C062,Motorcycle,1.8,34,25,0,3,U0217,Delivered,,1
ORD03252,3/15/2025 18:16,New Minya,New Minya,Sultan Grill,Grills,3,268,0,Card,C102,Motorcycle,10,23,40,46,4,U1447,Delivered,,1
ORD01025,3/8/2025 20:32,Minya,El-Gamaa,El-Nil Fish,Fish,5,769,169,Cash,C032,Motorcycle,6.5,26,35,56,3,U0024,Delivered,,0
ORD00015,5/4/2025 20:37,Abu Qurqas,Abu Qurqas,El-Nil Fish,Fish,1,143,29,Cash,C091,Bicycle,16.1,26,55,138,1,U1369,Delivered,,0
ORD02620,1/17/2025 13:28,Minya,Ard Sultan,Om Ali House,Desserts,5,276 EGP,0,Card,C015,Motorcycle,2.2,6,25,17,5,U0996,Delivered,,1
ORD02185,1/30/2025 16:12,Minya,Corniche El-Nil,Koshary El-Sheikh,Egyptian,2,110 EGP,0,Cash,C083,Tuk-tuk,1.2,16,25,27,,U0762,Delivered,,1
ORD01363,11/4/2025 18:24,Minya,Corniche El-Nil,El-Abd Minya,Desserts,1,60 EGP,0,Cash,C004,Motorcycle,2.5,6,25,14,5,U1319,Delivered,,0
ORD00366,4/14/2025 18:47,Minya,El-Gamaa,Foul El-Mahatta,Egyptian,5,EGP 194,0,Card,C037,Motorcycle,5.8,12,35,21,4,U0969,Delivered,,0
ORD02005,2/4/2025 14:53,MINYA,Wast El-Balad,Bites Burger,Burgers,2,EGP 196,0,Wallet,C095,Bicycle,2.1,8,25,25,5,U0647,Delivered,gate closed,1
ORD01983,6/26/2025 20:04,Menia,Ard Sultan,Forno Nile,Pizza,3,322,0,Cash,C089,Tuk-tuk,3.4,27,30,53,3,U0070,Delivered,,0
ORD00548,1/4/2025 19:58,Minya,Shalaby,El-Nil Fish,Fish,5,580,99,Cash,C087,Motorcycle,3.1,23,25,,,U0856,Cancelled,,
ORD03535,24/03/2025 19:23,Menia,Wast El-Balad,Bahary Corner,Fish,2,EGP 221,50,Cash,C042,Motorcycle,2.8,32,25,52,4,U0443,Delivered,,1
ORD01428,4/29/2025 17:57,New Minya,New Minya,Pizza Roma,Pizza,1,EGP 132,0,Cash,C052,Bicycle,11.2,17,45,88,2,U0385,Delivered,,0
ORD01667,4/11/2025 22:04,minya,El-Sahel,Foul El-Mahatta,Egyptian,1,EGP 60,0,Cash,C097,Motorcycle,5.8,13,35,31,5,U0913,Delivered,,1
ORD01972,5/19/2025 11:24,MINYA,Wast El-Balad,Basbousa Bar,Desserts,1,60 EGP,0,Cash,C020,Bicycle,1.2,15,25,25,4,U0800,Delivered,,1
ORD00520,9/1/2025 21:33,Minya,Ard Sultan,Slice Minya,Pizza,1,EGP 107,19,Cash,C011,Bicycle,1.9,16,25,40,4,U0967,Delivered,,1
ORD00884,22/06/2025 13:27,Minya,Corniche El-Nil,Foul El-Mahatta,Egyptian,3,EGP 165,0,Cash,C099,Bicycle,2,7,25,14,4,U0504,Delivered,,1
ORD03918,5/8/2025 21:20,Minya,El-Gamaa,Sheikh El-Balad,Grills,1,159 EGP,0,Cash,C020,Bicycle,4.8,34,30,69,,U0818,Delivered,,0
ORD00598,5/4/2025 15:44,Minya,Wast El-Balad,Koshary El-Sheikh,Egyptian,4,196,41,Wallet,C091,Motorcycle,0.7,8,20,7,5,U0390,Delivered,,1
ORD00162,3/30/2025 18:36,El-Minya,El-Sahel,Hadouta Masreya,Egyptian,5,EGP 215,0,Cash,C108,Motorcycle,3.1,11,25,21,4,U0250,Delivered,,1
ORD03430,1/15/2025 12:05,minya,Abu Helal,Pizza Roma,Pizza,5,337,0,Cash,C066,Motorcycle,3.2,28,25,40,,U1497,Delivered,,0
ORD00100,1/9/2025 18:44,El Minya,El-Mahatta,Sultan Grill,Grills,6,826 EGP,0,Cash,C096,Motorcycle,3.5,17,30,22,5,U1365,Delivered,,1
ORD00113,2/3/2025 13:33,Minya ,El-Gamaa,Koshary El-Sheikh,Egyptian,4,167,0,Wallet,C055,Motorcycle,4.4,8,30,20,5,U0388,Delivered,,1
ORD03077,4/28/2025 13:24,Minya,El-Mahatta,Slice Minya,Pizza,6,804 EGP,82,Cash,C065,Tuk-tuk,3,27,25,41,,U1301,Delivered,,0
ORD02090,2/14/2025 21:23,MINYA,Ard Sultan,Hadouta Masreya,Egyptian,4,EGP 133,0,Wallet,C059,Motorcycle,3.6,6,30,29,5,U1487,Delivered,,0
ORD01076,4/5/2025 13:00,El-Minya,El-Mahatta,Samak El-Balad,Fish,6,EGP 616,104,Wallet,C104,Motorcycle,2.7,25,25,38,4,U1317,Delivered,,0
ORD01387,1/7/2025 19:39,Minya,Ard Sultan,Koshary El-Sheikh,Egyptian,4,216 EGP,0,Cash,C079,Tuk-tuk,3.4,15,30,34,4,U1197,Delivered,,1
ORD03559,6/14/2025 22:45,New Minya,New Minya,Bites Burger,Burgers,6,552,0,Cash,C041,Motorcycle,11.9,17,45,42,5,U0666,Delivered,,0
ORD01104,6/20/2025 21:09,MINYA,Wast El-Balad,Basbousa Bar,Desserts,3,EGP 188,10,Wallet,C099,Bicycle,0.7,10,20,24,5,U1339,Delivered,,0
ORD00004,19/02/2025 23:09,El-Minya El-Gedida,New Minya,Crispy House,Burgers,1,EGP 98,0,Card,C024,Motorcycle,12.7,12,45,32,5,U1448,Delivered,,1
ORD00691,2/8/2025 20:24,Minya,Wast El-Balad,Burger Corniche,Burgers,6,515 EGP,0,Wallet,C005,Motorcycle,1.3,15,25,35,5,U1334,Delivered,,1
ORD02201,6/3/2025 21:19,Minya,Wast El-Balad,Foul El-Mahatta,Egyptian,6,EGP 303,55,Card,C093,Motorcycle,0.6,11,20,23,4,U1172,Delivered,,1
ORD04181,4/26/2025 17:46,abu qurqas,Abu Qurqas,Bites Burger,Burgers,6,"EGP 3,610",195,Cash,C002,Motorcycle,16.2,18,55,61,4,U0864,Delivered,,1
ORD00147,2/7/2025 19:34,minya,Shalaby,El-Dawar,Egyptian,6,317,48,Cash,C077,Motorcycle,3,13,25,24,5,U0235,Delivered,,0
ORD01776,5/6/2025 21:04,Minya,Ard Sultan,Tamara Sweets,Desserts,3,"EGP 1,004",113,Cash,C024,Tuk-tuk,1.7,11,25,36,4,U1025,Delivered,,0
ORD01115,11/4/2025 20:46,Abu Qurqas,Abu Qurqas,Koshary El-Sheikh,Egyptian,3,EGP 150,0,Cash,C070,Motorcycle,,9,50,56,3,U0012,Delivered,,0
ORD03539,4/29/2025 21:25,Minya,Shalaby,Sultan Grill,Grills,1,EGP 114,0,Cash,C078,Motorcycle,5.3,23,30,55,,U0940,Delivered,,0
ORD03267,6/10/2025 18:48,Minya,Abu Helal,Sheikh El-Balad,Grills,4,567 EGP,0,Cash,C063,Motorcycle,3.1,30,25,34,4,U1473,Delivered,,1
ORD03316,3/13/2025 18:18,Minya,Corniche El-Nil,Basbousa Bar,Desserts,1,65,0,Cash,C085,Motorcycle,2.9,9,25,9,5,U0445,Delivered,,0
ORD01610,1/30/2025 15:08,new minya,New Minya,Foul El-Mahatta,Egyptian,1,62 EGP,11,Cash,C025,Tuk-tuk,11.2,9,45,57,4,U0680,Delivered,,0
ORD01364,5/13/2025 23:22,Minya,El-Sahel,Bites Burger,Burgers,2,EGP 193,0,Cash,C037,Motorcycle,4.8,18,30,26,5,U0320,Delivered,,1
ORD01560,9/4/2025 23:07,Minya,Abu Helal,Samak El-Balad,Fish,5,EGP 589,0,Card,C053,Tuk-tuk,2.2,24,25,36,4,U1257,Delivered,,0
ORD02153,6/12/2025 23:48, Minya,Corniche El-Nil,Koshary El-Sheikh,Egyptian,6,344 EGP,0,Cash,C107,Motorcycle,1.3,14,25,14,5,U0785,Delivered,,0
ORD02906,3/4/2025 21:21,Minya,Abu Helal,Farag Kebab,Grills,5,570 EGP,0,Wallet,C018,Bicycle,2.8,30,25,55,3,U0181,Delivered,,1
ORD02598,3/10/2025 18:51,Menia,El-Sahel,Slice Minya,Pizza,6,605,0,Cash,C011,Motorcycle,5.9,16,35,32,5,U0929,Delivered,,1
ORD00566,6/1/2025 15:05,Minya ,Abu Helal,Sultan Grill,Grills,6,EGP 801,0,Cash,C107,Tuk-tuk,3.2,15,25,36,4,U0562,Delivered,,0
ORD03894,3/25/2025 21:11,MINYA,El-Gamaa,Pizza Roma,Pizza,3,435,0,Cash,C104,Tuk-tuk,5.2,15,30,38,5,U0530,Delivered,,0
ORD03878,5/21/2025 23:39,new minya,New Minya,El-Nil Fish,Fish,3,515 EGP,68,Wallet,C066,Tuk-tuk,12.7,30,45,72,3,U1277,Delivered,,0
ORD01807,3/15/2025 20:52,new minya,New Minya,Bahary Corner,Fish,2,261 EGP,0,Card,C070,Motorcycle,11,30,45,66,3,U1487,Delivered,,1
ORD00644,5/3/2025 15:02,Minya,Shalaby,Slice Minya,Pizza,4,373,31,Wallet,C015,Motorcycle,4.5,17,30,32,5,U0675,Delivered,,1
ORD00649,2/14/2025 19:41,Minya,Wast El-Balad,Slice Minya,Pizza,6,589 EGP,0,Cash,C028,Bicycle,1.6,17,25,35,4,U0127,Delivered,,0
ORD02303,3/10/2025 17:44,abu qurqas,Abu Qurqas,Hadouta Masreya,Egyptian,5,246 EGP,21,Card,C004,Motorcycle,15.9,6,55,40,5,U0264,Delivered,,0
ORD00961,12/6/2025 13:53,Minya,Wast El-Balad,El-Dawar,Egyptian,3,EGP 82,0,Card,C019,Motorcycle,2.8,11,25,21,4,U0702,Delivered,,1
ORD02493,2/27/2025 19:58,Minya,Shalaby,Koshary El-Sheikh,Egyptian,3,EGP 126,0,Card,C059,Tuk-tuk,3,18,25,30,4,U0137,Delivered,,1
ORD03257,2/27/2025 21:13,Minya,Abu Helal,Farag Kebab,Grills,1,182,31,Card,C073,Bicycle,3.3,25,25,,,U1188,Cancelled,,
ORD02916,3/16/2025 18:34,Minya,El-Mahatta,Koshary El-Sheikh,Egyptian,6,EGP 311,56,Card,C014,Tuk-tuk,2.3,10,25,25,,U0727,Delivered,,1
ORD00895,14/05/2025 15:40,New Minya ,New Minya,Sheikh El-Balad,Grills,5,794,45,Cash,C002,Bicycle,11.9,33,45,115,1,U0953,Delivered,,0
ORD02773,7/4/2025 18:46,Minya,El-Sahel,Om Ali House,Desserts,5,191 EGP,0,Wallet,C004,Tuk-tuk,4.7,10,30,29,4,U0319,Delivered,,1
ORD03646,2/24/2025 15:02,minya,Wast El-Balad,El-Abd Minya,Desserts,1,48 EGP,5,Cash,C034,Motorcycle,4.3,13,30,27,5,U0139,Delivered,,1
ORD00021,5/19/2025 13:35,Minya,Corniche El-Nil,Foul El-Mahatta,Egyptian,1,EGP 61,10,Card,C096,Bicycle,2.8,13,25,25,4,U0526,Delivered,,1
ORD03470,1/9/2025 17:21,Minya,Abu Helal,El-Dawar,Egyptian,1,63,12,Cash,C031,Bicycle,1.5,19,25,23,4,U1087,Delivered,,1
ORD02027,1/5/2025 17:19,Minya,Nazlet Hussein,Tamara Sweets,Desserts,1,63 EGP,0,Card,C015,Motorcycle,9,10,40,33,5,U0888,Delivered,,0
ORD00727,6/8/2025 11:09,New Minya,New Minya,Forno Nile,Pizza,6,581 EGP,0,Cash,C099,Bicycle,11.9,27,45,,,U1211,Cancelled,address unclear,
ORD00445,4/18/2025 21:56,Minya,Nazlet Hussein,Slice Minya,Pizza,5,EGP 424,0,Card,C089,Motorcycle,8.3,19,40,49,5,U0278,Delivered,,1
ORD00989,6/29/2025 16:47,Minya,El-Mahatta,Sheikh El-Balad,Grills,1,164 EGP,0,Wallet,C024,Tuk-tuk,2.7,38,25,48,4,U0708,Delivered,,0
ORD00397,4/29/2025 19:31, Minya,Shalaby,Samak El-Balad,Fish,1,161,15,Cash,C107,Motorcycle,3.6,27,30,51,4,U1461,Delivered,,0
ORD03876,7/5/2025 20:33,Minya,El-Gamaa,Pizza Roma,Pizza,1,150 EGP,24,Wallet,C082,Tuk-tuk,6.7,20,35,,,U0014,Cancelled,,
ORD02595,2/22/2025 16:23,El-Minya,El-Sahel,Crispy House,Burgers,2,EGP 191,0,Cash,C007,Bicycle,5.2,19,30,50,4,U0437,Delivered,,1
ORD03264,4/8/2025 18:26,Minya,Nazlet Hussein,El-Nil Fish,Fish,1,104 EGP,0,Cash,C009,Bicycle,6.1,18,35,49,,U0067,Delivered,,0
ORD01523,5/9/2025 21:57,Minya,Shalaby,Slice Minya,Pizza,3,"2,393 EGP",0,Wallet,C077,Tuk-tuk,4.6,19,30,46,4,U1016,Delivered,,0
ORD03459,2/14/2025 13:54,Minya,Abu Helal,Slice Minya,Pizza,1,81,0,Card,C008,Motorcycle,3.6,14,30,17,5,U1310,Delivered,,0
ORD01551,5/3/2025 21:42,Minya ,Wast El-Balad,Pizza Roma,Pizza,1,79 EGP,0,Cash,C050,Motorcycle,2.7,19,25,44,,U1207,Delivered,,1
ORD02582,3/18/2025 17:21, Minya,Shalaby,Sultan Grill,Grills,5,663,93,Cash,C064,Motorcycle,2.1,15,25,22,5,U0219,Delivered,,0
ORD01337,6/27/2025 17:54,Minya,Abu Helal,Om Ali House,Desserts,1,EGP 61,0,Card,C068,Motorcycle,2.4,8,25,9,5,U0616,Delivered,,0
ORD00849,5/21/2025 14:55,El Minya,El-Mahatta,Sultan Grill,Grills,3,306,0,Wallet,C044,Bicycle,2.2,24,25,40,5,U1360,Delivered,,1
ORD03991,1/31/2025 22:12,Minya,Shalaby,Hadouta Masreya,Egyptian,4,188 EGP,0,Cash,C095,Motorcycle,2.5,13,25,16,,U0635,Delivered,,1
ORD01277,6/7/2025 23:18,El-Minya,Ard Sultan,Pizza Roma,Pizza,6,577 EGP,102,Cash,C066,Motorcycle,5,17,30,26,5,U0268,Delivered,,0
ORD02095,2/1/2025 21:06,New Minya,New Minya,El-Nil Fish,Fish,5,EGP 975,0,Wallet,C092,Motorcycle,12.2,24,45,55,4,U1350,Delivered,,0
ORD03719,6/10/2025 18:42,MINYA,Corniche El-Nil,Bahary Corner,Fish,4,578,63,Card,C068,Bicycle,3.4,27,30,43,,U1252,Delivered,,1
ORD02910,5/2/2025 14:12,Minya,El-Mahatta,Koshary El-Sheikh,Egyptian,4,183 EGP,0,Card,C086,Motorcycle,4.5,8,30,17,5,U1416,Delivered,,1
ORD03081,4/17/2025 20:47,minya,Wast El-Balad,El-Dawar,Egyptian,6,276,0,Wallet,C067,Bicycle,1.5,14,25,34,,U0528,Delivered,address unclear,1
ORD02879,2/20/2025 20:15,Minya,El-Mahatta,El-Dawar,Egyptian,4,226 EGP,0,Cash,C010,Motorcycle,0.9,18,20,37,3,U0852,Delivered,,0
ORD02097,27/05/2025 13:36,Minya,Shalaby,Tamara Sweets,Desserts,2,83 EGP,0,Cash,C009,Motorcycle,7.1,14,35,24,3,U0424,Delivered,,1
ORD02451,2/27/2025 19:40,Minya,Corniche El-Nil,El-Dawar,Egyptian,3,140 EGP,0,Cash,C110,Bicycle,3,9,25,28,5,U1367,Delivered,,0
ORD03902,5/17/2025 21:47,El-Minya,Shalaby,El-Nil Fish,Fish,4,680 EGP,0,Wallet,C026,Motorcycle,4.7,24,30,45,4,U0643,Delivered,,1
ORD01114,2/25/2025 12:16,Abu Qurqas,Abu Qurqas,Forno Nile,Pizza,6,EGP 720,0,Wallet,C050,Motorcycle,15.7,26,55,66,4,U1049,Delivered,,0
ORD00128,23/01/2025 20:17,Minya,Shalaby,Forno Nile,Pizza,3,310,0,Cash,C035,Motorcycle,3.9,30,30,47,,U0385,Delivered,,0
ORD02852,4/2/2025 17:31,Minya ,Ard Sultan,Slice Minya,Pizza,6,EGP 584,0,Cash,C068,Motorcycle,1.8,13,25,21,,U0412,Delivered,,1
ORD00276,3/6/2025 21:38,Minya,El-Mahatta,Farag Kebab,Grills,1,EGP 149,0,Wallet,C038,Bicycle,3.5,16,30,44,4,U0305,Delivered,,1
ORD01501,3/17/2025 14:37,Minya,El-Sahel,Om Ali House,Desserts,1,62 EGP,0,Cash,C018,Bicycle,5,4,30,30,5,U0576,Delivered,,1
ORD00288,21/06/2025 15:46,El-Minya,Corniche El-Nil,Om Ali House,Desserts,5,200 EGP,0,Wallet,C004,Bicycle,2.3,11,25,23,4,U1269,Delivered,,0
ORD02567,4/23/2025 18:21, Minya,Ard Sultan,Om Ali House,Desserts,5,368,0,Cash,C079,Bicycle,3.2,14,25,33,5,U0649,Delivered,,1
ORD03995,3/17/2025 18:46,Minya,El-Mahatta,Farag Kebab,Grills,2,263,0,Wallet,C043,Tuk-tuk,1.7,22,25,27,5,U0623,Delivered,,0
ORD00501,17/03/2025 18:48, Minya,Corniche El-Nil,El-Abd Minya,Desserts,4,225,0,Cash,C102,Motorcycle,2.1,4,25,11,5,U0796,Delivered,,0
ORD02643,3/13/2025 12:01,Minya,Corniche El-Nil,El-Abd Minya,Desserts,3,216 EGP,0,Card,C073,Motorcycle,1.4,9,25,9,5,U0019,Delivered,,0
ORD04097,1/2/2025 19:25,minya,Ard Sultan,Burger Corniche,Burgers,1,81 EGP,0,Cash,C087,Motorcycle,4,13,30,24,5,U0015,Delivered,,1
ORD02742,3/22/2025 14:10,El Minya,El-Sahel,Samak El-Balad,Fish,6,"EGP 1,169",0,Wallet,C004,Tuk-tuk,,21,35,47,4,U1227,Delivered,,0
ORD00796,1/11/2025 12:18,Minya,Wast El-Balad,Foul El-Mahatta,Egyptian,2,EGP 128,13,Card,C059,Motorcycle,0.6,10,20,8,4,U0705,Delivered,,0
ORD00316,6/13/2025 13:21,Minya,El-Mahatta,Basbousa Bar,Desserts,3,195 EGP,0,Cash,C090,Tuk-tuk,2.4,9,25,16,5,U0047,Delivered,,1
ORD03985,3/18/2025 14:44,El Minya,Corniche El-Nil,Farag Kebab,Grills,4,631 EGP,0,Card,C083,Motorcycle,2.8,19,25,20,4,U1470,Delivered,customer not answering,0
ORD03456,1/10/2025 23:24,Minya,Wast El-Balad,Crispy House,Burgers,5,414 EGP,0,Card,C034,Tuk-tuk,1.7,18,25,28,5,U1328,Delivered,,1
ORD02408,16/04/2025 19:19,Minya,Abu Helal,Sultan Grill,Grills,3,425,0,Cash,C066,Tuk-tuk,0.7,16,20,24,,U1306,Delivered,,1
ORD02396,3/25/2025 19:06,New Minya,New Minya,Om Ali House,Desserts,5,220 EGP,52,Card,C077,Motorcycle,12.1,13,45,49,4,U0393,Delivered,,1
ORD04031,5/9/2025 13:51,Minya,Ard Sultan,Sheikh El-Balad,Grills,2,282 EGP,59,Cash,C093,Motorcycle,3.7,33,30,40,5,U0563,Delivered,,1
ORD01724,4/2/2025 13:10,minya,El-Gamaa,Tamara Sweets,Desserts,3,85 EGP,20,Cash,C076,Motorcycle,3.8,11,30,24,5,U1300,Delivered,,1
ORD02072,9/5/2025 13:30,El-Minya,Wast El-Balad,Koshary El-Sheikh,Egyptian,1,EGP 69,0,Cash,C076,Motorcycle,3,15,25,20,4,U1361,Delivered,,0
ORD00012,5/31/2025 20:10,Minya,El-Mahatta,Pizza Roma,Pizza,2,245,0,Wallet,C095,Bicycle,0.6,20,20,35,,U0846,Delivered,,0
ORD03147,3/9/2025 20:05,New Minya,New Minya,Foul El-Mahatta,Egyptian,6,EGP 262,0,Card,C102,Motorcycle,15.1,11,50,60,4,U1302,Delivered,,1
ORD03265,6/30/2025 15:49,El-Minya,Ard Sultan,El-Abd Minya,Desserts,5,295 EGP,23,Cash,C037,Motorcycle,4.1,13,30,25,5,U1137,Delivered,,1
ORD00891,3/26/2025 14:45,El-Minya,El-Mahatta,El-Abd Minya,Desserts,6,272,0,Wallet,C026,Motorcycle,3,13,25,20,3,U0310,Delivered,,0
ORD02225,19/06/2025 23:07,New Minya,New Minya,El-Nil Fish,Fish,6,EGP 529,0,Card,C066,Motorcycle,10.6,26,45,37,5,U0786,Delivered,,1
ORD01813,3/13/2025 21:07,Abu Qurqas,Abu Qurqas,Hadouta Masreya,Egyptian,3,181,0,Cash,C043,Tuk-tuk,15.7,11,55,74,4,U1075,Delivered,,0
ORD02221,1/6/2025 17:25,Minya,Shalaby,Sheikh El-Balad,Grills,2,288 EGP,0,Wallet,C089,Motorcycle,3.2,33,25,41,,U0497,Delivered,,0
ORD00071,13/05/2025 19:43,Minya,Wast El-Balad,Samak El-Balad,Fish,2,195,0,Card,C104,Motorcycle,2.8,23,25,35,4,U0146,Delivered,,1
ORD01107,1/5/2025 20:30,El-Minya,El-Gamaa,Slice Minya,Pizza,5,EGP 521,0,Cash,C040,Motorcycle,5.3,22,30,45,4,U0352,Delivered,,1
ORD00175,6/22/2025 20:27,Menia,El-Gamaa,Farag Kebab,Grills,3,347 EGP,0,Card,C075,Bicycle,4.6,18,30,61,3,U1427,Delivered,,0
ORD00679,1/19/2025 21:24,Minya,Shalaby,Sultan Grill,Grills,5,EGP 680,0,Card,C037,Motorcycle,3.5,18,30,31,,U1338,Delivered,,0
ORD03806,4/11/2025 11:25,MINYA,El-Mahatta,Foul El-Mahatta,Egyptian,4,159 EGP,0,Cash,C107,Motorcycle,3.3,10,25,21,5,U0517,Delivered,,0
ORD00170,2/23/2025 14:48,El-Minya,Ard Sultan,Foul El-Mahatta,Egyptian,4,216,41,Cash,C067,Motorcycle,2.9,10,25,17,5,U1375,Delivered,re-assigned,1
ORD00440,3/19/2025 22:48,Minya,Abu Helal,Koshary El-Sheikh,Egyptian,1,EGP 65,0,Cash,C078,Tuk-tuk,3.5,11,30,26,5,U0646,Delivered,,1
ORD04183,6/28/2025 13:01,Minya,Shalaby,Bahary Corner,Fish,2,381 EGP,0,Cash,C046,Motorcycle,5.2,30,30,39,5,U0249,Delivered,,1
ORD01829,2/27/2025 12:10, Minya,Shalaby,Sultan Grill,Grills,5,EGP 397,0,Card,C034,Bicycle,4.2,16,30,41,4,U1264,Delivered,,1
ORD01681,3/8/2025 11:37,Minya,El-Mahatta,Koshary El-Sheikh,Egyptian,1,66,0,Cash,C015,Tuk-tuk,1.3,10,25,13,5,U0361,Delivered,,1
ORD02322,6/9/2025 14:45,Minya,Wast El-Balad,Foul El-Mahatta,Egyptian,4,224,43,Card,C059,Tuk-tuk,0.7,7,20,6,5,U1284,Delivered,,1
ORD03080,6/5/2025 16:52,Minya,Corniche El-Nil,Foul El-Mahatta,Egyptian,1,70 EGP,0,Cash,C034,Motorcycle,1.3,12,25,12,4,U1157,Delivered,,1
ORD01209,4/21/2025 18:03,Abu Qurqas,Abu Qurqas,Bites Burger,Burgers,5,EGP 531,103,Cash,C102,Motorcycle,17.2,13,55,52,5,U0320,Delivered,re-assigned,1
ORD04110,6/11/2025 20:06,New Minya,New Minya,Basbousa Bar,Desserts,5,308,0,Card,C061,Motorcycle,12.8,9,45,42,5,U0108,Delivered,,1
ORD02135,6/2/2025 12:48,Minya,El-Mahatta,El-Abd Minya,Desserts,4,EGP 191,15,Card,C084,Bicycle,1.5,4,25,17,4,U1410,Delivered,,1
ORD01045,26/01/2025 14:27,Minya ,Ard Sultan,Tamara Sweets,Desserts,1,69 EGP,0,Wallet,C041,Motorcycle,3.1,13,25,27,5,U0507,Delivered,,0
ORD03259,3/29/2025 12:51,Minya,Shalaby,Hadouta Masreya,Egyptian,4,205 EGP,0,Card,C033,Tuk-tuk,3.6,14,30,30,5,U0652,Delivered,,0
ORD00242,5/16/2025 20:00,Minya,Wast El-Balad,Sheikh El-Balad,Grills,5,656,75,Cash,C001,Bicycle,1.4,25,25,38,4,U1078,Delivered,,1
ORD02042,2/3/2025 22:40,El-Minya,Ard Sultan,El-Dawar,Egyptian,2,122 EGP,0,Cash,C030,Motorcycle,4,17,30,23,5,U1305,Delivered,,1
ORD01432,1/5/2025 21:26, Minya,Wast El-Balad,Farag Kebab,Grills,3,399 EGP,0,Cash,C043,Motorcycle,1.6,21,25,40,4,U1273,Delivered,,0
ORD03106,23/03/2025 17:32,Minya,El-Mahatta,Basbousa Bar,Desserts,1,47 EGP,0,Cash,C028,Tuk-tuk,3.1,7,25,19,5,U1401,Delivered,customer not answering,1
ORD02604,23/01/2025 20:32,Minya ,El-Gamaa,Koshary El-Sheikh,Egyptian,4,179 EGP,23,Wallet,C081,Bicycle,5.2,17,30,54,,U0781,Delivered,,1
ORD01203,5/19/2025 21:44,Minya,Wast El-Balad,Slice Minya,Pizza,3,316,66,Card,C088,Tuk-tuk,2.9,13,25,32,5,U0050,Delivered,,0
ORD02953,21/06/2025 17:28,Minya,El-Gamaa,El-Abd Minya,Desserts,1,45 EGP,9,Cash,C015,Motorcycle,5.7,9,30,20,5,U1132,Delivered,,1
ORD01200,6/7/2025 13:30,minya,El-Mahatta,El-Abd Minya,Desserts,2,106 EGP,0,Cash,C023,Bicycle,1,7,25,16,4,U1134,Delivered,,1
ORD02311,13/06/2025 18:13,Minya,Nazlet Hussein,Pizza Roma,Pizza,3,199,0,Cash,C065,Motorcycle,7.4,19,35,35,,U0007,Delivered,,0
ORD01162,5/23/2025 19:37,Minya,El-Sahel,El-Dawar,Egyptian,4,EGP 192,0,Card,C012,Tuk-tuk,2.7,15,25,20,5,U0348,Delivered,,0
ORD00559,1/6/2025 19:21,Minya,El-Mahatta,Burger Corniche,Burgers,5,349,0,Cash,C005,Motorcycle,2.3,14,25,24,4,U0777,Delivered,,0
ORD00770,3/17/2025 20:14,Minya,El-Gamaa,Slice Minya,Pizza,3,365 EGP,52,Cash,C013,Motorcycle,5.3,21,30,46,,U1403,Delivered,,1
ORD01831,1/6/2025 12:04,Minya,Abu Helal,Om Ali House,Desserts,2,146 EGP,0,Cash,C025,Motorcycle,1.7,10,25,6,5,U1318,Delivered,,1
ORD01881,1/14/2025 20:36,Minya,Abu Helal,Foul El-Mahatta,Egyptian,3,197,0,Card,C001,Motorcycle,1.3,14,25,30,5,U1074,Delivered,,1
ORD02200,3/11/2025 14:04,Abu Qurqas,Abu Qurqas,Tamara Sweets,Desserts,3,EGP 113,0,Cash,C082,Motorcycle,16.6,11,55,50,5,U0150,Delivered,,1
ORD03453,2/1/2025 20:39,El Minya,Wast El-Balad,Crispy House,Burgers,2,EGP 173,0,Cash,C084,Motorcycle,2.4,15,25,30,,U0161,Delivered,,1
ORD02574,5/1/2025 13:13,Minya,El-Sahel,Basbousa Bar,Desserts,5,EGP 278,45,Cash,C089,Motorcycle,5.8,12,35,24,5,U0867,Delivered,,1
ORD00024,5/31/2025 22:27,New Minya,New Minya,El-Abd Minya,Desserts,5,379,0,Card,C040,Motorcycle,13.3,8,50,34,5,U0125,Delivered,,1
ORD02673,6/29/2025 12:22,New Minya ,New Minya,Foul El-Mahatta,Egyptian,3,EGP 191,0,Cash,C046,Motorcycle,11.7,11,45,39,,U1456,Delivered,,1
ORD03685,3/27/2025 13:30,New Minya,New Minya,Om Ali House,Desserts,3,219 EGP,0,Card,C039,Tuk-tuk,13.4,7,50,,,U1179,Cancelled,,
ORD03294,5/3/2025 13:18,New Minya,New Minya,El-Nil Fish,Fish,4,661 EGP,0,Cash,C072,Tuk-tuk,11,24,45,50,5,U0963,Delivered,,1
ORD02459,4/23/2025 21:40,Minya ,El-Mahatta,Sultan Grill,Grills,6,"1,161 EGP",0,Cash,C009,Motorcycle,1.4,22,25,36,5,U0693,Delivered,,0
ORD01856,14/03/2025 20:23,Minya,Shalaby,Bahary Corner,Fish,1,140 EGP,0,Card,C072,Motorcycle,2.2,39,25,55,2,U0666,Delivered,,0
ORD02120,2/28/2025 18:36,Minya,Wast El-Balad,El-Dawar,Egyptian,6,EGP 311,60,Cash,C027,Motorcycle,0.6,17,20,23,5,U1271,Delivered,,1
ORD03092,4/8/2025 21:25, Minya,El-Mahatta,Slice Minya,Pizza,2,200 EGP,48,Cash,C045,Motorcycle,2.2,14,25,29,5,U1170,Delivered,,0
ORD01302,6/12/2025 15:14,Minya,El-Sahel,Bites Burger,Burgers,2,173,11,Wallet,C021,Motorcycle,4.2,17,30,30,5,U0868,Delivered,,1
ORD02337,29/05/2025 11:31,Minya,El-Sahel,Tamara Sweets,Desserts,3,EGP 149,15,Card,C065,Motorcycle,4.8,10,30,14,4,U0922,Delivered,,0
ORD00913,4/24/2025 15:24,El-Minya,Ard Sultan,Basbousa Bar,Desserts,2,127 EGP,0,Card,C051,Motorcycle,3.2,8,25,26,5,U0116,Delivered,address unclear,0
ORD00467,2/2/2025 17:03,MINYA,Corniche El-Nil,Slice Minya,Pizza,5,EGP 312,0,Cash,C084,Motorcycle,2.4,19,25,23,5,U0113,Delivered,customer not answering,1
ORD00840,24/03/2025 20:30,New Minya,New Minya,El-Nil Fish,Fish,2,325 EGP,0,Wallet,C099,Tuk-tuk,11.2,23,45,77,,U0565,Delivered,,0
ORD01516,3/18/2025 20:52,Minya ,Wast El-Balad,Bahary Corner,Fish,4,713 EGP,0,Card,C110,Motorcycle,2.4,28,25,41,5,U0384,Delivered,,1
ORD01327,3/16/2025 16:07, Minya,El-Gamaa,Koshary El-Sheikh,Egyptian,2,EGP 102,15,Cash,C109,Motorcycle,5.3,11,30,23,5,U1157,Delivered,,1
ORD00417,2/23/2025 19:29,Minya,Ard Sultan,Koshary El-Sheikh,Egyptian,6,253 EGP,15,Wallet,C099,Bicycle,5.6,11,30,46,4,U0648,Delivered,,1
ORD02085,18/05/2025 12:31,Minya,Shalaby,Forno Nile,Pizza,5,502,0,Cash,C013,Motorcycle,4.3,30,30,39,4,U1079,Delivered,,0
ORD03845,6/6/2025 22:16,Minya,El-Mahatta,Koshary El-Sheikh,Egyptian,4,244,0,Wallet,C022,Tuk-tuk,2,16,25,21,5,U0540,Delivered,,0
ORD00367,22/04/2025 16:40,Abu Qurqas,Abu Qurqas,Samak El-Balad,Fish,5,EGP 536,97,Cash,C089,Motorcycle,15.7,20,55,58,,U1351,Delivered,,1
ORD00095,2/25/2025 21:49,ABU QURQAS,Abu Qurqas,Sultan Grill,Grills,2,EGP 270,0,Wallet,C049,Motorcycle,13.9,20,50,57,5,U0016,Delivered,,0
ORD04157,6/2/2025 22:56,MINYA,Corniche El-Nil,Tamara Sweets,Desserts,1,EGP 45,0,Cash,C005,Motorcycle,2.6,12,25,16,5,U0982,Delivered,,0
ORD00262,2/8/2025 21:10,Minya,Abu Helal,Sultan Grill,Grills,5,483 EGP,0,Cash,C081,Motorcycle,2.5,24,25,48,2,U0721,Delivered,,0
ORD02739,26/06/2025 12:14, Minya,Corniche El-Nil,El-Dawar,Egyptian,3,137,0,Cash,C002,Motorcycle,1.4,13,25,30,5,U0416,Delivered,,1
ORD03912,24/04/2025 14:15,Minya,El-Gamaa,Bites Burger,Burgers,4,120,0,Card,C029,Bicycle,5.9,18,35,53,3,U0088,Delivered,,0
ORD02144,27/04/2025 16:43,New Minya,New Minya,El-Abd Minya,Desserts,5,242 EGP,0,Cash,C023,Motorcycle,12.5,9,45,37,4,U0867,Delivered,,1
ORD02028,6/6/2025 18:08,MINYA,El-Gamaa,Bites Burger,Burgers,4,EGP 364,0,Card,C046,Bicycle,3.7,17,30,36,5,U0129,Delivered,,1
ORD01002,6/25/2025 13:17,Minya,Ard Sultan,Bahary Corner,Fish,4,723 EGP,0,Wallet,C060,Tuk-tuk,3.2,27,25,34,3,U0111,Delivered,,0
ORD03695,1/30/2025 22:06,Minya,El-Sahel,Tamara Sweets,Desserts,6,325 EGP,0,Card,C061,Bicycle,4.7,5,30,30,5,U0080,Delivered,,1
ORD02115,11/2/2025 15:43,Minya,Wast El-Balad,Slice Minya,Pizza,3,321,0,Cash,C053,Motorcycle,2,19,25,27,4,U0342,Delivered,,0
ORD02703,4/22/2025 20:38, Minya,Shalaby,Basbousa Bar,Desserts,4,180 EGP,0,Card,C088,Motorcycle,2.7,11,25,30,5,U0308,Delivered,,0
ORD02008,30/01/2025 20:30,Minya,El-Mahatta,El-Abd Minya,Desserts,1,68 EGP,0,Card,C105,Motorcycle,0.6,4,20,27,,U0119,Delivered,,1
ORD02470,1/5/2025 17:01,Minya ,Corniche El-Nil,Burger Corniche,Burgers,3,EGP 355,88,Wallet,C054,Motorcycle,0.8,17,20,21,5,U0720,Delivered,,0
ORD03287,22/05/2025 18:55,Menia,El-Mahatta,El-Nil Fish,Fish,2,306 EGP,20,Card,C043,Tuk-tuk,2.3,22,25,34,3,U0844,Delivered,,0
ORD03437,4/16/2025 23:34,NEW MINYA,New Minya,Koshary El-Sheikh,Egyptian,5,276,0,Cash,C102,Motorcycle,11.4,11,45,32,5,U0776,Delivered,,1
ORD00820,16/03/2025 20:36,Menia,Wast El-Balad,Basbousa Bar,Desserts,6,298 EGP,0,Cash,C086,Bicycle,2.1,5,25,25,,U1338,Delivered,,0
ORD01865,2/4/2025 17:59,Minya,Wast El-Balad,El-Nil Fish,Fish,6,553 EGP,137,Card,C028,Motorcycle,1.4,22,25,26,5,U0737,Delivered,,0
ORD01649,2/12/2025 12:58,new minya,New Minya,Sheikh El-Balad,Grills,1,97 EGP,0,Cash,C021,Motorcycle,11.6,29,45,62,3,U0221,Delivered,,0
ORD00321,6/18/2025 18:16,New Minya,New Minya,El-Dawar,Egyptian,1,EGP 53,0,Cash,C002,Bicycle,12.7,9,45,92,3,U1031,Delivered,,0
ORD01088,3/28/2025 13:08,Minya ,El-Mahatta,Forno Nile,Pizza,3,EGP 326,0,Cash,C069,Bicycle,2.7,27,25,40,4,U1138,Delivered,,1
ORD03873,1/31/2025 18:02,Minya,Nazlet Hussein,Farag Kebab,Grills,4,710 EGP,0,Cash,C021,Motorcycle,5.5,18,30,28,5,U0676,Delivered,,1
ORD01732,6/27/2025 21:53,Menia,Abu Helal,Burger Corniche,Burgers,2,144,0,Card,C041,Bicycle,3.7,13,30,47,3,U1465,Delivered,,0
ORD02944,3/5/2025 20:52,Minya,Nazlet Hussein,El-Dawar,Egyptian,3,154 EGP,0,Cash,C074,Motorcycle,6.8,16,35,42,5,U0361,Delivered,,1
ORD00695,19/02/2025 14:19,Minya,El-Mahatta,Basbousa Bar,Desserts,4,EGP 207,0,Card,C030,Motorcycle,1.6,10,25,12,5,U1457,Delivered,,0
ORD00932,24/04/2025 14:05,Minya,Corniche El-Nil,El-Nil Fish,Fish,5,863,0,Wallet,C100,Tuk-tuk,1,25,25,24,5,U0294,Delivered,,0
ORD01140,1/7/2025 20:03,Minya,El-Sahel,Koshary El-Sheikh,Egyptian,3,EGP 161,0,Cash,C085,Motorcycle,4.8,14,30,37,4,U0086,Delivered,,0
ORD02850,3/25/2025 20:05,Minya,Wast El-Balad,Pizza Roma,Pizza,6,EGP 576,100,Cash,C063,Motorcycle,2,17,25,29,4,U0526,Delivered,,1
ORD02246,5/10/2025 17:54,Abu Qurqas,Abu Qurqas,El-Abd Minya,Desserts,3,208,0,Wallet,C012,Motorcycle,17.3,13,55,53,5,U0953,Delivered,,1
ORD02745,14/04/2025 20:42,MINYA,Nazlet Hussein,El-Nil Fish,Fish,2,360,0,Cash,C067,Bicycle,8.8,21,40,77,3,U0320,Delivered,,0
ORD03607,3/21/2025 14:46,Minya,El-Gamaa,Forno Nile,Pizza,1,137,16,Cash,C030,Motorcycle,4.8,31,30,52,3,U0208,Delivered,,1
ORD03745,5/30/2025 13:16,El-Minya El-Gedida,New Minya,Sheikh El-Balad,Grills,1,84,0,Cash,C071,Motorcycle,11.5,31,45,50,,U0132,Delivered,,0
ORD02187,5/28/2025 14:15,Minya,Ard Sultan,Om Ali House,Desserts,3,159 EGP,0,Cash,C086,Tuk-tuk,3.6,7,30,20,4,U1070,Delivered,,0
ORD02293,4/27/2025 21:44,Minya,Corniche El-Nil,Bahary Corner,Fish,5,EGP 719,0,Cash,C094,Motorcycle,1.7,36,25,43,4,U0718,Delivered,,1
ORD02172,4/27/2025 20:36,Minya,Wast El-Balad,El-Nil Fish,Fish,6,924 EGP,0,Wallet,C054,Bicycle,2.8,21,25,53,3,U0582,Delivered,,1
ORD01290,3/24/2025 20:51,minya,Ard Sultan,El-Abd Minya,Desserts,5,269,0,Cash,C018,Motorcycle,1.9,7,25,17,5,U0941,Delivered,,0
ORD02779,3/29/2025 14:18,Minya,El-Sahel,Tamara Sweets,Desserts,5,222,0,Cash,C001,Motorcycle,3.9,14,30,23,5,U0105,Delivered,,1
ORD00653,1/24/2025 21:08,New Minya,New Minya,Hadouta Masreya,Egyptian,2,72 EGP,0,Cash,C045,Bicycle,13.5,15,50,106,2,U0840,Delivered,,0
ORD00374,5/28/2025 19:38,Minya,Ard Sultan,Om Ali House,Desserts,6,306,0,Card,C109,Motorcycle,4,11,30,26,5,U1429,Delivered,,1
ORD01299,2/3/2025 14:08,MINYA,Abu Helal,Burger Corniche,Burgers,4,EGP 348,0,Cash,C101,Motorcycle,3.2,12,25,11,5,U0471,Delivered,,1
ORD01579,1/23/2025 14:18,Minya,El-Gamaa,Om Ali House,Desserts,6,339,0,Cash,C083,Bicycle,4.2,13,30,27,5,U0578,Delivered,,0
ORD04154,1/2/2025 23:48,minya,Shalaby,Burger Corniche,Burgers,5,510,55,Cash,C073,Tuk-tuk,2.7,13,25,24,5,U0310,Delivered,,1
ORD03010,6/10/2025 18:15,Minya,Wast El-Balad,Bites Burger,Burgers,5,314 EGP,0,Cash,C084,Bicycle,3.4,17,30,40,5,U0816,Delivered,,0
ORD01826,1/18/2025 22:07,Minya,Ard Sultan,El-Abd Minya,Desserts,2,EGP 106,0,Cash,C108,Tuk-tuk,4.2,6,30,14,4,U1101,Delivered,,1
ORD03527,3/15/2025 19:46,Minya ,Corniche El-Nil,Burger Corniche,Burgers,5,256 EGP,52,Cash,C009,Tuk-tuk,0.6,13,20,24,4,U1202,Delivered,,0
ORD00049,3/20/2025 19:08,Minya,Shalaby,Burger Corniche,Burgers,2,EGP 169,0,Card,C082,Tuk-tuk,2.5,15,25,26,4,U1160,Delivered,,1
ORD01852,6/9/2025 13:33,Minya,Corniche El-Nil,Basbousa Bar,Desserts,4,285 EGP,0,Cash,C093,Motorcycle,0.6,13,20,23,5,U0758,Delivered,,1
ORD01948,4/4/2025 21:35,Minya,Shalaby,Hadouta Masreya,Egyptian,2,EGP 89,11,Wallet,C075,Motorcycle,5,11,30,34,5,U0526,Delivered,,1
ORD03893,27/06/2025 14:29,Minya,El-Sahel,Foul El-Mahatta,Egyptian,5,251,19,Wallet,C005,Motorcycle,5.5,11,30,29,5,U0049,Delivered,re-assigned,1
ORD00601,9/3/2025 16:06,Minya,Wast El-Balad,Koshary El-Sheikh,Egyptian,2,113 EGP,0,Cash,C040,Motorcycle,3.2,8,25,16,5,U1093,Delivered,,1
ORD02838,20/01/2025 19:03,New Minya,New Minya,El-Abd Minya,Desserts,3,EGP 176,0,Wallet,C060,Motorcycle,11,6,45,48,5,U0668,Delivered,,1
ORD03649,5/13/2025 13:31, Abu Qurqas,Abu Qurqas,Bahary Corner,Fish,2,340 EGP,35,Card,C075,Bicycle,15.6,29,55,122,1,U0009,Delivered,,0
ORD02189,5/13/2025 14:38,minya,Shalaby,Tamara Sweets,Desserts,2,119,18,Cash,C078,Motorcycle,4.2,8,30,13,4,U0667,Delivered,,1
ORD03633,1/13/2025 20:00,NEW MINYA,New Minya,Bites Burger,Burgers,5,461,0,Cash,C027,Motorcycle,11.7,15,45,55,4,U1447,Delivered,,0
ORD00043,4/9/2025 20:23,New Minya,New Minya,Burger Corniche,Burgers,6,480 EGP,108,Cash,C012,Motorcycle,11.8,17,45,64,3,U0737,Delivered,,1
ORD00174,11/5/2025 19:27,Minya ,Wast El-Balad,Farag Kebab,Grills,4,465,0,Cash,C106,Bicycle,2.2,18,25,42,,U0356,Delivered,customer not answering,1
ORD01132,4/18/2025 12:31,Abu Qurqas,Abu Qurqas,Sheikh El-Balad,Grills,5,783 EGP,0,Card,C015,Motorcycle,14.9,28,50,65,5,U1000,Delivered,,1
ORD02301,1/26/2025 19:24,Minya,El-Gamaa,Sheikh El-Balad,Grills,6,866,68,Card,C101,Bicycle,7.5,30,35,70,,U1410,Delivered,,0
ORD01896,4/10/2025 23:37,Minya,El-Sahel,Om Ali House,Desserts,5,EGP 246,0,Cash,C070,Bicycle,3.5,7,30,,,U0188,Cancelled,,
ORD02978,3/2/2025 14:32,Minya,El-Mahatta,Farag Kebab,Grills,2,255,0,Card,C038,Motorcycle,2.5,25,25,32,4,U0053,Delivered,,0
ORD03123,6/30/2025 21:49,Minya,Wast El-Balad,Bites Burger,Burgers,2,EGP 163,0,Cash,C096,Motorcycle,1.2,12,25,25,5,U1189,Delivered,,0
ORD01258,1/26/2025 22:06,Minya,El-Mahatta,El-Dawar,Egyptian,1,59 EGP,0,Cash,C015,Motorcycle,1.8,11,25,11,5,U0771,Delivered,,0
ORD02317,4/15/2025 15:07,Minya,Wast El-Balad,Bahary Corner,Fish,4,EGP 755,0,Cash,C034,Motorcycle,2.9,31,25,42,4,U1005,Delivered,,0
ORD03475,3/15/2025 19:48,Minya,El-Sahel,Sultan Grill,Grills,4,345 EGP,0,Cash,C022,Motorcycle,5.1,22,30,50,3,U0588,Delivered,,0
ORD01410,6/17/2025 12:23,Minya ,El-Gamaa,Koshary El-Sheikh,Egyptian,2,98 EGP,14,Card,C060,Motorcycle,5.1,6,30,20,,U0272,Delivered,,0
ORD00549,2/13/2025 13:32,Minya,El-Gamaa,El-Nil Fish,Fish,5,687,0,Card,C073,Motorcycle,5.2,23,30,32,5,U0305,Delivered,,1
ORD00398,6/2/2025 14:08,Menia,Corniche El-Nil,Basbousa Bar,Desserts,4,EGP 298,0,Card,C025,Motorcycle,3.2,7,25,20,5,U0029,Delivered,,1
ORD03346,4/23/2025 16:03,Minya,El-Gamaa,Forno Nile,Pizza,6,EGP 687,0,Card,C061,Tuk-tuk,6,28,35,52,4,U1145,Delivered,,0
ORD04173,29/04/2025 12:26,New Minya ,New Minya,Sheikh El-Balad,Grills,6,867 EGP,0,Cash,C007,Motorcycle,10.9,29,45,,,U0833,Cancelled,,
ORD04103,5/31/2025 14:48,New Minya,New Minya,Farag Kebab,Grills,4,671 EGP,0,Card,C068,Tuk-tuk,11.3,21,45,60,4,U1218,Delivered,,1
ORD02546,6/17/2025 20:11,Minya,El-Gamaa,Bahary Corner,Fish,4,EGP 512,38,Wallet,C103,Motorcycle,5,26,30,54,,U0341,Delivered,,0
ORD01111,2/13/2025 21:27,El Minya,Ard Sultan,El-Nil Fish,Fish,1,150 EGP,0,Cash,C075,Tuk-tuk,3,26,25,43,,U0476,Delivered,,0
ORD02018,4/23/2025 20:03,MINYA,Shalaby,El-Nil Fish,Fish,3,485 EGP,0,Card,C110,Motorcycle,3.5,23,30,45,4,U0555,Delivered,,0
ORD01878,5/30/2025 20:23,New Minya,New Minya,Crispy House,Burgers,1,82 EGP,16,Card,C043,Motorcycle,11.1,15,45,47,4,U0296,Delivered,,1
ORD01186,5/15/2025 13:33,El-Minya El-Gedida,New Minya,Om Ali House,Desserts,6,289 EGP,0,Wallet,C003,Motorcycle,12.6,5,45,34,5,U0002,Delivered,,1
ORD03307,4/22/2025 23:50,Abu Qurqas,Abu Qurqas,Bites Burger,Burgers,1,104 EGP,0,Card,C054,Tuk-tuk,14.8,14,50,62,4,U0640,Delivered,,0
ORD01083,13/03/2025 14:06,Minya,Wast El-Balad,Burger Corniche,Burgers,3,277,18,Card,C016,Motorcycle,0.6,12,20,15,5,U0415,Delivered,,0
ORD03895,6/29/2025 21:49,Minya,Wast El-Balad,Farag Kebab,Grills,6,EGP 712,0,Card,C033,Motorcycle,1.2,21,25,33,5,U1064,Delivered,,1
ORD02041,2/13/2025 20:09,Minya,El-Sahel,El-Dawar,Egyptian,3,194 EGP,36,Card,C043,Tuk-tuk,5.1,7,30,36,5,U0141,Delivered,,1
ORD02463,24/04/2025 19:52,Minya,Corniche El-Nil,Farag Kebab,Grills,2,EGP 271,0,Cash,C092,Motorcycle,4.8,19,30,49,3,U1094,Delivered,gate closed,0
ORD00483,1/9/2025 18:33,Minya ,El-Gamaa,Crispy House,Burgers,3,259 EGP,58,Cash,C016,Motorcycle,4.9,19,30,35,4,U0739,Delivered,,0
ORD03922,22/02/2025 23:46,Minya,El-Mahatta,Sultan Grill,Grills,5,832,0,Card,C002,Motorcycle,2.7,20,25,27,5,U0418,Delivered,,1
ORD03636,4/4/2025 12:47,Menia,Corniche El-Nil,Samak El-Balad,Fish,5,770 EGP,0,Wallet,C108,Bicycle,0.6,23,20,21,,U1457,Delivered,,1
ORD01379,1/1/2025 13:06,Minya,Corniche El-Nil,El-Abd Minya,Desserts,1,74,11,Cash,C093,Motorcycle,0.6,11,20,17,,U1045,Delivered,,0
ORD00693,1/9/2025 19:10,Minya ,Ard Sultan,Basbousa Bar,Desserts,3,160,0,Card,C043,Tuk-tuk,5.8,11,35,32,5,U0011,Delivered,,1
ORD01390,2/1/2025 21:53,Minya,Nazlet Hussein,Samak El-Balad,Fish,1,EGP 173,38,Wallet,C087,Bicycle,5.8,21,35,52,4,U0487,Delivered,,0
ORD02573,26/03/2025 20:40,Minya,El-Sahel,Samak El-Balad,Fish,1,211,0,Card,C079,Motorcycle,5.4,20,30,39,4,U1471,Delivered,,1
ORD00303,1/4/2025 17:20,Minya,Abu Helal,Bites Burger,Burgers,4,343,0,Cash,C003,Motorcycle,3.2,11,25,25,5,U1130,Delivered,,1
ORD00149,6/11/2025 15:19,Abu Qurqas,Abu Qurqas,Foul El-Mahatta,Egyptian,2,107,0,Cash,C033,Motorcycle,14.9,13,50,45,5,U0860,Delivered,,1
ORD02784,3/28/2025 12:52,El-Minya El-Gedida,New Minya,El-Dawar,Egyptian,4,EGP 209,0,Cash,C066,Motorcycle,10.9,17,45,46,5,U1270,Delivered,,0
ORD01914,14/04/2025 23:06,Minya,El-Gamaa,Farag Kebab,Grills,3,404 EGP,0,Wallet,C036,Motorcycle,6.2,21,35,26,,U1411,Delivered,,1
ORD02388,1/28/2025 17:03,New Minya ,New Minya,Pizza Roma,Pizza,2,191,0,Card,C047,Motorcycle,12.2,18,45,48,4,U0812,Delivered,,0
ORD03651,1/1/2025 23:06,Minya,Wast El-Balad,Bahary Corner,Fish,6,802 EGP,166,Cash,C058,Motorcycle,2.5,32,25,33,4,U0326,Delivered,,0
ORD03111,2/11/2025 16:06,Minya,Corniche El-Nil,Slice Minya,Pizza,1,95 EGP,0,Card,C070,Tuk-tuk,0.6,25,20,35,4,U1370,Delivered,,0
ORD00609,1/26/2025 20:34,Minya,Ard Sultan,El-Dawar,Egyptian,4,130 EGP,0,Cash,C015,Motorcycle,4.4,13,30,33,5,U0831,Delivered,,0
ORD03452,5/13/2025 13:26,El-Minya,El-Mahatta,Basbousa Bar,Desserts,6,256 EGP,0,Card,C020,Bicycle,2,6,25,22,,U0396,Delivered,,1
ORD03563,2/1/2025 20:20,Abu Qurqas,Abu Qurqas,Sultan Grill,Grills,2,231 EGP,0,Cash,C042,Motorcycle,15.6,21,55,78,,U0573,Delivered,,0
ORD02684,2/8/2025 13:37,New Minya,New Minya,Farag Kebab,Grills,4,EGP 585,34,Cash,C069,Tuk-tuk,12.1,20,45,58,5,U0848,Delivered,,1
ORD01793,3/24/2025 14:49,Minya,Shalaby,Tamara Sweets,Desserts,1,70 EGP,0,Card,C040,Motorcycle,2.9,11,25,22,5,U1476,Delivered,,0
ORD00013,1/26/2025 21:22,El-Minya,Corniche El-Nil,Om Ali House,Desserts,1,78,0,Cash,C047,Tuk-tuk,1.9,11,25,28,5,U0380,Delivered,,1
ORD01073,6/21/2025 14:00,MINYA,Nazlet Hussein,Om Ali House,Desserts,4,267 EGP,58,Wallet,C005,Motorcycle,6.4,14,35,32,5,U0352,Delivered,,1
ORD03818,5/10/2025 13:04,Minya,El-Mahatta,El-Abd Minya,Desserts,6,332 EGP,37,Wallet,C040,Motorcycle,5.2,9,30,16,5,U0419,Delivered,,1
ORD02768,16/02/2025 17:16,Minya,El-Gamaa,Basbousa Bar,Desserts,4,EGP 84,18,Card,C034,Motorcycle,5.9,6,35,19,4,U0195,Delivered,,1
ORD00874,3/4/2025 21:10,New Minya,New Minya,Farag Kebab,Grills,1,EGP 140,9,Card,C071,Tuk-tuk,11.4,20,45,,,U0711,Cancelled,,
ORD03652,3/14/2025 14:10,Minya,Abu Helal,Slice Minya,Pizza,4,330 EGP,0,Card,C004,Tuk-tuk,3.2,13,25,22,4,U0364,Delivered,,0
ORD01706,3/26/2025 23:36,Minya,El-Mahatta,Om Ali House,Desserts,5,370 EGP,0,Card,C055,Motorcycle,1.9,6,25,17,5,U0781,Delivered,,0
ORD03600,3/10/2025 15:04,El-Minya,Ard Sultan,Forno Nile,Pizza,3,430,0,Card,C060,Motorcycle,4.2,26,30,,,U0100,Cancelled,customer not answering,
ORD00648,4/26/2025 12:33,New Minya,New Minya,Burger Corniche,Burgers,6,387,0,Cash,C090,Bicycle,12,16,45,91,3,U0671,Delivered,,0
ORD03469,4/1/2025 18:12,Minya ,El-Mahatta,El-Nil Fish,Fish,5,930 EGP,0,Cash,C048,Motorcycle,2.9,28,25,35,4,U0543,Delivered,,0
ORD01098,2/5/2025 14:36,Minya,Nazlet Hussein,Foul El-Mahatta,Egyptian,3,EGP 195,0,Cash,C024,Motorcycle,5.4,4,30,14,4,U1251,Delivered,,1
ORD00251,15/01/2025 15:51,Minya,Ard Sultan,Forno Nile,Pizza,6,EGP 507,0,Cash,C079,Motorcycle,2.1,33,25,35,5,U0077,Delivered,,0
ORD00628,1/6/2025 18:14,Minya,El-Gamaa,Slice Minya,Pizza,5,EGP 470,42,Wallet,C046,Motorcycle,4.5,10,30,21,4,U0516,Delivered,,1
ORD01596,1/22/2025 21:54,Minya,Shalaby,Crispy House,Burgers,3,EGP 277,39,Cash,C040,Motorcycle,4.4,17,30,46,4,U0529,Delivered,,1
ORD00263,5/12/2025 14:50,El-Minya El-Gedida,New Minya,Forno Nile,Pizza,6,EGP 702,0,Cash,C012,Tuk-tuk,11,28,45,64,5,U0863,Delivered,re-assigned,1
ORD01038,6/24/2025 19:34,new minya,New Minya,Tamara Sweets,Desserts,3,EGP 206,40,Card,C019,Bicycle,10.6,9,45,82,,U0005,Delivered,,1
ORD01535,4/9/2025 15:46,Abu Qurqas,Abu Qurqas,El-Dawar,Egyptian,2,84,0,Cash,C064,Tuk-tuk,14.9,18,50,71,3,U0881,Delivered,,1
ORD01647,6/11/2025 17:51,El-Minya El-Gedida,New Minya,Farag Kebab,Grills,5,EGP 771,0,Cash,C085,Motorcycle,13.1,23,50,56,,U0032,Delivered,,1
ORD04009,1/7/2025 20:34,Minya,Abu Helal,Basbousa Bar,Desserts,2,141 EGP,27,Card,C033,Motorcycle,1.9,10,25,27,,U0974,Delivered,,1
ORD00803,4/18/2025 18:52,Minya,Wast El-Balad,Samak El-Balad,Fish,3,EGP 618,0,Cash,C088,Motorcycle,1.5,23,25,19,5,U0530,Delivered,,1
ORD03972,1/14/2025 14:46,minya,Corniche El-Nil,Bahary Corner,Fish,6,EGP 990,0,Wallet,C028,Bicycle,1.6,34,25,40,5,U0007,Delivered,,0
ORD01977,4/12/2025 20:09,Abu Qurqas,Abu Qurqas,Koshary El-Sheikh,Egyptian,4,140 EGP,0,Wallet,C039,Motorcycle,15.8,6,55,51,5,U1342,Delivered,,1
ORD03099,1/15/2025 14:14,Minya,Ard Sultan,El-Nil Fish,Fish,6,"1,045 EGP",0,Wallet,C006,Motorcycle,4.3,21,30,32,5,U0934,Delivered,,0
ORD02956,5/3/2025 18:18,MINYA,El-Gamaa,Forno Nile,Pizza,1,638 EGP,0,Cash,C034,Bicycle,5.7,27,30,54,3,U0579,Delivered,,0
ORD02385,20/01/2025 14:51,Menia,El-Mahatta,El-Nil Fish,Fish,5,EGP 743,0,Card,C073,Motorcycle,4.8,23,30,34,5,U0879,Delivered,,0
ORD00096,5/13/2025 20:04,Minya,El-Mahatta,El-Abd Minya,Desserts,6,400 EGP,44,Cash,C095,Motorcycle,2.9,19,25,24,4,U0812,Delivered,,0
ORD03760,20/01/2025 21:03,Minya,Wast El-Balad,Basbousa Bar,Desserts,4,201,0,Card,C002,Motorcycle,1.1,14,25,27,,U0211,Delivered,,1
ORD01333,6/24/2025 14:20,Abu Qorqas,Abu Qurqas,El-Nil Fish,Fish,4,768 EGP,0,Wallet,C082,Motorcycle,14.5,21,50,66,4,U1021,Delivered,,0
ORD03152,4/16/2025 18:19,Minya,El-Mahatta,El-Nil Fish,Fish,6,"EGP 1,171",0,Cash,C101,Motorcycle,3.3,25,25,29,5,U1150,Delivered,,1
ORD03797,27/04/2025 20:32,Minya,Corniche El-Nil,Crispy House,Burgers,6,578,0,Cash,C080,Motorcycle,1.5,20,25,46,,U1131,Delivered,,0
ORD04128,4/24/2025 20:30,El-Minya,El-Gamaa,Crispy House,Burgers,5,EGP 371,88,Cash,C048,Bicycle,4.2,16,30,35,5,U0735,Delivered,,1
ORD03271,3/31/2025 20:45,Minya,Abu Helal,Sheikh El-Balad,Grills,3,EGP 460,0,Card,C058,Bicycle,4.5,31,30,65,,U1125,Delivered,,0
ORD00651,5/4/2025 20:13,Minya,Corniche El-Nil,Bahary Corner,Fish,1,164,38,Wallet,C077,Bicycle,1.7,36,25,52,,U0257,Delivered,,0
ORD01604,6/28/2025 21:04,El-Minya,Wast El-Balad,El-Dawar,Egyptian,3,EGP 169,0,Cash,C034,Motorcycle,3.6,13,30,44,4,U0433,Delivered,,0
ORD01600,12/5/2025 21:02,Abu Qurqas,Abu Qurqas,Foul El-Mahatta,Egyptian,1,46 EGP,0,Cash,C021,Motorcycle,16.8,8,55,0,4,U1296,Delivered,,0
ORD02247,2/3/2025 22:18,El Minya,Abu Helal,El-Abd Minya,Desserts,3,163 EGP,0,Card,C019,Tuk-tuk,3.7,10,30,22,5,U0319,Delivered,,0
ORD00150,23/03/2025 13:41,Minya ,Corniche El-Nil,Sultan Grill,Grills,4,EGP 605,0,Card,C085,Motorcycle,0.6,21,20,23,4,U0428,Delivered,,1
ORD03258,4/10/2025 21:46,Minya,Nazlet Hussein,Farag Kebab,Grills,3,564 EGP,0,Wallet,C066,Bicycle,6.9,23,35,67,3,U0835,Delivered,,0
ORD00085,2/21/2025 20:16,Minya,Corniche El-Nil,Samak El-Balad,Fish,6,EGP 721,0,Card,C013,Motorcycle,2.5,27,25,46,4,U1210,Delivered,,1
ORD01959,1/15/2025 19:20,El-Minya,Ard Sultan,Koshary El-Sheikh,Egyptian,2,112,0,Cash,C008,Tuk-tuk,2.5,13,25,32,,U1266,Delivered,,1
ORD02196,5/31/2025 12:41,Minya,Wast El-Balad,Farag Kebab,Grills,3,407 EGP,36,Cash,C066,Motorcycle,0.7,22,20,23,5,U0407,Delivered,,1
ORD00755,20/05/2025 21:42,minya,Shalaby,Burger Corniche,Burgers,1,EGP 45,0,Wallet,C090,Motorcycle,3.3,14,25,28,,U0842,Delivered,customer not answering,0
ORD03651,1/1/2025 23:06,Minya,Wast El-Balad,Bahary Corner,Fish,6,802 EGP,166,Cash,C058,Motorcycle,2.5,32,25,33,4,U0326,Delivered,,0
ORD02792,18/05/2025 14:33,Minya,Corniche El-Nil,El-Dawar,Egyptian,1,EGP 75,0,Card,C103,Motorcycle,2.9,14,25,17,4,U1234,Delivered,,0
ORD01000,6/1/2025 13:45,Minya,Corniche El-Nil,Sheikh El-Balad,Grills,1,141 EGP,0,Card,C105,Tuk-tuk,1.3,32,25,33,4,U0969,Delivered,,0
ORD01413,2/15/2025 14:01,El-Minya,Shalaby,Bahary Corner,Fish,4,684 EGP,0,Card,C031,Tuk-tuk,2.9,33,25,46,3,U1154,Delivered,,1
ORD02410,11/1/2025 12:24,Menia,El-Mahatta,El-Nil Fish,Fish,3,349,0,Card,C002,Bicycle,2.1,29,25,,,U0290,Cancelled,,
ORD03101,3/12/2025 15:26, Minya,Corniche El-Nil,Basbousa Bar,Desserts,1,62,0,Card,C020,Motorcycle,,10,25,16,5,U1349,Delivered,,1
ORD03808,3/19/2025 19:08,Minya,El-Sahel,Bahary Corner,Fish,2,259 EGP,17,Card,C014,Motorcycle,5.3,28,30,49,5,U0823,Delivered,,1
ORD02863,5/17/2025 14:06,New Minya,New Minya,Om Ali House,Desserts,5,289,0,Cash,C068,Motorcycle,10.6,9,45,32,5,U0055,Delivered,,1
ORD03013,4/18/2025 14:11,Minya ,El-Gamaa,El-Nil Fish,Fish,5,849,76,Card,C042,Motorcycle,5.1,20,30,33,5,U0714,Delivered,gate closed,1
ORD01017,25/04/2025 21:55,MINYA,El-Gamaa,Basbousa Bar,Desserts,4,EGP 191,0,Card,C102,Tuk-tuk,4.5,6,30,34,5,U0636,Delivered,,0
ORD01431,6/1/2025 19:14,Minya,Corniche El-Nil,Sultan Grill,Grills,1,134,0,Cash,C018,Tuk-tuk,,20,30,41,4,U1162,Delivered,,0
ORD00652,3/7/2025 20:02,Minya,Abu Helal,Farag Kebab,Grills,2,267 EGP,0,Wallet,C073,Motorcycle,2.1,20,25,33,5,U0928,Delivered,,1
ORD00587,5/28/2025 21:22, Minya,Wast El-Balad,Tamara Sweets,Desserts,4,297,70,Cash,C067,Bicycle,2.7,11,25,39,3,U0359,Delivered,,1
ORD01703,1/14/2025 21:59,abu qurqas,Abu Qurqas,Pizza Roma,Pizza,6,702,88,Cash,C058,Bicycle,16.8,13,55,132,1,U1419,Delivered,,0
ORD01512,4/17/2025 13:37,Minya ,El-Sahel,El-Abd Minya,Desserts,4,232 EGP,18,Card,C024,Motorcycle,6.7,11,35,28,4,U0474,Delivered,,0
ORD04040,5/2/2025 22:08,Minya,Corniche El-Nil,Bites Burger,Burgers,2,EGP 169,0,Wallet,C086,Motorcycle,2.4,18,25,27,4,U0082,Delivered,,1
ORD03289,11/5/2025 11:15,Minya,El-Gamaa,El-Nil Fish,Fish,3,EGP 427,0,Cash,C050,Bicycle,7.3,22,35,55,4,U0392,Delivered,gate closed,0
ORD02680,4/21/2025 14:35,Minya,Wast El-Balad,Burger Corniche,Burgers,4,EGP 384,0,Cash,C091,Motorcycle,3.2,13,25,25,4,U1379,Delivered,,1
ORD01927,4/29/2025 20:17,Minya,Wast El-Balad,El-Dawar,Egyptian,5,EGP 195,26,Cash,C095,Motorcycle,2.1,13,25,26,3,U0911,Delivered,,0
ORD00740,4/16/2025 19:27,Minya,Ard Sultan,Basbousa Bar,Desserts,5,EGP 280,0,Cash,C077,Tuk-tuk,3.8,12,30,33,4,U0337,Delivered,,1
ORD01180,4/6/2025 20:56,Minya,Corniche El-Nil,Farag Kebab,Grills,4,"4,051",0,Wallet,C065,Tuk-tuk,2,20,25,20,5,U1477,Delivered,,1
ORD01638,6/8/2025 19:49,Minya,Wast El-Balad,El-Abd Minya,Desserts,2,88 EGP,0,Cash,C106,Tuk-tuk,2.3,4,25,13,,U0309,Delivered,,1
ORD04136,4/13/2025 17:57,minya,Wast El-Balad,Bahary Corner,Fish,3,499,0,Cash,C050,Bicycle,1.1,29,25,37,3,U0539,Delivered,,1
ORD01322,3/6/2025 21:19,Minya,El-Gamaa,Basbousa Bar,Desserts,4,260 EGP,13,Wallet,C110,Motorcycle,5.4,9,30,24,5,U0797,Delivered,,0
ORD00574,5/25/2025 21:08,Minya,Wast El-Balad,Foul El-Mahatta,Egyptian,1,76 EGP,0,Cash,C033,Motorcycle,1.3,12,25,25,5,U0994,Delivered,,1
ORD03088,4/14/2025 17:04,El Minya,Abu Helal,Slice Minya,Pizza,6,EGP 600,0,Wallet,C048,Motorcycle,2.7,17,25,22,5,U1304,Delivered,,1
ORD02281,3/31/2025 19:39,Minya,Corniche El-Nil,El-Dawar,Egyptian,4,EGP 183,26,Card,C062,Tuk-tuk,1.6,13,25,31,4,U0235,Delivered,,1
ORD00379,4/18/2025 13:03,Minya,Corniche El-Nil,Bahary Corner,Fish,4,EGP 662,0,Wallet,C098,Motorcycle,2.3,31,25,41,4,U0267,Delivered,customer not answering,0
ORD01342,2/17/2025 19:58,minya,Abu Helal,Bahary Corner,Fish,4,496,0,Cash,C009,Tuk-tuk,3.2,30,25,41,4,U1440,Delivered,,1
ORD03500,1/17/2025 14:54,Menia,Shalaby,Bahary Corner,Fish,5,579,62,Cash,C042,Bicycle,3,30,25,42,4,U1349,Delivered,,0
ORD00570,18/05/2025 22:02,Minya,El-Mahatta,Slice Minya,Pizza,1,138,12,Wallet,C020,Motorcycle,1.7,17,25,24,5,U0773,Delivered,,1
ORD00277,1/26/2025 13:47,Minya ,Shalaby,Samak El-Balad,Fish,1,EGP 140,0,Cash,C082,Motorcycle,3,23,25,33,4,U1402,Delivered,,1
ORD00068,5/27/2025 21:48,Minya,Ard Sultan,Basbousa Bar,Desserts,4,127,12,Cash,C080,Motorcycle,2.8,7,25,24,,U0767,Delivered,,1
ORD03871,2/11/2025 18:55, Abu Qurqas,Abu Qurqas,Sultan Grill,Grills,5,673 EGP,0,Cash,C072,Bicycle,15.1,23,50,123,2,U0149,Delivered,,0
ORD03803,5/3/2025 14:11,Minya,El-Gamaa,Crispy House,Burgers,2,206,0,Cash,C081,Motorcycle,6.4,21,35,34,5,U1417,Delivered,,1
ORD00979,5/3/2025 22:45,Minya,Shalaby,El-Abd Minya,Desserts,1,EGP 74,0,Cash,C021,Motorcycle,2.9,11,25,21,4,U0888,Delivered,,1
ORD00027,31/05/2025 15:25, Minya,El-Mahatta,El-Abd Minya,Desserts,1,EGP 79,4,Cash,C081,Bicycle,2.8,4,25,12,4,U0709,Delivered,,1
ORD01139,5/5/2025 12:11,MINYA,Shalaby,Crispy House,Burgers,4,380 EGP,0,Card,C085,Bicycle,5.4,16,30,42,4,U1423,Delivered,,0
ORD02711,4/6/2025 13:56,MINYA,Shalaby,Sultan Grill,Grills,1,159 EGP,0,Card,C067,Motorcycle,5.3,16,30,24,5,U0089,Delivered,,1
ORD01835,6/16/2025 23:36,Menia,Wast El-Balad,Om Ali House,Desserts,2,127 EGP,17,Wallet,C096,Motorcycle,2,13,25,15,4,U0281,Delivered,,0
ORD00376,3/24/2025 21:34,Minya,Abu Helal,Sheikh El-Balad,Grills,6,EGP 643,0,Card,C073,Motorcycle,3.2,31,25,49,3,U1254,Delivered,,1
ORD02252,5/19/2025 19:19,Minya,Shalaby,Forno Nile,Pizza,4,510 EGP,0,Card,C081,Bicycle,3.8,28,30,58,,U1163,Delivered,,1
ORD02131,4/23/2025 17:52,Abu Qurqas,Abu Qurqas,Burger Corniche,Burgers,4,282,39,Wallet,C013,Bicycle,15.7,11,55,115,1,U0871,Delivered,,0
ORD00546,1/26/2025 19:37,New Minya,New Minya,Hadouta Masreya,Egyptian,6,299,0,Cash,C102,Motorcycle,12.2,14,45,55,4,U0128,Delivered,,0
ORD03233,1/31/2025 14:32,New Minya,New Minya,Farag Kebab,Grills,6,311,21,Cash,C092,Motorcycle,12.6,19,45,51,5,U0863,Delivered,,1
ORD01374,4/6/2025 14:56,Minya ,Ard Sultan,El-Nil Fish,Fish,3,378 EGP,0,Cash,C034,Motorcycle,3.7,21,30,35,,U0787,Delivered,,1
ORD01240,4/25/2025 22:29,Minya,El-Sahel,Foul El-Mahatta,Egyptian,2,132 EGP,0,Cash,C083,Motorcycle,5.4,9,30,29,5,U0457,Delivered,,1
ORD04028,3/19/2025 20:15,New Minya,New Minya,El-Nil Fish,Fish,5,826 EGP,163,Card,C088,Motorcycle,11.4,25,45,66,4,U1161,Delivered,,0
ORD03178,1/15/2025 12:07,El Minya,El-Mahatta,Bahary Corner,Fish,2,319 EGP,0,Cash,C058,Bicycle,0.7,29,20,34,3,U1207,Delivered,,0
ORD03890,2/17/2025 19:30,El-Minya El-Gedida,New Minya,Crispy House,Burgers,6,EGP 591,0,Cash,C033,Tuk-tuk,10.7,19,45,63,3,U1250,Delivered,,1
ORD01822,3/24/2025 21:19,Minya,El-Sahel,El-Nil Fish,Fish,5,EGP 578,0,Cash,C023,Motorcycle,3.7,25,30,45,5,U1357,Delivered,,1
ORD03404,1/3/2025 20:09,MINYA,Wast El-Balad,El-Dawar,Egyptian,5,EGP 208,20,Cash,C099,Bicycle,1.2,11,25,27,4,U0821,Delivered,,0
ORD02892,1/14/2025 21:50,NEW MINYA,New Minya,Om Ali House,Desserts,2,102,15,Card,C065,Motorcycle,11.3,14,45,51,4,U1193,Delivered,,0
ORD01995,3/25/2025 17:22,New Minya,New Minya,El-Nil Fish,Fish,3,209 EGP,0,Cash,C038,Motorcycle,11.5,22,45,50,,U1459,Delivered,,1
ORD04126,5/25/2025 12:27,minya,El-Gamaa,Foul El-Mahatta,Egyptian,4,EGP 237,0,Wallet,C071,Motorcycle,1.1,16,25,11,5,U0171,Delivered,,1
ORD01204,8/1/2025 20:47,Minya,El-Mahatta,Farag Kebab,Grills,1,EGP 160,29,Card,C084,Tuk-tuk,4.3,21,30,39,4,U0310,Delivered,,0
ORD02957,15/04/2025 22:57,Abu Qurqas,Abu Qurqas,Hadouta Masreya,Egyptian,3,169,0,Wallet,C056,Tuk-tuk,17,15,55,74,,U0636,Delivered,,1
ORD03402,1/14/2025 22:57,Minya,El-Gamaa,Farag Kebab,Grills,3,368,0,Cash,C076,Motorcycle,3.9,18,30,28,4,U1034,Delivered,,1
ORD00594,3/19/2025 15:19,Minya,Nazlet Hussein,Koshary El-Sheikh,Egyptian,6,294,32,Wallet,C006,Motorcycle,6.5,11,35,39,5,U0711,Delivered,,1
ORD01118,3/21/2025 23:38,Minya,Shalaby,El-Dawar,Egyptian,5,227,0,Card,C030,Motorcycle,6.3,16,35,38,5,U0847,Delivered,,1
ORD02991,6/19/2025 21:17,Menia,Corniche El-Nil,Sultan Grill,Grills,6,834 EGP,0,Cash,C061,Tuk-tuk,3.1,22,25,41,,U0362,Delivered,customer not answering,0
ORD00514,2/15/2025 19:00,Minya,Corniche El-Nil,Basbousa Bar,Desserts,2,EGP 157,35,Cash,C103,Bicycle,1.7,10,25,28,,U0798,Delivered,,0
ORD00029,6/15/2025 22:49,Abu Qurqas,Abu Qurqas,Bites Burger,Burgers,5,EGP 486,88,Card,C065,Tuk-tuk,16.3,17,55,71,4,U1186,Delivered,,0
ORD03263,6/13/2025 16:05,New Minya,New Minya,Koshary El-Sheikh,Egyptian,3,147 EGP,0,Card,C109,Motorcycle,11.3,8,45,27,4,U0114,Delivered,,1
ORD00388,2/13/2025 15:45,minya,Wast El-Balad,Om Ali House,Desserts,6,EGP 261,22,Card,C051,Motorcycle,3.4,14,30,23,5,U1120,Delivered,,1
ORD01356,6/26/2025 23:25,El-Minya,Nazlet Hussein,Pizza Roma,Pizza,2,EGP 233,0,Cash,C009,Motorcycle,5.9,13,35,22,5,U0528,Delivered,,1
ORD01317,3/2/2025 20:38,El-Minya,Ard Sultan,Crispy House,Burgers,4,454 EGP,0,Cash,C093,Bicycle,2.9,17,25,31,4,U0702,Delivered,,1
ORD02291,30/06/2025 20:44,El Minya,Corniche El-Nil,Tamara Sweets,Desserts,5,EGP 239,0,Cash,C084,Motorcycle,4.2,15,30,34,,U0380,Delivered,,1
ORD03068,1/1/2025 21:15,New Minya,New Minya,Farag Kebab,Grills,2,336,0,Wallet,C029,Motorcycle,10.7,27,45,71,4,U1072,Delivered,,1
ORD00531,6/11/2025 14:22,Minya,Wast El-Balad,Tamara Sweets,Desserts,1,59,0,Cash,C086,Motorcycle,0.6,8,20,6,5,U1112,Delivered,re-assigned,0
ORD03929,2/12/2025 21:05,minya,Shalaby,Basbousa Bar,Desserts,4,226,56,Wallet,C047,Tuk-tuk,3.3,11,25,28,4,U0436,Delivered,,1
ORD03807,5/24/2025 14:24,New Minya,New Minya,El-Dawar,Egyptian,2,685,0,Cash,C014,Motorcycle,11.2,12,45,35,5,U0393,Delivered,,1
ORD02132,6/16/2025 14:52,minya,Ard Sultan,Crispy House,Burgers,4,412,83,Card,C039,Bicycle,4.2,20,30,43,3,U1426,Delivered,,1
ORD01629,6/2/2025 13:09,El-Minya El-Gedida,New Minya,Foul El-Mahatta,Egyptian,3,EGP 184,41,Card,C057,Motorcycle,11.6,16,45,45,4,U0080,Delivered,,1
ORD02523,3/9/2025 14:15,New Minya,New Minya,Om Ali House,Desserts,2,88,0,Card,C020,Bicycle,10.6,12,45,-1,4,U0115,Delivered,,1
ORD01929,4/26/2025 13:13,Minya,Wast El-Balad,Farag Kebab,Grills,6,810,87,Cash,C107,Tuk-tuk,1.4,23,25,32,4,U0354,Delivered,,1
ORD00986,2/11/2025 16:50,abu qurqas,Abu Qurqas,Om Ali House,Desserts,2,122 EGP,12,Cash,C072,Bicycle,16.5,10,55,124,1,U0122,Delivered,,0
ORD00547,4/27/2025 12:19,El-Minya El-Gedida,New Minya,El-Abd Minya,Desserts,3,EGP 207,0,Cash,C092,Bicycle,12.4,9,45,92,,U0371,Delivered,,0
ORD03823,1/13/2025 22:51,New Minya,New Minya,Foul El-Mahatta,Egyptian,6,EGP 262,0,Cash,C010,Motorcycle,11.4,8,45,34,4,U1453,Delivered,,1
ORD02509,6/23/2025 21:09,minya,Wast El-Balad,Forno Nile,Pizza,4,EGP 404,0,Cash,C064,Motorcycle,0.9,27,20,38,4,U1379,Delivered,,1
ORD01120,6/1/2025 16:26,MINYA,El-Mahatta,El-Dawar,Egyptian,6,369,87,Cash,C076,Motorcycle,3.5,17,30,24,,U0464,Delivered,,1
ORD00213,7/5/2025 21:30,minya,Corniche El-Nil,Bites Burger,Burgers,3,EGP 258,34,Cash,C060,Motorcycle,2.7,17,25,35,4,U0171,Delivered,,0
ORD03696,4/9/2025 23:14,Abu Qurqas,Abu Qurqas,El-Nil Fish,Fish,5,988,181,Cash,C095,Bicycle,15.6,23,55,132,1,U1403,Delivered,,0
ORD00429,3/8/2025 23:50,Minya,Wast El-Balad,El-Nil Fish,Fish,3,531 EGP,0,Cash,C057,Motorcycle,0.6,28,20,33,4,U1220,Delivered,,1
ORD03943,3/31/2025 23:00,Minya,Corniche El-Nil,Koshary El-Sheikh,Egyptian,1,EGP 68,0,Card,C019,Motorcycle,1.9,16,25,20,5,U0886,Delivered,,0
ORD00016,3/7/2025 20:06,Minya,Ard Sultan,Sultan Grill,Grills,1,EGP 125,0,Card,C100,Tuk-tuk,3.7,24,30,47,,U0534,Delivered,,1
ORD00865,3/13/2025 21:15,Minya,Corniche El-Nil,Basbousa Bar,Desserts,4,EGP 149,0,Cash,C063,Motorcycle,2.2,7,25,18,5,U1303,Delivered,,1
ORD02050,5/19/2025 19:03, Minya,Shalaby,Forno Nile,Pizza,4,EGP 317,64,Cash,C074,Motorcycle,4.2,29,30,48,4,U0462,Delivered,,0
ORD01612,1/9/2025 20:35,Minya,Corniche El-Nil,Bahary Corner,Fish,5,EGP 688,0,Wallet,C044,Motorcycle,0.9,23,20,35,4,U0102,Delivered,,0
ORD02220,1/11/2025 17:57, Minya,Wast El-Balad,Om Ali House,Desserts,1,66,11,Card,C075,Motorcycle,1.3,10,25,7,4,U0746,Delivered,,1
ORD02937,5/1/2025 20:42,MINYA,Corniche El-Nil,Farag Kebab,Grills,2,EGP 196,25,Card,C106,Motorcycle,3,22,25,49,,U0169,Delivered,,0
ORD04027,2/4/2025 21:09,El-Minya El-Gedida,New Minya,Bites Burger,Burgers,5,EGP 345,50,Card,C062,Bicycle,12.2,23,45,121,1,U1152,Delivered,,0
ORD03096,1/27/2025 16:48,El Minya,Nazlet Hussein,Tamara Sweets,Desserts,2,102,18,Cash,C034,Motorcycle,5.4,4,30,14,5,U0851,Delivered,,0
ORD04115,6/11/2025 18:34,Minya,Corniche El-Nil,Bites Burger,Burgers,1,96 EGP,0,Wallet,C067,Bicycle,0.6,15,20,14,5,U1158,Delivered,,1
ORD00425,27/03/2025 17:13,New Minya,New Minya,Farag Kebab,Grills,5,620,0,Card,C047,Motorcycle,10.9,27,45,57,4,U0054,Delivered,,0
ORD03462,1/18/2025 19:25, Minya,El-Mahatta,Basbousa Bar,Desserts,4,202 EGP,0,Card,C017,Motorcycle,2.6,5,25,26,4,U0251,Delivered,,0
ORD03358,1/16/2025 17:01,New Minya,New Minya,Bahary Corner,Fish,3,EGP 295,46,Wallet,C038,Bicycle,12.1,27,45,99,1,U1390,Delivered,,0
ORD03540,1/21/2025 15:20,Minya ,El-Sahel,Tamara Sweets,Desserts,5,229,16,Cash,C007,Bicycle,5.4,10,30,39,3,U1105,Delivered,,1
ORD00466,5/27/2025 22:28,Minya,El-Mahatta,Samak El-Balad,Fish,5,835 EGP,208,Card,C042,Motorcycle,2.9,23,25,28,5,U0728,Delivered,,1
ORD02205,3/2/2025 19:18,Minya,Shalaby,Farag Kebab,Grills,5,583,0,Card,C009,Motorcycle,2.7,25,25,,,U0378,Cancelled,,
ORD00168,4/21/2025 20:20,Abu Qurqas,Abu Qurqas,Tamara Sweets,Desserts,5,EGP 311,52,Card,C002,Bicycle,15.9,8,55,135,,U0437,Delivered,,0
ORD03008,6/10/2025 12:39,Minya,Shalaby,Foul El-Mahatta,Egyptian,3,183 EGP,0,Wallet,C082,Bicycle,2.1,14,25,25,5,U0797,Delivered,,1
ORD00421,3/24/2025 23:13,new minya,New Minya,Pizza Roma,Pizza,4,400,63,Card,C093,Motorcycle,12.6,19,45,52,5,U0427,Delivered,,0
ORD00730,2/7/2025 18:19,El Minya,Shalaby,Foul El-Mahatta,Egyptian,4,216,0,Card,C023,Motorcycle,5.8,7,35,25,,U1407,Delivered,,0
ORD02874,5/26/2025 19:56,Minya,Corniche El-Nil,Basbousa Bar,Desserts,4,191 EGP,0,Wallet,C005,Bicycle,2.9,6,25,34,4,U0906,Delivered,gate closed,0
ORD01513,6/19/2025 20:45,Minya,Abu Helal,Pizza Roma,Pizza,3,324,0,Card,C044,Motorcycle,2.6,17,25,32,,U0312,Delivered,,1
ORD02026,5/1/2025 14:13,Minya,Shalaby,El-Abd Minya,Desserts,3,EGP 186,0,Cash,C045,Bicycle,4.5,9,30,26,3,U0969,Delivered,,1
ORD00271,1/24/2025 12:31,El-Minya,El-Sahel,Hadouta Masreya,Egyptian,3,160,0,Cash,C017,Motorcycle,5.6,14,30,25,5,U0523,Delivered,,1
ORD02251,6/5/2025 15:32,minya,Corniche El-Nil,Slice Minya,Pizza,4,401 EGP,56,Card,C024,Motorcycle,2.8,16,25,26,5,U0969,Delivered,,1
ORD01434,1/7/2025 21:11,Abu Qurqas,Abu Qurqas,El-Abd Minya,Desserts,3,EGP 173,0,Cash,C045,Bicycle,16.9,8,55,133,,U0971,Delivered,,0
ORD00468,6/19/2025 13:26,Minya,El-Mahatta,Sheikh El-Balad,Grills,4,678,0,Wallet,C008,Motorcycle,2.3,30,25,38,3,U0185,Delivered,,1
ORD01864,5/27/2025 12:21,minya,Shalaby,Om Ali House,Desserts,6,EGP 217,0,Wallet,C063,Motorcycle,2.4,9,25,9,4,U0729,Delivered,,1
ORD01223,1/6/2025 22:10,Abu Qurqas,Abu Qurqas,Om Ali House,Desserts,4,256 EGP,63,Cash,C034,Tuk-tuk,15.4,8,55,59,4,U1003,Delivered,,0
ORD04099,3/14/2025 15:14,New Minya,New Minya,Hadouta Masreya,Egyptian,4,263,0,Card,C009,Bicycle,12.9,15,50,,,U0566,Cancelled,,
ORD01846,2/6/2025 19:26,MINYA,El-Mahatta,Sheikh El-Balad,Grills,3,EGP 440,73,Cash,C066,Motorcycle,2.7,35,25,49,,U1253,Delivered,,0
ORD00916,6/23/2025 19:38,New Minya,New Minya,El-Nil Fish,Fish,1,221 EGP,0,Cash,C019,Tuk-tuk,9.9,23,40,63,,U0636,Delivered,,1
ORD03409,15/04/2025 13:19,Minya,Wast El-Balad,Crispy House,Burgers,3,280 EGP,0,Cash,C005,Tuk-tuk,2.6,16,25,25,4,U1146,Delivered,,0
ORD00077,21/04/2025 19:55, Abu Qurqas,Abu Qurqas,Hadouta Masreya,Egyptian,2,EGP 70,15,Card,C044,Tuk-tuk,15.9,6,55,70,4,U0394,Delivered,,0
ORD02462,5/13/2025 13:01,minya,Shalaby,Crispy House,Burgers,5,356 EGP,0,Cash,C074,Tuk-tuk,4.3,17,30,40,4,U1466,Delivered,,1
ORD01821,3/23/2025 19:00,Minya,Wast El-Balad,El-Abd Minya,Desserts,3,140 EGP,32,Card,C017,Motorcycle,5,8,30,33,5,U0290,Delivered,,1
ORD01874,4/23/2025 20:20,Minya,Shalaby,Basbousa Bar,Desserts,6,260 EGP,45,Wallet,C003,Motorcycle,5.7,14,30,33,3,U0533,Delivered,,1
ORD00639,5/10/2025 23:13,New Minya ,New Minya,Tamara Sweets,Desserts,3,195 EGP,0,Cash,C067,Motorcycle,11.8,12,45,44,5,U1327,Delivered,,1
ORD01990,2/9/2025 18:04,Minya,El-Gamaa,El-Abd Minya,Desserts,3,EGP 156,26,Cash,C065,Motorcycle,5.1,12,30,25,5,U1140,Delivered,,1
ORD04005,3/18/2025 17:07,minya,Nazlet Hussein,Koshary El-Sheikh,Egyptian,6,244,0,Cash,C026,Motorcycle,5.5,15,30,25,4,U0303,Delivered,,1
ORD02897,20/06/2025 19:09,Minya,Abu Helal,Tamara Sweets,Desserts,5,EGP 320,37,Card,C082,Bicycle,4.8,5,30,37,4,U1133,Delivered,,1
ORD01774,3/27/2025 21:08,new minya,New Minya,El-Abd Minya,Desserts,2,111,0,Cash,C035,Tuk-tuk,11.6,4,45,49,4,U1044,Delivered,,1
ORD03148,6/6/2025 18:16,Minya,Wast El-Balad,El-Abd Minya,Desserts,5,EGP 274,0,Wallet,C017,Motorcycle,1.5,8,25,8,4,U0186,Delivered,,1
ORD03977,16/05/2025 22:11,El Minya,Wast El-Balad,Pizza Roma,Pizza,5,536 EGP,50,Wallet,C046,Motorcycle,1.3,19,25,13,4,U0255,Delivered,,1
ORD03742,1/5/2025 23:35,MINYA,El-Mahatta,El-Nil Fish,Fish,4,EGP 515,0,Cash,C100,Tuk-tuk,4,30,30,44,4,U0924,Delivered,,0
ORD01014,4/20/2025 20:27,Minya,Corniche El-Nil,Bites Burger,Burgers,1,93 EGP,0,Card,C059,Bicycle,3.3,12,25,40,,U0300,Delivered,,1
ORD02141,4/7/2025 23:58,minya,Corniche El-Nil,Samak El-Balad,Fish,5,636 EGP,103,Cash,C018,Motorcycle,3,25,25,36,4,U0205,Delivered,gate closed,0
ORD03955,5/4/2025 19:12,Minya,Ard Sultan,El-Nil Fish,Fish,6,991 EGP,137,Cash,C070,Motorcycle,2.6,20,25,31,4,U1150,Delivered,,1
ORD01862,1/19/2025 18:08,Minya,Wast El-Balad,Om Ali House,Desserts,5,243 EGP,16,Cash,C075,Tuk-tuk,2.1,7,25,16,5,U1130,Delivered,,1
ORD03213,1/15/2025 22:28,New Minya,New Minya,Hadouta Masreya,Egyptian,6,"EGP 1,197",0,Cash,C077,Motorcycle,9,14,40,38,5,U0627,Delivered,,1
ORD02159,5/7/2025 21:20,Minya,Shalaby,Koshary El-Sheikh,Egyptian,1,EGP 50,0,Cash,C076,Motorcycle,4.4,4,30,33,4,U0627,Delivered,,1
ORD00236,1/2/2025 23:27,Minya,El-Mahatta,Forno Nile,Pizza,3,312 EGP,0,Card,C022,Motorcycle,2.4,27,25,33,,U0315,Delivered,,0
ORD03609,20/05/2025 12:28,El-Minya,Ard Sultan,Burger Corniche,Burgers,3,260 EGP,0,Cash,C005,Motorcycle,2.8,15,25,20,5,U0045,Delivered,,0
ORD01857,5/2/2025 17:03,MINYA,El-Mahatta,Burger Corniche,Burgers,2,220 EGP,0,Wallet,C080,Tuk-tuk,2.7,12,25,19,4,U0662,Delivered,,1
ORD03963,5/27/2025 18:40,El Minya,El-Mahatta,Koshary El-Sheikh,Egyptian,5,293,0,Card,C092,Tuk-tuk,1.6,10,25,16,5,U1051,Delivered,,0
ORD01879,2/20/2025 21:23,Minya,Ard Sultan,Burger Corniche,Burgers,6,EGP 489,0,Cash,C054,Motorcycle,2.6,17,25,31,5,U0808,Delivered,,0
ORD00308,12/2/2025 21:37,El-Minya El-Gedida,New Minya,Hadouta Masreya,Egyptian,1,EGP 60,0,Cash,C031,Motorcycle,12.2,15,45,56,5,U0013,Delivered,,1
ORD01824,5/18/2025 20:12,Minya,Nazlet Hussein,El-Abd Minya,Desserts,5,218 EGP,0,Card,C054,Motorcycle,7,11,35,37,4,U0788,Delivered,,1
ORD01403,5/4/2025 19:13,New Minya,New Minya,Sheikh El-Balad,Grills,1,98 EGP,0,Wallet,C040,Motorcycle,10.5,30,45,66,,U1421,Delivered,,0
ORD02918,1/27/2025 11:10,El-Minya,El-Sahel,Farag Kebab,Grills,6,EGP 425,0,Cash,C083,Tuk-tuk,5.3,26,30,34,5,U1247,Delivered,customer not answering,1
ORD00962,2/3/2025 18:44,Abu Qurqas,Abu Qurqas,El-Dawar,Egyptian,5,245 EGP,45,Card,C068,Tuk-tuk,14.3,15,50,54,5,U1340,Delivered,,0
ORD01620,6/21/2025 12:40,Minya,Corniche El-Nil,Bahary Corner,Fish,5,759 EGP,0,Cash,C018,Motorcycle,4.1,25,30,34,4,U1478,Delivered,,0
ORD03022,1/12/2025 13:33,Minya,Corniche El-Nil,Pizza Roma,Pizza,5,EGP 446,107,Wallet,C095,Motorcycle,3.1,18,25,28,4,U1426,Delivered,,0
ORD03070,4/14/2025 15:54,Minya,El-Sahel,El-Dawar,Egyptian,6,EGP 190,0,Card,C014,Motorcycle,4.8,11,30,29,4,U1106,Delivered,,0
ORD03082,3/31/2025 16:06,Minya,Corniche El-Nil,Pizza Roma,Pizza,1,EGP 128,14,Cash,C023,Tuk-tuk,2.8,16,25,30,5,U0012,Delivered,,0
ORD01688,5/3/2025 13:49,abu qurqas,Abu Qurqas,Farag Kebab,Grills,6,750 EGP,87,Cash,C088,Motorcycle,17,19,55,58,4,U0473,Delivered,,1
ORD01872,8/2/2025 21:31,MINYA,Nazlet Hussein,El-Dawar,Egyptian,1,71 EGP,16,Cash,C093,Bicycle,7.6,11,35,66,3,U1149,Delivered,,1
ORD02766,1/28/2025 13:05,Minya,Corniche El-Nil,Om Ali House,Desserts,1,EGP 55,13,Cash,C081,Motorcycle,1.7,10,25,13,4,U0661,Delivered,,1
ORD00286,6/2/2025 18:48,Menia,Wast El-Balad,Basbousa Bar,Desserts,5,EGP 260,0,Wallet,C027,Motorcycle,3.1,11,25,13,5,U1012,Delivered,,1
ORD02596,5/1/2025 15:05,Minya,Wast El-Balad,Samak El-Balad,Fish,4,611,0,Cash,C003,Motorcycle,1.9,27,25,24,5,U0397,Delivered,,1
ORD02022,5/2/2025 20:15,minya,Wast El-Balad,Burger Corniche,Burgers,2,EGP 125,0,Card,C083,Tuk-tuk,1.7,12,25,33,5,U0720,Delivered,,1
ORD02439,2/6/2025 11:10,Abu Qurqas,Abu Qurqas,Koshary El-Sheikh,Egyptian,6,228 EGP,0,Cash,C072,Motorcycle,15.9,9,55,47,5,U0741,Delivered,,0
ORD01056,4/8/2025 14:09,El-Minya,Wast El-Balad,Hadouta Masreya,Egyptian,6,EGP 322,0,Cash,C073,Motorcycle,2.4,12,25,21,5,U0842,Delivered,,1
ORD02932,6/30/2025 19:19,Minya,El-Mahatta,Burger Corniche,Burgers,3,266 EGP,55,Cash,C003,Motorcycle,1.6,12,25,32,4,U0372,Delivered,,1
ORD03429,6/23/2025 12:12, Minya,Abu Helal,Bahary Corner,Fish,3,306 EGP,0,Cash,C010,Bicycle,3.8,31,30,58,,U0946,Delivered,,0
ORD01448,21/05/2025 21:15,Minya,Ard Sultan,Koshary El-Sheikh,Egyptian,3,EGP 91,0,Cash,C072,Motorcycle,5.5,10,30,27,,U0876,Delivered,,1
ORD03529,5/2/2025 12:15,Abu Qurqas,Abu Qurqas,Sultan Grill,Grills,2,347 EGP,70,Card,C107,Bicycle,14.6,14,50,112,,U0271,Delivered,address unclear,0
ORD02413,4/15/2025 19:33,New Minya,New Minya,Forno Nile,Pizza,4,368,0,Wallet,C044,Motorcycle,11.9,27,45,,,U0006,Cancelled,re-assigned,
ORD00378,1/5/2025 20:05,New Minya ,New Minya,Burger Corniche,Burgers,3,220 EGP,38,Cash,C092,Motorcycle,12.3,14,45,45,5,U1056,Delivered,,1
ORD04007,6/10/2025 13:21,El-Minya,Ard Sultan,Foul El-Mahatta,Egyptian,6,268 EGP,0,Card,C047,Motorcycle,4.1,10,30,15,5,U1071,Delivered,,0
ORD01966,2/6/2025 20:41,Minya,Wast El-Balad,Burger Corniche,Burgers,2,197 EGP,21,Wallet,C002,Motorcycle,1.2,15,25,17,4,U0961,Delivered,,0
ORD03290,2/11/2025 21:12, Minya,Corniche El-Nil,Pizza Roma,Pizza,3,EGP 210,27,Cash,C092,Tuk-tuk,2,19,25,41,,U0101,Delivered,,1
ORD01152,1/2/2025 22:33,Minya,Shalaby,El-Abd Minya,Desserts,1,62 EGP,0,Cash,C062,Motorcycle,6.8,8,35,22,4,U0358,Delivered,,1
ORD01876,3/1/2025 14:04,Minya ,El-Mahatta,Bites Burger,Burgers,5,313 EGP,0,Wallet,C040,Motorcycle,2.8,12,25,18,5,U0202,Delivered,,1
ORD03165,2/1/2025 14:16,Minya,El-Mahatta,Hadouta Masreya,Egyptian,4,137 EGP,0,Wallet,C100,Motorcycle,2.7,21,25,22,5,U1428,Delivered,,1
ORD02044,5/12/2025 21:23,Menia,El-Sahel,El-Nil Fish,Fish,6,EGP 813,76,Cash,C078,Bicycle,3.9,20,30,56,4,U0755,Delivered,,1
ORD02861,14/01/2025 15:15,Minya ,Shalaby,Hadouta Masreya,Egyptian,2,121 EGP,0,Card,C051,Motorcycle,2.5,11,25,16,5,U1180,Delivered,,0
ORD03057,6/1/2025 22:13,Minya,El-Gamaa,El-Nil Fish,Fish,1,120,19,Cash,C079,Tuk-tuk,5.9,17,35,42,4,U0161,Delivered,,1
ORD03940,3/11/2025 18:25,MINYA,Shalaby,Forno Nile,Pizza,2,180 EGP,42,Cash,C052,Tuk-tuk,3.3,28,25,42,3,U0479,Delivered,,0
ORD03981,4/25/2025 20:03,Minya,Corniche El-Nil,Foul El-Mahatta,Egyptian,4,201 EGP,45,Card,C091,Bicycle,0.6,7,20,36,,U0209,Delivered,,0
ORD00704,6/9/2025 19:33,Minya,Ard Sultan,Bahary Corner,Fish,5,EGP 646,37,Cash,C015,Motorcycle,3.9,34,30,61,3,U0282,Delivered,,0
ORD02150,8/5/2025 20:25,Minya,Corniche El-Nil,El-Nil Fish,Fish,1,191 EGP,0,Cash,C065,Motorcycle,2.2,25,25,34,,U0487,Delivered,,1
ORD03627,22/06/2025 15:25,Minya,El-Mahatta,El-Nil Fish,Fish,3,EGP 327,0,Card,C075,Motorcycle,1.5,20,25,20,4,U0572,Delivered,,1
ORD01842,3/14/2025 16:11,Minya,El-Sahel,El-Abd Minya,Desserts,5,EGP 294,0,Cash,C024,Motorcycle,5.5,13,30,23,5,U1040,Delivered,,0
ORD03781,3/20/2025 16:06,MINYA,El-Gamaa,El-Dawar,Egyptian,3,124,0,Cash,C105,Motorcycle,4.4,16,30,30,5,U1284,Delivered,,0
ORD02570,3/4/2025 20:14,New Minya,New Minya,Tamara Sweets,Desserts,6,210,43,Card,C052,Motorcycle,11.3,15,45,62,,U0719,Delivered,,1
ORD02830,4/17/2025 18:34,Minya,Nazlet Hussein,Slice Minya,Pizza,2,232,0,Card,C084,Tuk-tuk,9,17,40,45,5,U0132,Delivered,,0
ORD02269,14/01/2025 21:34,Abu Qorqas,Abu Qurqas,El-Nil Fish,Fish,4,EGP 806,0,Cash,C093,Motorcycle,14,24,50,72,4,U1261,Delivered,,1
ORD00669,1/17/2025 18:04,Minya,Shalaby,Hadouta Masreya,Egyptian,4,185,0,Card,C101,Tuk-tuk,3,20,25,0,5,U0592,Delivered,,1
ORD02674,6/29/2025 20:52,NEW MINYA,New Minya,Sheikh El-Balad,Grills,5,EGP 535,0,Cash,C023,Motorcycle,12.1,25,45,69,4,U0112,Delivered,,1
ORD03704,1/21/2025 16:42,Minya,Abu Helal,Sheikh El-Balad,Grills,2,263 EGP,28,Wallet,C011,Tuk-tuk,2.7,26,25,35,4,U0162,Delivered,,0
ORD00933,1/27/2025 19:24,Minya,Shalaby,Koshary El-Sheikh,Egyptian,6,EGP 331,28,Wallet,C025,Motorcycle,4.4,9,30,37,5,U0280,Delivered,,1
ORD02760,6/2/2025 15:09,El Minya,Shalaby,Pizza Roma,Pizza,1,129 EGP,0,Cash,C061,Tuk-tuk,2.7,18,25,22,,U0770,Delivered,,1
ORD02645,5/6/2025 20:00,Minya,Wast El-Balad,Bahary Corner,Fish,2,EGP 285,0,Cash,C080,Bicycle,2.5,31,25,53,3,U1430,Delivered,,0
ORD02118,1/1/2025 20:16,Minya,El-Sahel,Burger Corniche,Burgers,3,116,0,Cash,C001,Motorcycle,4.3,19,30,40,4,U1218,Delivered,,0
ORD03909,1/29/2025 21:06,minya,El-Gamaa,El-Abd Minya,Desserts,1,67,0,Card,C043,Motorcycle,7.3,6,35,33,,U0139,Delivered,,0
ORD04041,4/4/2025 22:12,Minya,El-Mahatta,Hadouta Masreya,Egyptian,4,197 EGP,0,Card,C094,Tuk-tuk,3,17,25,32,5,U0515,Delivered,,1
ORD00173,2/3/2025 19:22,Minya,El-Mahatta,Slice Minya,Pizza,3,220,48,Card,C012,Motorcycle,3.9,18,30,28,4,U0596,Delivered,,1
ORD02481,6/26/2025 22:53,El-Minya,El-Gamaa,Foul El-Mahatta,Egyptian,2,84,14,Wallet,C060,Motorcycle,7.5,12,35,29,5,U0405,Delivered,,1
ORD04059,2/7/2025 20:26,Minya,Wast El-Balad,El-Dawar,Egyptian,4,190,0,Card,C012,Motorcycle,0.6,12,20,20,,U0857,Delivered,,0
ORD02198,4/8/2025 19:02,New Minya,New Minya,Bites Burger,Burgers,5,EGP 605,142,Cash,C024,Tuk-tuk,10.9,11,45,54,4,U0324,Delivered,,1
ORD01261,1/8/2025 13:14,Minya ,Corniche El-Nil,Farag Kebab,Grills,5,634,142,Wallet,C079,Bicycle,0.6,21,20,19,5,U0926,Delivered,,1
ORD00482,1/5/2025 19:14,NEW MINYA,New Minya,Crispy House,Burgers,4,314,0,Card,C050,Motorcycle,13.8,14,50,56,5,U1243,Delivered,,1
ORD02331,2/12/2025 16:23,New Minya,New Minya,Farag Kebab,Grills,3,499 EGP,0,Cash,C038,Tuk-tuk,11.4,23,45,59,4,U1111,Delivered,,1
ORD01867,22/01/2025 20:27,ABU QURQAS,Abu Qurqas,Samak El-Balad,Fish,5,EGP 610,0,Cash,C018,Tuk-tuk,14.7,23,50,86,2,U0821,Delivered,,0
ORD00386,6/30/2025 18:31, Minya,Corniche El-Nil,Hadouta Masreya,Egyptian,1,53 EGP,7,Cash,C024,Tuk-tuk,0.6,23,20,26,5,U0965,Delivered,,0
ORD02098,2/19/2025 19:37,El Minya,Shalaby,Farag Kebab,Grills,4,614 EGP,0,Card,C023,Motorcycle,3.2,25,25,47,,U1296,Delivered,,0
ORD02258,6/22/2025 14:18,El-Minya,Corniche El-Nil,Bites Burger,Burgers,6,253 EGP,0,Wallet,C049,Bicycle,2.5,15,25,29,,U1251,Delivered,,0
ORD00341,6/12/2025 21:30,Minya,Ard Sultan,Foul El-Mahatta,Egyptian,2,EGP 79,0,Card,C015,Motorcycle,2.4,12,25,26,4,U1393,Delivered,,0
ORD03765,6/5/2025 22:50,Minya,Wast El-Balad,Forno Nile,Pizza,6,466,0,Card,C014,Motorcycle,2.5,31,25,37,4,U1360,Delivered,,0
ORD01637,3/13/2025 16:37,El Minya,Wast El-Balad,Burger Corniche,Burgers,2,220 EGP,41,Wallet,C041,Tuk-tuk,1.3,14,25,22,5,U0982,Delivered,,0
ORD02647,5/1/2025 17:59,Minya,Shalaby,Burger Corniche,Burgers,1,79,0,Card,C101,Motorcycle,4.6,17,30,16,5,U0032,Delivered,,1
ORD03200,4/29/2025 12:28,Minya,Ard Sultan,Basbousa Bar,Desserts,6,299,0,Wallet,C073,Motorcycle,0.9,7,20,6,5,U0366,Delivered,,1
ORD04166,1/9/2025 13:13,Abu Qorqas,Abu Qurqas,Tamara Sweets,Desserts,5,EGP 263,47,Cash,C087,Motorcycle,16.7,15,55,53,4,U0842,Delivered,,1
ORD04114,2/24/2025 19:51,Minya,El-Mahatta,Bites Burger,Burgers,3,EGP 231,0,Card,C078,Motorcycle,2.8,16,25,,,U0101,Cancelled,,
ORD02387,3/20/2025 14:11,Minya,Abu Helal,Crispy House,Burgers,2,EGP 196,45,Card,C084,Bicycle,2.9,20,25,32,4,U0739,Delivered,,1
ORD01091,20/02/2025 13:27,Menia,Wast El-Balad,Burger Corniche,Burgers,2,237 EGP,0,Card,C022,Bicycle,2.2,15,25,25,5,U1490,Delivered,,0
ORD03688,3/5/2025 13:52,Minya ,Abu Helal,Bites Burger,Burgers,5,515,0,Card,C086,Bicycle,3.3,21,25,38,,U0507,Delivered,,1
ORD01933,3/13/2025 18:53,new minya,New Minya,Forno Nile,Pizza,6,538 EGP,75,Cash,C029,Bicycle,12,35,45,112,1,U0623,Delivered,,0
ORD03885,4/29/2025 13:47,Minya,El-Gamaa,Farag Kebab,Grills,1,EGP 134,0,Card,C027,Motorcycle,5.5,30,30,45,4,U1462,Delivered,,0
ORD00522,5/28/2025 14:08,minya,Shalaby,Sheikh El-Balad,Grills,1,179 EGP,0,Cash,C039,Bicycle,3.3,28,25,53,,U1270,Delivered,,1
ORD01861,2/4/2025 21:09,Minya,Ard Sultan,Pizza Roma,Pizza,5,EGP 532,56,Card,C008,Bicycle,1.7,20,25,35,5,U0223,Delivered,,1
ORD01964,2/20/2025 14:23,Minya ,Wast El-Balad,El-Dawar,Egyptian,6,191 EGP,0,Card,C033,Motorcycle,0.9,12,20,15,5,U0214,Delivered,,1
ORD03831,2/14/2025 21:44,New Minya,New Minya,Burger Corniche,Burgers,3,EGP 256,63,Cash,C016,Bicycle,12.1,10,45,87,,U1202,Delivered,,0
ORD03811,6/21/2025 23:05,MINYA,El-Sahel,El-Nil Fish,Fish,4,408 EGP,0,Card,C031,Motorcycle,4.2,24,30,30,5,U0498,Delivered,,1
ORD01657,2/1/2025 19:53,Minya,El-Sahel,Basbousa Bar,Desserts,5,271,0,Card,C049,Motorcycle,3.2,7,25,20,5,U1199,Delivered,,1
ORD01613,3/30/2025 12:58,MINYA,El-Mahatta,Koshary El-Sheikh,Egyptian,5,257,38,Wallet,C043,Motorcycle,3.6,11,30,15,5,U1349,Delivered,gate closed,0
ORD00390,3/9/2025 21:45,New Minya,New Minya,Tamara Sweets,Desserts,2,112 EGP,0,Cash,C095,Motorcycle,10,11,40,46,3,U0324,Delivered,,0
ORD01078,11/5/2025 15:47,minya,El-Mahatta,Om Ali House,Desserts,2,88 EGP,0,Cash,C064,Motorcycle,0.6,7,20,6,4,U0426,Delivered,address unclear,0
ORD01254,17/05/2025 15:58,New Minya,New Minya,Samak El-Balad,Fish,2,272,0,Cash,C030,Motorcycle,10.9,20,45,55,4,U1292,Delivered,,1
ORD00036,3/15/2025 13:29,Minya,Nazlet Hussein,Sheikh El-Balad,Grills,6,"1,003",0,Card,C072,Motorcycle,5.7,24,30,29,4,U0852,Delivered,,1
ORD02335,3/6/2025 20:42,Minya,Nazlet Hussein,El-Abd Minya,Desserts,4,EGP 236,0,Cash,C038,Motorcycle,5.3,15,30,51,,U0017,Delivered,,0
ORD00623,2/26/2025 19:33,Minya,Abu Helal,Tamara Sweets,Desserts,4,224,0,Wallet,C076,Motorcycle,3.4,12,30,13,5,U1397,Delivered,,0
ORD00315,3/6/2025 13:40,New Minya,New Minya,Basbousa Bar,Desserts,5,EGP 300,0,Card,C070,Tuk-tuk,9.9,13,40,54,,U0179,Delivered,,0
ORD01032,4/8/2025 16:02,El-Minya,El-Mahatta,Bahary Corner,Fish,2,296,52,Wallet,C023,Motorcycle,2.9,40,25,46,4,U0177,Delivered,,0
ORD03610,3/21/2025 18:27,Menia,Shalaby,Sultan Grill,Grills,2,242 EGP,22,Cash,C017,Motorcycle,1.8,22,25,32,4,U0542,Delivered,,0
ORD03788,5/1/2025 20:28,MINYA,El-Mahatta,El-Abd Minya,Desserts,3,EGP 195,0,Card,C021,Motorcycle,3.8,11,30,33,4,U1032,Delivered,gate closed,0
ORD01138,2/16/2025 13:03,Minya,El-Mahatta,Om Ali House,Desserts,1,65 EGP,0,Cash,C077,Motorcycle,1.8,9,25,9,5,U1254,Delivered,,1
ORD02367,5/13/2025 11:02,Minya,Nazlet Hussein,Foul El-Mahatta,Egyptian,2,87 EGP,12,Wallet,C081,Bicycle,6.1,13,35,53,,U1480,Delivered,,0
ORD02823,3/9/2025 20:22,New Minya,New Minya,Farag Kebab,Grills,1,141,14,Card,C045,Tuk-tuk,10.7,20,45,78,3,U0950,Delivered,,0
ORD01335,5/12/2025 23:55,Minya,Nazlet Hussein,Koshary El-Sheikh,Egyptian,2,EGP 105,16,Cash,C042,Motorcycle,7.1,9,35,21,5,U0177,Delivered,,1
ORD00292,2/18/2025 19:55,El Minya,Shalaby,Foul El-Mahatta,Egyptian,2,83 EGP,15,Cash,C035,Motorcycle,4.4,5,30,29,5,U1184,Delivered,,1
ORD01326,3/30/2025 12:29,Abu Qorqas,Abu Qurqas,Hadouta Masreya,Egyptian,4,EGP 200,32,Cash,C043,Tuk-tuk,16.8,12,55,64,3,U0249,Delivered,customer not answering,1
ORD03477,5/23/2025 19:05,new minya,New Minya,Crispy House,Burgers,1,88 EGP,5,Card,C104,Motorcycle,9.6,16,40,53,4,U0262,Delivered,,1
ORD02228,2/21/2025 19:45,Minya ,Ard Sultan,Sheikh El-Balad,Grills,3,415 EGP,0,Card,C028,Motorcycle,3.1,29,25,47,4,U0480,Delivered,,0
ORD03792,1/24/2025 13:03,Minya,El-Mahatta,Koshary El-Sheikh,Egyptian,2,EGP 117,0,Cash,C027,Motorcycle,0.9,13,20,16,5,U0355,Delivered,,1
ORD03339,5/1/2025 20:05,New Minya,New Minya,El-Abd Minya,Desserts,5,EGP 240,0,Card,C080,Tuk-tuk,12.2,8,45,0,3,U1483,Delivered,,0
ORD01557,24/01/2025 12:20,minya,Nazlet Hussein,Pizza Roma,Pizza,2,EGP 158,22,Cash,C042,Motorcycle,6.3,19,35,37,4,U0920,Delivered,,0
ORD00716,24/02/2025 15:56,Minya,Nazlet Hussein,El-Abd Minya,Desserts,1,EGP 68,9,Cash,C044,Motorcycle,6.4,12,35,25,5,U0661,Delivered,,0
ORD03433,9/2/2025 12:52,minya,Abu Helal,El-Dawar,Egyptian,3,144 EGP,32,Card,C016,Motorcycle,1.7,13,25,8,5,U1293,Delivered,,1
ORD03594,2/4/2025 15:48,minya,El-Sahel,Farag Kebab,Grills,4,EGP 331,0,Cash,C018,Motorcycle,4.6,23,30,40,5,U0501,Delivered,,1
ORD03159,4/3/2025 20:33,new minya,New Minya,Crispy House,Burgers,2,EGP 201,0,Cash,C029,Motorcycle,11.2,13,45,49,4,U0850,Delivered,gate closed,0
ORD03931,1/26/2025 23:06,Minya,Abu Helal,Basbousa Bar,Desserts,4,EGP 227,0,Cash,C042,Bicycle,4.2,6,30,18,5,U0484,Delivered,,0
ORD01887,28/02/2025 13:04,Menia,El-Gamaa,Foul El-Mahatta,Egyptian,3,123 EGP,0,Cash,C030,Tuk-tuk,5.3,15,30,35,3,U0886,Delivered,,0
ORD02110,4/2/2025 13:51,Minya,Corniche El-Nil,Hadouta Masreya,Egyptian,2,121 EGP,27,Card,C079,Motorcycle,2.2,13,25,14,5,U1191,Delivered,,1
ORD00453,2/14/2025 20:47,El Minya,Abu Helal,Forno Nile,Pizza,4,332 EGP,52,Cash,C081,Motorcycle,3.1,26,25,42,4,U0561,Delivered,,0
ORD01677,1/4/2025 19:21,Minya,El-Mahatta,El-Nil Fish,Fish,6,"1,010",243,Cash,C086,Motorcycle,5.1,27,30,51,4,U1065,Delivered,,1
ORD01536,2/6/2025 21:30,Menia,El-Mahatta,Farag Kebab,Grills,1,200 EGP,17,Cash,C025,Motorcycle,1.9,25,25,40,4,U0883,Delivered,,0
ORD02679,4/18/2025 19:52,Minya,Corniche El-Nil,El-Abd Minya,Desserts,2,EGP 126,0,Card,C095,Motorcycle,2.7,8,25,30,4,U1381,Delivered,,0
ORD01213,3/15/2025 18:34,Minya ,Abu Helal,Burger Corniche,Burgers,2,EGP 159,22,Card,C006,Motorcycle,,16,25,23,5,U0321,Delivered,,1
ORD00163,6/6/2025 23:43,Minya,Corniche El-Nil,Samak El-Balad,Fish,1,EGP 147,0,Cash,C075,Motorcycle,2.4,23,25,32,,U0047,Delivered,,0
ORD03315,1/5/2025 12:06,Minya,Nazlet Hussein,Tamara Sweets,Desserts,4,147,20,Wallet,C062,Motorcycle,5,10,30,18,5,U0560,Delivered,,1
ORD03058,1/6/2025 11:40,Minya,Wast El-Balad,Bites Burger,Burgers,6,395 EGP,0,Card,C024,Bicycle,2.4,13,25,32,5,U0076,Delivered,,1
ORD01169,12/5/2025 14:56,Minya ,Shalaby,Farag Kebab,Grills,3,497 EGP,0,Card,C033,Motorcycle,3.2,23,25,26,4,U0990,Delivered,,1
ORD00729,3/11/2025 20:55,Minya,Wast El-Balad,Burger Corniche,Burgers,1,80 EGP,5,Cash,C055,Motorcycle,1.7,13,25,26,3,U0467,Delivered,,0
ORD01556,5/23/2025 18:47,Minya,Ard Sultan,El-Abd Minya,Desserts,5,EGP 321,0,Cash,C050,Motorcycle,2.7,9,25,26,5,U0524,Delivered,,1
ORD01396,6/10/2025 20:24,New Minya,New Minya,Hadouta Masreya,Egyptian,6,278 EGP,0,Cash,C106,Bicycle,10.6,14,45,85,2,U0339,Delivered,,0
ORD02924,4/29/2025 13:10,Abu Qurqas,Abu Qurqas,Pizza Roma,Pizza,4,457,0,Card,C048,Motorcycle,16,17,55,59,5,U0498,Delivered,,1
ORD03771,5/2/2025 14:17,Abu Qurqas,Abu Qurqas,Sheikh El-Balad,Grills,1,178 EGP,0,Cash,C068,Motorcycle,16.6,39,55,75,2,U0421,Delivered,,0
ORD02406,6/4/2025 18:54,Minya,Ard Sultan,Crispy House,Burgers,4,EGP 321,0,Cash,C070,Tuk-tuk,3.9,16,30,33,4,U0645,Delivered,,1
ORD02302,5/14/2025 21:06,Minya ,Corniche El-Nil,Burger Corniche,Burgers,4,313 EGP,0,Cash,C029,Bicycle,0.6,6,20,18,4,U0998,Delivered,,1
ORD01400,6/23/2025 11:23,New Minya ,New Minya,Farag Kebab,Grills,1,156 EGP,0,Cash,C003,Tuk-tuk,12.3,17,45,61,,U1056,Delivered,,1
ORD00097,3/8/2025 15:27,New Minya,New Minya,Samak El-Balad,Fish,6,841 EGP,0,Cash,C079,Motorcycle,9.2,21,40,37,4,U0117,Delivered,,1
ORD00245,2/15/2025 19:05,Minya,Wast El-Balad,Crispy House,Burgers,4,285 EGP,26,Cash,C106,Motorcycle,2.3,16,25,27,4,U0205,Delivered,,1
ORD04134,3/25/2025 23:32,Minya,Ard Sultan,El-Dawar,Egyptian,1,65 EGP,0,Wallet,C066,Tuk-tuk,4.6,20,30,34,,U1269,Delivered,,1
ORD02162,5/22/2025 13:12,El Minya,Corniche El-Nil,Crispy House,Burgers,5,411 EGP,0,Cash,C059,Bicycle,0.6,20,20,,,U0625,Cancelled,,
ORD00527,2/27/2025 13:35,Minya,Corniche El-Nil,Slice Minya,Pizza,5,521,0,Cash,C014,Motorcycle,3.1,17,25,14,5,U0283,Delivered,,1
ORD01779,1/21/2025 19:43,NEW MINYA,New Minya,Bites Burger,Burgers,4,EGP 292,0,Wallet,C006,Motorcycle,12.3,9,45,55,5,U0515,Delivered,,1
ORD03509,6/17/2025 19:03,El-Minya,Corniche El-Nil,Forno Nile,Pizza,1,116 EGP,15,Wallet,C074,Tuk-tuk,0.7,30,20,47,3,U0397,Delivered,,1
ORD01451,3/8/2025 14:53,New Minya,New Minya,Foul El-Mahatta,Egyptian,1,80 EGP,18,Card,C025,Motorcycle,11.5,16,45,42,5,U1079,Delivered,,0
ORD03791,3/6/2025 19:42,MINYA,El-Gamaa,Crispy House,Burgers,6,EGP 681,0,Cash,C039,Motorcycle,6.8,15,35,41,4,U0296,Delivered,,0
ORD04014,5/29/2025 19:47,Minya,Wast El-Balad,Farag Kebab,Grills,1,EGP 139,18,Cash,C073,Motorcycle,0.6,22,20,25,4,U1121,Delivered,,0
ORD02793,1/14/2025 20:50,El Minya,Nazlet Hussein,Hadouta Masreya,Egyptian,3,EGP 135,0,Cash,C062,Motorcycle,4.5,11,30,36,4,U1273,Delivered,,0
ORD01110,4/2/2025 19:57,Minya,El-Mahatta,Burger Corniche,Burgers,5,359 EGP,0,Cash,C022,Tuk-tuk,3,8,25,32,4,U1450,Delivered,,1
ORD00137,5/24/2025 13:07,Minya,Corniche El-Nil,Hadouta Masreya,Egyptian,3,148 EGP,0,Wallet,C011,Motorcycle,2,14,25,21,5,U1315,Delivered,,0
ORD01441,3/26/2025 19:58,abu qurqas,Abu Qurqas,Slice Minya,Pizza,3,325,0,Cash,C016,Tuk-tuk,16.3,16,55,78,3,U0426,Delivered,,0
ORD02061,5/16/2025 13:12,NEW MINYA,New Minya,Sheikh El-Balad,Grills,3,182,0,Cash,C080,Bicycle,10.4,26,40,89,1,U0892,Delivered,,0
ORD02440,20/04/2025 13:03,minya,El-Gamaa,Crispy House,Burgers,5,EGP 451,0,Cash,C044,Tuk-tuk,7.6,19,35,44,5,U1135,Delivered,gate closed,1
ORD04012,3/5/2025 23:07,El Minya,Wast El-Balad,Slice Minya,Pizza,2,151 EGP,0,Card,C103,Motorcycle,1.3,18,25,22,5,U0148,Delivered,,0
ORD01875,1/27/2025 22:52,Minya,Abu Helal,Sultan Grill,Grills,3,EGP 433,0,Cash,C066,Motorcycle,2.4,13,25,24,5,U1486,Delivered,,0
ORD03925,5/6/2025 20:21,Minya,Ard Sultan,Sultan Grill,Grills,2,332 EGP,0,Cash,C055,Motorcycle,4.7,16,30,25,,U0865,Delivered,,1
ORD01909,2/5/2025 18:44,Abu Qurqas,Abu Qurqas,Farag Kebab,Grills,3,EGP 499,0,Cash,C072,Motorcycle,18,17,60,58,4,U0451,Delivered,,1
ORD01188,4/6/2025 17:17,Minya,El-Gamaa,Slice Minya,Pizza,6,553 EGP,0,Cash,C089,Motorcycle,5.9,18,35,29,,U1202,Delivered,,1
ORD01416,4/11/2025 19:21,new minya,New Minya,El-Abd Minya,Desserts,3,EGP 158,24,Cash,C081,Motorcycle,11.3,15,45,51,4,U0255,Delivered,gate closed,0
ORD04177,4/5/2025 13:17,New Minya,New Minya,El-Abd Minya,Desserts,5,276,29,Cash,C043,Tuk-tuk,13.1,11,50,56,4,U0752,Delivered,,1
ORD03295,2/6/2025 20:57,Menia,Shalaby,Forno Nile,Pizza,5,EGP 534,123,Cash,C025,Motorcycle,2.1,26,25,44,3,U0396,Delivered,,0
ORD03359,2/9/2025 20:09,Minya,El-Gamaa,Burger Corniche,Burgers,2,239 EGP,0,Cash,C041,Motorcycle,3.7,17,30,36,4,U0873,Delivered,,1
ORD01786,3/1/2025 14:36,El-Minya,Ard Sultan,Tamara Sweets,Desserts,5,214,0,Card,C040,Motorcycle,1.2,7,25,10,5,U0794,Delivered,,1
ORD00506,1/27/2025 20:03,Minya ,Ard Sultan,Crispy House,Burgers,1,118,10,Cash,C066,Bicycle,3.3,11,25,45,,U1274,Delivered,,1
ORD03337,4/12/2025 20:38,Minya ,El-Mahatta,Pizza Roma,Pizza,6,539 EGP,0,Cash,C071,Motorcycle,1.8,23,25,36,3,U0203,Delivered,,0
ORD02039,4/3/2025 14:15, Minya,El-Gamaa,Foul El-Mahatta,Egyptian,4,EGP 236,40,Cash,C047,Motorcycle,5.5,4,30,9,5,U0045,Delivered,,1
ORD01307,22/01/2025 19:33,MINYA,Wast El-Balad,Samak El-Balad,Fish,1,EGP 105,13,Cash,C025,Tuk-tuk,2.1,20,25,42,3,U1340,Delivered,,0
ORD02541,4/3/2025 19:56,Minya,El-Mahatta,Samak El-Balad,Fish,5,495 EGP,60,Cash,C081,Motorcycle,1.9,14,25,32,3,U0352,Delivered,,0
ORD00294,6/16/2025 21:14,Minya ,El-Mahatta,Slice Minya,Pizza,4,377 EGP,0,Cash,C105,Motorcycle,2.7,16,25,27,5,U0876,Delivered,,1
ORD03911,6/9/2025 17:01, Minya,Shalaby,El-Dawar,Egyptian,3,173,26,Cash,C033,Bicycle,2.4,12,25,24,5,U0899,Delivered,,1
ORD00207,4/6/2025 18:46,Minya,El-Sahel,Forno Nile,Pizza,2,151 EGP,0,Cash,C105,Motorcycle,4.5,33,30,42,5,U0504,Delivered,,0
ORD00807,3/11/2025 20:31,Minya,Ard Sultan,Pizza Roma,Pizza,6,521,0,Cash,C098,Motorcycle,,22,30,51,3,U1090,Delivered,,0
ORD01257,6/23/2025 20:30,Minya,Shalaby,Bahary Corner,Fish,2,226 EGP,22,Wallet,C043,Tuk-tuk,5.1,36,30,72,1,U0676,Delivered,,0
ORD02289,8/2/2025 20:28,MINYA,Wast El-Balad,Forno Nile,Pizza,2,EGP 204,29,Card,C029,Tuk-tuk,0.7,35,20,50,3,U1080,Delivered,,0
ORD01982,1/7/2025 12:22,Minya,El-Mahatta,Farag Kebab,Grills,2,237 EGP,0,Card,C029,Motorcycle,1.9,23,25,33,,U1221,Delivered,,1
ORD00714,4/15/2025 22:54,El-Minya,Shalaby,Slice Minya,Pizza,6,612,0,Card,C101,Motorcycle,2.6,17,25,25,5,U0259,Delivered,,1
ORD02865,31/05/2025 20:07,Minya ,Shalaby,Tamara Sweets,Desserts,3,169 EGP,0,Card,C006,Motorcycle,3.9,15,30,41,5,U1003,Delivered,,1
ORD01916,3/26/2025 22:16,minya,Abu Helal,El-Dawar,Egyptian,4,EGP 266,0,Wallet,C037,Motorcycle,4.8,8,30,17,4,U0359,Delivered,address unclear,1
ORD02128,2/15/2025 12:15,Minya,El-Mahatta,El-Dawar,Egyptian,4,137 EGP,0,Wallet,C044,Bicycle,2.5,11,25,24,5,U0973,Delivered,,1
ORD01936,3/20/2025 16:49,El-Minya,El-Gamaa,Koshary El-Sheikh,Egyptian,4,EGP 213,0,Wallet,C048,Bicycle,3,8,25,28,4,U0063,Delivered,,0
ORD00401,3/18/2025 15:00,Minya,Abu Helal,Basbousa Bar,Desserts,4,290,27,Cash,C004,Motorcycle,,8,30,21,4,U0935,Delivered,,1
ORD03570,31/03/2025 19:12,Minya,Abu Helal,El-Abd Minya,Desserts,1,45,0,Cash,C107,Motorcycle,3,4,25,22,5,U0706,Delivered,re-assigned,0
ORD03538,2/16/2025 20:49, Minya,El-Gamaa,Hadouta Masreya,Egyptian,3,150 EGP,0,Cash,C052,Motorcycle,5.1,8,30,27,5,U1100,Delivered,,1
ORD00158,18/01/2025 19:38,Minya,Ard Sultan,Sultan Grill,Grills,4,436 EGP,65,Cash,C094,Bicycle,4,23,30,66,3,U1330,Delivered,,0
ORD03727,5/23/2025 12:01,Minya,Wast El-Balad,Foul El-Mahatta,Egyptian,2,97,0,Wallet,C001,Motorcycle,2,13,25,25,5,U1401,Delivered,gate closed,1
ORD03892,1/18/2025 19:19, Minya,Nazlet Hussein,Farag Kebab,Grills,6,809 EGP,0,Cash,C051,Motorcycle,4.8,22,30,55,3,U1024,Delivered,,1
ORD04186,5/19/2025 12:37, Minya,Shalaby,Pizza Roma,Pizza,1,102 EGP,0,Cash,C010,Motorcycle,2.3,15,25,14,5,U0527,Delivered,,1
ORD04069,1/20/2025 20:40,El-Minya,Shalaby,Forno Nile,Pizza,2,187 EGP,36,Cash,C053,Motorcycle,5.2,26,30,51,,U1364,Delivered,,0
ORD01735,11/1/2025 17:16,El-Minya,El-Gamaa,Om Ali House,Desserts,5,252,25,Card,C009,Motorcycle,7.1,4,35,15,,U0322,Delivered,,1
ORD03378,6/19/2025 19:54,Abu Qurqas,Abu Qurqas,Bites Burger,Burgers,3,302 EGP,0,Cash,C055,Motorcycle,15.2,9,50,54,4,U0932,Delivered,,1
ORD01411,2/25/2025 15:15,Minya,Corniche El-Nil,El-Nil Fish,Fish,2,296 EGP,0,Card,C074,Tuk-tuk,0.6,13,20,21,5,U0477,Delivered,,1
ORD00922,5/31/2025 22:20,Minya,Nazlet Hussein,El-Nil Fish,Fish,4,EGP 375,35,Cash,C102,Motorcycle,6.9,23,35,45,4,U0402,Delivered,,0
ORD00079,2/24/2025 23:05,Minya,Corniche El-Nil,Slice Minya,Pizza,1,111 EGP,0,Cash,C102,Motorcycle,3.3,21,25,25,5,U1335,Delivered,,1
ORD03783,5/27/2025 17:03,Minya,Abu Helal,El-Dawar,Egyptian,2,EGP 119,0,Cash,C108,Tuk-tuk,0.8,14,20,11,4,U1313,Delivered,,1
ORD03507,16/03/2025 20:12,Minya,Corniche El-Nil,El-Abd Minya,Desserts,1,EGP 74,12,Wallet,C012,Motorcycle,3.7,7,30,18,5,U1300,Delivered,,1
ORD02785,25/05/2025 20:23,Minya,Corniche El-Nil,Bahary Corner,Fish,3,530,0,Card,C026,Motorcycle,3.9,36,30,,,U0457,Cancelled,,
ORD03716,20/01/2025 17:46,Minya,Wast El-Balad,Hadouta Masreya,Egyptian,6,282 EGP,0,Cash,C087,Motorcycle,2.3,13,25,20,5,U1403,Delivered,,0
ORD03782,4/27/2025 19:31,Minya,Corniche El-Nil,Hadouta Masreya,Egyptian,3,162,0,Card,C038,Motorcycle,2.4,6,25,30,4,U0681,Delivered,,1
ORD02533,3/13/2025 22:32,Minya,Corniche El-Nil,Bites Burger,Burgers,2,EGP 157,0,Cash,C024,Motorcycle,2.7,18,25,25,5,U0908,Delivered,,1
ORD03768,13/02/2025 20:21,Minya,El-Gamaa,Burger Corniche,Burgers,4,389,0,Cash,C056,Bicycle,7.2,21,35,73,,U0047,Delivered,,0
ORD03897,21/04/2025 18:09,Minya,Nazlet Hussein,El-Nil Fish,Fish,1,EGP 103,0,Wallet,C015,Motorcycle,7.9,20,35,38,,U0981,Delivered,,1
ORD03597,3/13/2025 11:42,El Minya,Ard Sultan,Slice Minya,Pizza,3,242 EGP,57,Card,C068,Tuk-tuk,1.8,18,25,19,5,U0232,Delivered,,1
ORD00712,1/29/2025 20:47,Menia,Abu Helal,Burger Corniche,Burgers,2,183,16,Wallet,C021,Motorcycle,3.3,17,25,36,,U0105,Delivered,,0
ORD03941,5/4/2025 14:57,Minya,Abu Helal,Slice Minya,Pizza,1,EGP 133,18,Card,C086,Motorcycle,5,23,30,29,,U1003,Delivered,,1
ORD01608,1/3/2025 18:14,Minya,Abu Helal,Pizza Roma,Pizza,4,EGP 352,0,Wallet,C068,Tuk-tuk,3.2,18,25,24,,U0900,Delivered,,1
ORD00134,29/01/2025 15:45,Minya ,Abu Helal,El-Abd Minya,Desserts,2,92 EGP,19,Cash,C061,Bicycle,0.8,5,20,6,5,U0736,Delivered,,1
ORD03191,5/5/2025 13:44,El-Minya,Corniche El-Nil,Koshary El-Sheikh,Egyptian,5,EGP 252,0,Cash,C053,Motorcycle,2.2,11,25,18,5,U1010,Delivered,,1
ORD02695,1/21/2025 20:26,El-Minya,Abu Helal,Bahary Corner,Fish,6,"1,000 EGP",0,Cash,C001,Tuk-tuk,1.6,36,25,54,,U0297,Delivered,,1
ORD00900,27/05/2025 11:23,Minya,Ard Sultan,Forno Nile,Pizza,4,421 EGP,0,Cash,C023,Tuk-tuk,5.7,31,30,51,4,U0567,Delivered,,0
ORD02203,10/1/2025 21:52,MINYA,Wast El-Balad,Foul El-Mahatta,Egyptian,2,91,22,Cash,C023,Motorcycle,0.6,8,20,30,4,U0527,Delivered,,0
ORD01030,2/4/2025 15:16,MINYA,Wast El-Balad,Slice Minya,Pizza,3,EGP 319,18,Card,C110,Bicycle,3.7,14,30,33,4,U0455,Delivered,,1
ORD03753,5/1/2025 21:16,Minya,Corniche El-Nil,Koshary El-Sheikh,Egyptian,2,136 EGP,16,Card,C038,Motorcycle,1.9,22,25,30,4,U0802,Delivered,,0
ORD01340,6/6/2025 16:23,new minya,New Minya,Farag Kebab,Grills,6,EGP 454,0,Cash,C083,Tuk-tuk,11.2,22,45,53,4,U1013,Delivered,,0
ORD00116,6/15/2025 17:36,NEW MINYA,New Minya,Hadouta Masreya,Egyptian,6,210,13,Card,C035,Motorcycle,10.5,11,45,41,5,U1103,Delivered,,0
ORD02024,3/28/2025 19:38,NEW MINYA,New Minya,El-Abd Minya,Desserts,1,57,0,Cash,C034,Motorcycle,12.7,7,45,47,4,U1444,Delivered,,1
ORD04037,3/15/2025 22:28,Minya,El-Mahatta,Samak El-Balad,Fish,2,EGP 305,0,Cash,C013,Motorcycle,3.2,24,25,35,4,U0315,Delivered,,0
ORD03959,6/12/2025 14:51,El-Minya,El-Mahatta,Pizza Roma,Pizza,6,439,0,Wallet,C054,Tuk-tuk,3.5,24,30,34,4,U0876,Delivered,,0
ORD01358,1/27/2025 21:53,Minya,Wast El-Balad,Farag Kebab,Grills,1,151,0,Cash,C049,Bicycle,1.5,22,25,41,5,U0860,Delivered,,1
ORD00209,4/26/2025 14:52,NEW MINYA,New Minya,Foul El-Mahatta,Egyptian,5,EGP 263,0,Card,C008,Motorcycle,12.3,8,45,34,,U0127,Delivered,,1
ORD02767,5/20/2025 19:40,Minya,Wast El-Balad,Om Ali House,Desserts,2,123 EGP,0,Wallet,C065,Motorcycle,1.9,4,25,17,5,U1160,Delivered,,0
ORD02634,2/28/2025 19:23,MINYA,El-Sahel,Basbousa Bar,Desserts,3,EGP 144,15,Wallet,C104,Tuk-tuk,5.2,7,30,34,4,U0139,Delivered,,0
ORD01033,7/4/2025 19:09,Minya,Abu Helal,Tamara Sweets,Desserts,3,136,0,Card,C045,Motorcycle,4,8,30,28,,U0438,Delivered,,1
ORD00469,1/17/2025 11:44,New Minya,New Minya,Tamara Sweets,Desserts,6,EGP 417,92,Cash,C106,Tuk-tuk,13.6,9,50,44,,U1122,Delivered,,1
ORD03335,3/1/2025 13:22,New Minya,New Minya,El-Dawar,Egyptian,1,EGP 78,0,Cash,C025,Motorcycle,10.8,15,45,33,5,U0859,Delivered,address unclear,1
ORD00540,6/18/2025 14:07,Minya ,Corniche El-Nil,Sultan Grill,Grills,4,402,0,Card,C046,Motorcycle,2.4,20,25,32,4,U0032,Delivered,,0
ORD00836,5/3/2025 19:17,El-Minya,Nazlet Hussein,El-Nil Fish,Fish,6,"1,064 EGP",227,Cash,C069,Bicycle,4.7,27,30,60,4,U0357,Delivered,,1
ORD02577,3/4/2025 15:34,Minya,El-Gamaa,Hadouta Masreya,Egyptian,2,95 EGP,23,Wallet,C015,Motorcycle,5.5,12,30,28,5,U0626,Delivered,,1
ORD01941,5/8/2025 20:50,Minya,Wast El-Balad,Hadouta Masreya,Egyptian,6,267,62,Wallet,C095,Motorcycle,0.6,10,20,29,5,U0654,Delivered,,1
ORD01578,3/22/2025 13:50,Minya,Nazlet Hussein,Foul El-Mahatta,Egyptian,1,78,0,Cash,C098,Motorcycle,,12,35,38,5,U0188,Delivered,,1
ORD00689,2/25/2025 19:35,El Minya,Abu Helal,Samak El-Balad,Fish,4,637,72,Card,C098,Motorcycle,1.3,26,25,43,3,U1060,Delivered,,1
ORD02468,17/06/2025 12:12,Minya,El-Gamaa,Hadouta Masreya,Egyptian,2,82 EGP,7,Cash,C107,Motorcycle,7.1,11,35,23,4,U1235,Delivered,,1
ORD00264,6/4/2025 12:52,Minya,El-Sahel,Farag Kebab,Grills,2,207,0,Cash,C107,Motorcycle,5,19,30,28,5,U0494,Delivered,,1
ORD01939,4/10/2025 21:18,Minya,El-Sahel,Farag Kebab,Grills,1,131 EGP,0,Cash,C080,Motorcycle,3.5,22,30,40,5,U0768,Delivered,,1
ORD03749,13/01/2025 16:51,El Minya,Corniche El-Nil,El-Dawar,Egyptian,3,EGP 163,10,Card,C039,Motorcycle,4.3,12,30,27,5,U1066,Delivered,,1
ORD02968,29/04/2025 11:40,Abu Qorqas,Abu Qurqas,Forno Nile,Pizza,1,110,0,Card,C084,Tuk-tuk,16.8,26,55,86,2,U1418,Delivered,,0
ORD01962,10/5/2025 22:17,Menia,Wast El-Balad,Sheikh El-Balad,Grills,4,704 EGP,0,Wallet,C032,Tuk-tuk,0.6,29,20,31,,U0642,Delivered,,0
ORD04165,5/14/2025 14:08,El-Minya,El-Gamaa,El-Abd Minya,Desserts,3,123,0,Wallet,C041,Tuk-tuk,5.4,6,30,18,,U0483,Delivered,,1
ORD02479,6/7/2025 19:02,Minya,Abu Helal,Om Ali House,Desserts,4,216,25,Cash,C011,Tuk-tuk,2.2,7,25,30,,U0029,Delivered,,1
ORD00937,3/23/2025 21:36,Abu Qurqas,Abu Qurqas,Sultan Grill,Grills,6,979 EGP,225,Cash,C064,Motorcycle,15.3,14,55,69,4,U1300,Delivered,,1
ORD00307,1/7/2025 23:35,Minya,Abu Helal,El-Dawar,Egyptian,4,EGP 183,25,Cash,C001,Motorcycle,0.7,15,20,17,5,U0006,Delivered,,0
ORD03241,3/13/2025 20:46,New Minya,New Minya,Tamara Sweets,Desserts,6,359,0,Cash,C036,Motorcycle,12.4,6,45,39,5,U0536,Delivered,,0
ORD01226,14/01/2025 14:06,Minya,Shalaby,Sheikh El-Balad,Grills,5,602 EGP,78,Card,C010,Tuk-tuk,3.6,29,30,38,5,U0584,Delivered,,1
ORD00083,2/15/2025 14:14,Minya,El-Gamaa,El-Nil Fish,Fish,2,EGP 330,47,Cash,C082,Motorcycle,4.8,24,30,33,5,U1006,Delivered,,1
ORD00349,5/16/2025 15:46,Minya,El-Gamaa,Pizza Roma,Pizza,6,457,0,Wallet,C104,Motorcycle,6.6,21,35,31,4,U0462,Delivered,,0
ORD02207,29/01/2025 21:42,El Minya,Corniche El-Nil,El-Nil Fish,Fish,1,122 EGP,0,Cash,C047,Motorcycle,0.8,19,20,37,4,U1352,Delivered,,1
ORD03715,6/16/2025 13:23,Minya,Shalaby,El-Nil Fish,Fish,2,332 EGP,0,Cash,C096,Motorcycle,4.7,23,30,47,4,U1084,Delivered,,0
ORD02174,3/9/2025 20:06,Minya,Abu Helal,Forno Nile,Pizza,3,211 EGP,0,Card,C020,Bicycle,4.2,28,30,66,3,U0066,Delivered,,1
ORD03671,5/10/2025 19:32,minya,El-Gamaa,Bahary Corner,Fish,1,128,0,Wallet,C042,Motorcycle,6.5,32,35,56,,U0594,Delivered,,0
ORD01750,6/23/2025 15:10,New Minya,New Minya,Tamara Sweets,Desserts,4,191,0,Card,C080,Tuk-tuk,10.9,7,45,42,,U1232,Delivered,,1
ORD03613,6/18/2025 16:40,Minya,El-Mahatta,El-Nil Fish,Fish,4,590,36,Wallet,C088,Motorcycle,3.8,19,30,37,3,U0913,Delivered,,0
ORD03376,4/7/2025 14:34,Menia,Ard Sultan,Bites Burger,Burgers,5,EGP 471,63,Wallet,C046,Motorcycle,3.7,19,30,22,5,U0293,Delivered,,1
ORD03190,5/19/2025 13:40,minya,Shalaby,Slice Minya,Pizza,2,166 EGP,0,Cash,C002,Motorcycle,2.2,18,25,19,5,U1210,Delivered,,1
ORD01008,2/9/2025 19:03,abu qurqas,Abu Qurqas,Basbousa Bar,Desserts,3,EGP 186,44,Card,C048,Motorcycle,17.1,10,55,60,,U0506,Delivered,,1
ORD00711,5/10/2025 11:04,Minya,El-Sahel,Tamara Sweets,Desserts,5,257 EGP,27,Card,C073,Motorcycle,2.8,5,25,9,5,U1160,Delivered,,1
ORD02997,1/5/2025 23:04,Minya,Corniche El-Nil,Burger Corniche,Burgers,1,123,0,Cash,C087,Tuk-tuk,2.5,13,25,26,5,U0808,Delivered,,1
ORD00739,6/1/2025 23:26,Minya,Corniche El-Nil,Bahary Corner,Fish,4,EGP 566,0,Cash,C068,Motorcycle,3.2,31,25,45,3,U1169,Delivered,,0
ORD02402,8/2/2025 20:59,minya,El-Sahel,Farag Kebab,Grills,1,145 EGP,0,Cash,C106,Motorcycle,3.4,18,30,34,,U0674,Delivered,,1
ORD00524,6/30/2025 22:31,minya,Abu Helal,Farag Kebab,Grills,4,619 EGP,33,Wallet,C083,Motorcycle,1.5,24,25,32,5,U0744,Delivered,,1
ORD03215,3/18/2025 19:27,Menia,El-Mahatta,Tamara Sweets,Desserts,5,EGP 241,0,Wallet,C103,Tuk-tuk,2.8,12,25,29,5,U0406,Delivered,,1
ORD01723,5/6/2025 19:46,Minya,Nazlet Hussein,Samak El-Balad,Fish,1,202 EGP,17,Cash,C032,Motorcycle,5.6,21,30,45,5,U1024,Delivered,,1
ORD02786,2/6/2025 18:14,Minya,Corniche El-Nil,Tamara Sweets,Desserts,3,EGP 154,0,Wallet,C058,Motorcycle,0.6,8,20,14,4,U0084,Delivered,,1
ORD03140,3/6/2025 20:59,Abu Qurqas,Abu Qurqas,Slice Minya,Pizza,6,EGP 615,0,Card,C059,Motorcycle,17.3,16,55,58,4,U0316,Delivered,,1
ORD00779,2/1/2025 21:20,Minya,Shalaby,Samak El-Balad,Fish,1,95 EGP,13,Cash,C068,Tuk-tuk,3.5,19,30,45,4,U0905,Delivered,,1
ORD02532,5/25/2025 14:33,El-Minya,Ard Sultan,El-Nil Fish,Fish,6,786 EGP,0,Card,C047,Tuk-tuk,4.4,29,30,53,4,U1334,Delivered,re-assigned,0
ORD03012,5/13/2025 19:14,new minya,New Minya,Hadouta Masreya,Egyptian,4,112,20,Cash,C090,Tuk-tuk,10.4,13,40,67,,U0053,Delivered,,0
ORD01273,2/24/2025 22:43,Minya,El-Sahel,Samak El-Balad,Fish,2,259 EGP,0,Card,C097,Motorcycle,4.8,22,30,35,5,U0850,Delivered,,0
ORD03336,1/30/2025 18:20,Minya,El-Sahel,Tamara Sweets,Desserts,5,EGP 216,17,Card,C109,Bicycle,5.5,7,30,38,3,U0841,Delivered,,1
ORD02994,1/3/2025 21:42,Minya,El-Gamaa,Burger Corniche,Burgers,3,EGP 232,0,Wallet,C051,Bicycle,4.5,14,30,55,5,U1092,Delivered,,1
ORD04093,6/17/2025 11:33,El-Minya El-Gedida,New Minya,Sultan Grill,Grills,4,EGP 610,0,Card,C109,Bicycle,10.4,17,40,77,3,U0202,Delivered,,0
ORD03546,4/1/2025 21:43,Menia,Wast El-Balad,El-Nil Fish,Fish,1,EGP 163,0,Cash,C012,Motorcycle,1.8,18,25,35,5,U0343,Delivered,,1
ORD02902,5/13/2025 21:10,ABU QURQAS,Abu Qurqas,Samak El-Balad,Fish,3,425,0,Wallet,C013,Bicycle,19.3,24,60,169,,U0520,Delivered,,0
ORD00044,3/2/2025 15:08,Minya,Ard Sultan,Bites Burger,Burgers,5,EGP 663,51,Cash,C024,Motorcycle,4.8,17,30,35,3,U0654,Delivered,,0
ORD02170,1/23/2025 21:23,Minya ,Ard Sultan,Sultan Grill,Grills,1,EGP 119,18,Cash,C084,Motorcycle,3.9,18,30,39,5,U1284,Delivered,,1
ORD02021,4/9/2025 15:04,Menia,Wast El-Balad,Om Ali House,Desserts,2,EGP 127,0,Cash,C107,Motorcycle,1.3,5,25,6,4,U1489,Delivered,,0
ORD01570,1/6/2025 17:45,Abu Qurqas,Abu Qurqas,Farag Kebab,Grills,3,EGP 397,49,Cash,C106,Tuk-tuk,18.9,21,60,77,,U1040,Delivered,,1
ORD01068,2/8/2025 18:47,NEW MINYA,New Minya,Farag Kebab,Grills,1,EGP 147,0,Cash,C008,Motorcycle,10.4,21,40,43,4,U1108,Delivered,,0
ORD01580,4/22/2025 21:58,Menia,Shalaby,El-Abd Minya,Desserts,2,EGP 138,0,Cash,C106,Tuk-tuk,3.7,10,30,37,5,U1478,Delivered,,1
ORD00699,1/10/2025 19:48,El Minya,Wast El-Balad,Foul El-Mahatta,Egyptian,3,162 EGP,34,Cash,C080,Motorcycle,5.2,13,30,40,5,U0342,Delivered,gate closed,1
ORD02672,4/26/2025 21:14,New Minya,New Minya,Hadouta Masreya,Egyptian,6,289 EGP,0,Card,C080,Tuk-tuk,11.7,11,45,59,4,U0089,Delivered,,0
ORD04130,15/06/2025 13:41,Minya,El-Mahatta,Sheikh El-Balad,Grills,2,297,0,Wallet,C004,Tuk-tuk,1.9,34,25,,,U1448,Cancelled,,
ORD00001,3/4/2025 13:57,Abu Qorqas,Abu Qurqas,Samak El-Balad,Fish,1,EGP 143,0,Cash,C078,Motorcycle,15.2,20,50,59,3,U1005,Delivered,,0
ORD02987,25/02/2025 19:04,Minya,Ard Sultan,Sheikh El-Balad,Grills,2,294,0,Wallet,C107,Tuk-tuk,4.2,30,30,60,,U0215,Delivered,re-assigned,0
ORD01160,3/5/2025 15:41,Minya,Shalaby,Bites Burger,Burgers,3,236 EGP,57,Cash,C019,Tuk-tuk,2.2,12,25,18,5,U0818,Delivered,,0
ORD01490,5/6/2025 11:40,Minya,El-Sahel,Crispy House,Burgers,1,EGP 91,0,Card,C043,Tuk-tuk,6.1,12,35,20,5,U1336,Delivered,,1
ORD03431,4/23/2025 21:27,El Minya,Abu Helal,Forno Nile,Pizza,3,EGP 263,0,Cash,C087,Tuk-tuk,,33,30,54,3,U0312,Delivered,,1
ORD01561,2/11/2025 19:11,Minya,Wast El-Balad,Pizza Roma,Pizza,6,726 EGP,0,Card,C076,Motorcycle,1.4,21,25,30,,U1063,Delivered,,0
ORD02934,2/6/2025 23:35,New Minya ,New Minya,Crispy House,Burgers,5,440 EGP,0,Cash,C056,Tuk-tuk,10.5,11,45,46,4,U1278,Delivered,,1
ORD03586,5/25/2025 13:30,Minya ,Abu Helal,Bahary Corner,Fish,6,593,123,Cash,C037,Tuk-tuk,1.8,35,25,34,4,U0329,Delivered,,0
ORD03870,2/23/2025 23:32,Minya,Corniche El-Nil,Burger Corniche,Burgers,2,EGP 178,0,Card,C101,Bicycle,1,12,25,19,5,U0277,Delivered,,1
ORD00023,2/23/2025 23:50,Menia,El-Sahel,Forno Nile,Pizza,2,213 EGP,0,Cash,C058,Motorcycle,3.6,29,30,36,4,U0904,Delivered,,1
ORD02315,5/5/2025 19:33,MINYA,Shalaby,El-Dawar,Egyptian,2,111 EGP,0,Cash,C088,Motorcycle,2.3,13,25,36,4,U0798,Delivered,address unclear,1
ORD00886,4/1/2025 20:47,Minya,Nazlet Hussein,Basbousa Bar,Desserts,4,300 EGP,0,Cash,C057,Tuk-tuk,5.4,8,30,39,5,U0343,Delivered,,1
ORD02518,1/2/2025 19:21,Minya,Abu Helal,Hadouta Masreya,Egyptian,5,EGP 187,0,Wallet,C032,Motorcycle,1.7,12,25,35,4,U1224,Delivered,,0
ORD04054,1/14/2025 18:45,Minya,Corniche El-Nil,Sultan Grill,Grills,1,186 EGP,0,Cash,C038,Motorcycle,2.5,23,25,,,U0975,Cancelled,,
ORD03175,17/04/2025 20:16,Minya,El-Gamaa,El-Abd Minya,Desserts,5,EGP 306,0,Wallet,C048,Bicycle,3.5,9,30,40,4,U0186,Delivered,,1
ORD03139,3/5/2025 18:58,Minya,El-Gamaa,Forno Nile,Pizza,1,EGP 75,9,Card,C047,Motorcycle,5.8,28,35,43,5,U0370,Delivered,,0
ORD02858,5/18/2025 14:42, Minya,Corniche El-Nil,El-Abd Minya,Desserts,3,EGP 171,40,Card,C003,Motorcycle,0.6,10,20,6,5,U0371,Delivered,,1
ORD01420,1/5/2025 22:31,MINYA,Wast El-Balad,Hadouta Masreya,Egyptian,1,58,0,Wallet,C019,Motorcycle,2.3,11,25,20,,U0884,Delivered,,1
ORD01357,1/25/2025 19:39,Minya,Abu Helal,El-Dawar,Egyptian,5,334,74,Card,C019,Bicycle,3.6,14,30,43,,U0756,Delivered,,1
ORD03423,3/17/2025 13:03,MINYA,Wast El-Balad,Tamara Sweets,Desserts,2,138 EGP,0,Cash,C049,Tuk-tuk,3.5,15,30,24,5,U0287,Delivered,,1
ORD01492,6/18/2025 13:18,Minya,Nazlet Hussein,Burger Corniche,Burgers,4,EGP 343,0,Cash,C019,Motorcycle,7.7,11,35,28,4,U1359,Delivered,,1
ORD01978,4/9/2025 20:27,Minya,El-Gamaa,El-Abd Minya,Desserts,3,EGP 157,0,Card,C025,Motorcycle,8.3,4,40,32,5,U0837,Delivered,,0
ORD01747,5/14/2025 14:51,Minya,Wast El-Balad,Samak El-Balad,Fish,3,EGP 479,60,Wallet,C080,Motorcycle,1.5,23,25,21,5,U0381,Delivered,,0
ORD03672,6/6/2025 20:35,new minya,New Minya,Sheikh El-Balad,Grills,5,796 EGP,0,Wallet,C074,Bicycle,11.4,32,45,126,1,U1440,Delivered,address unclear,0
ORD02925,3/5/2025 14:47,Minya,Abu Helal,El-Abd Minya,Desserts,6,380,30,Cash,C091,Motorcycle,4.3,4,30,15,,U1288,Delivered,,1
ORD02946,12/3/2025 13:37,Minya,Shalaby,Foul El-Mahatta,Egyptian,6,342 EGP,0,Wallet,C061,Tuk-tuk,3.4,9,30,24,5,U1093,Delivered,,0
ORD03493,5/29/2025 21:16,Minya,Ard Sultan,Slice Minya,Pizza,1,EGP 125,0,Cash,C072,Motorcycle,,13,25,29,5,U0820,Delivered,,1
ORD03795,6/1/2025 18:33, Minya,Corniche El-Nil,Om Ali House,Desserts,6,EGP 451,0,Cash,C016,Motorcycle,1.2,4,25,17,4,U1410,Delivered,,0
ORD00929,1/25/2025 18:14,Minya,Abu Helal,El-Abd Minya,Desserts,5,359 EGP,0,Card,C016,Motorcycle,2.3,7,25,16,5,U0732,Delivered,,1
ORD01228,3/27/2025 20:19,New Minya,New Minya,Slice Minya,Pizza,3,EGP 295,0,Cash,C006,Motorcycle,10,22,40,49,5,U0477,Delivered,,0
ORD01707,6/14/2025 17:45,MINYA,El-Mahatta,Basbousa Bar,Desserts,2,88,0,Cash,C047,Motorcycle,1.7,10,25,18,5,U0219,Delivered,,0
ORD00997,3/5/2025 19:25,Minya,Ard Sultan,Tamara Sweets,Desserts,6,336,0,Cash,C023,Motorcycle,2.9,9,25,28,,U0468,Delivered,,0
ORD00145,2/1/2025 19:47,Minya,Abu Helal,Basbousa Bar,Desserts,3,111,26,Card,C064,Bicycle,2.8,15,25,45,4,U0783,Delivered,,1
ORD00291,4/11/2025 19:19,abu qurqas,Abu Qurqas,Tamara Sweets,Desserts,2,EGP 138,0,Card,C026,Tuk-tuk,14.7,12,50,72,,U1396,Delivered,,0
ORD03282,10/6/2025 14:32,Minya,Shalaby,Om Ali House,Desserts,2,104,0,Card,C040,Motorcycle,3,7,25,13,4,U1036,Delivered,,0
ORD02737,2/14/2025 16:35,Minya,Corniche El-Nil,Foul El-Mahatta,Egyptian,2,65 EGP,0,Cash,C011,Tuk-tuk,4.5,14,30,32,4,U0626,Delivered,,1
ORD02355,2/22/2025 19:11,Minya,Ard Sultan,Sheikh El-Balad,Grills,6,382,0,Card,C052,Motorcycle,,29,20,40,,U0435,Delivered,,0
ORD02731,1/18/2025 13:33, Abu Qurqas,Abu Qurqas,Farag Kebab,Grills,1,146 EGP,22,Cash,C027,Motorcycle,16.1,18,55,59,5,U1455,Delivered,,1
ORD02218,2/17/2025 23:40,El Minya,Corniche El-Nil,Pizza Roma,Pizza,1,89,0,Cash,C036,Motorcycle,1.7,18,25,27,5,U0229,Delivered,,0
ORD03439,5/3/2025 16:57,Minya,Abu Helal,Tamara Sweets,Desserts,3,189 EGP,40,Cash,C024,Motorcycle,2.7,10,25,20,5,U1442,Delivered,,1
ORD00414,1/19/2025 13:15,NEW MINYA,New Minya,Pizza Roma,Pizza,6,623,0,Cash,C098,Motorcycle,11.8,23,45,49,4,U0910,Delivered,,1
ORD02448,5/3/2025 20:31,Minya,Wast El-Balad,Forno Nile,Pizza,4,EGP 235,0,Cash,C061,Bicycle,0.6,23,20,37,,U0707,Delivered,,0
ORD01651,5/21/2025 20:45,Minya,Ard Sultan,Sheikh El-Balad,Grills,5,738 EGP,0,Cash,C065,Tuk-tuk,4.7,27,30,52,3,U1490,Delivered,,0
ORD03528,28/02/2025 13:05,Minya,Corniche El-Nil,Sheikh El-Balad,Grills,3,426,0,Cash,C089,Motorcycle,1.9,26,25,34,4,U0063,Delivered,,1
ORD02254,6/24/2025 19:22, Minya,Ard Sultan,Samak El-Balad,Fish,6,567,0,Cash,C072,Bicycle,2.4,22,25,52,,U0495,Delivered,,0
ORD03444,5/26/2025 13:51,NEW MINYA,New Minya,Bahary Corner,Fish,4,EGP 304,0,Card,C093,Bicycle,12.3,32,45,107,,U1066,Delivered,,0
ORD04098,2/8/2025 21:24,El-Minya,Wast El-Balad,Tamara Sweets,Desserts,5,246,0,Card,C049,Bicycle,0.6,10,20,27,,U0578,Delivered,,0
ORD01985,16/04/2025 20:48, Minya,Corniche El-Nil,Forno Nile,Pizza,2,195,0,Cash,C102,Tuk-tuk,1.9,22,25,,,U1446,Cancelled,,
ORD00329,5/1/2025 19:18,New Minya,New Minya,Sultan Grill,Grills,3,104,0,Card,C045,Motorcycle,13.2,23,50,64,4,U0244,Delivered,,1
ORD03580,24/04/2025 13:17,New Minya,New Minya,Tamara Sweets,Desserts,6,302,0,Cash,C031,Motorcycle,10.6,5,45,33,5,U1092,Delivered,,1
ORD03061,1/8/2025 17:35,MINYA,El-Mahatta,Forno Nile,Pizza,2,161,11,Cash,C101,Motorcycle,2.9,31,25,42,,U0248,Delivered,,1
ORD03824,4/1/2025 13:18,Minya,Shalaby,Tamara Sweets,Desserts,2,EGP 101,19,Cash,C028,Tuk-tuk,3.8,10,30,12,5,U0284,Delivered,,1
ORD00389,5/1/2025 17:11, Minya,Wast El-Balad,El-Nil Fish,Fish,2,239 EGP,0,Cash,C050,Motorcycle,3.7,22,30,31,4,U1371,Delivered,,0
ORD02193,4/28/2025 22:29,Minya,El-Sahel,El-Nil Fish,Fish,6,981,0,Card,C072,Motorcycle,5.5,29,30,38,5,U0990,Delivered,,1
ORD02489,3/26/2025 17:15,MINYA,Shalaby,Bites Burger,Burgers,1,66 EGP,11,Card,C086,Bicycle,3.4,16,30,40,4,U0560,Delivered,,1
ORD00843,6/10/2025 15:29,New Minya ,New Minya,Tamara Sweets,Desserts,2,89,7,Card,C063,Bicycle,11.2,16,45,91,,U1074,Delivered,,0
ORD02235,6/15/2025 21:28,minya,El-Sahel,Koshary El-Sheikh,Egyptian,2,119 EGP,0,Cash,C109,Motorcycle,4.1,16,30,38,,U0299,Delivered,,1
ORD02404,3/23/2025 21:09,Minya,Nazlet Hussein,Om Ali House,Desserts,5,EGP 305,0,Cash,C070,Motorcycle,5.3,10,30,26,4,U0301,Delivered,,1
ORD02294,27/01/2025 20:43,MINYA,El-Gamaa,Foul El-Mahatta,Egyptian,2,106 EGP,0,Cash,C020,Motorcycle,6,6,35,38,5,U0135,Delivered,,1
ORD02821,3/18/2025 23:51,NEW MINYA,New Minya,Burger Corniche,Burgers,3,219 EGP,0,Card,C005,Motorcycle,11.3,12,45,40,4,U0671,Delivered,,0
ORD02231,3/23/2025 11:07,El-Minya El-Gedida,New Minya,Pizza Roma,Pizza,4,295,0,Card,C072,Tuk-tuk,11.1,12,45,54,3,U0062,Delivered,,0
ORD03565,6/14/2025 22:10,Menia,El-Mahatta,El-Abd Minya,Desserts,3,151,10,Card,C102,Bicycle,3.8,5,30,22,4,U1108,Delivered,,1
ORD02782,3/27/2025 13:33,New Minya,New Minya,Farag Kebab,Grills,3,447 EGP,0,Card,C022,Motorcycle,10.4,23,40,42,4,U0488,Delivered,,0
ORD03790,3/11/2025 19:06,Minya,Wast El-Balad,Hadouta Masreya,Egyptian,5,292 EGP,0,Cash,C110,Motorcycle,0.6,14,20,27,3,U0786,Delivered,,0
ORD02923,4/21/2025 19:35,Minya,Abu Helal,Om Ali House,Desserts,5,275,0,Card,C008,Tuk-tuk,4.9,8,30,35,4,U0223,Delivered,,0
ORD02107,5/12/2025 23:41,minya,Shalaby,Burger Corniche,Burgers,6,639 EGP,0,Wallet,C014,Motorcycle,3.7,11,30,17,5,U0464,Delivered,,1
ORD00444,3/30/2025 12:50,MINYA,Abu Helal,Om Ali House,Desserts,5,EGP 302,0,Wallet,C020,Tuk-tuk,4,10,30,10,,U0119,Delivered,,1
ORD03726,3/1/2025 13:16,El-Minya,Ard Sultan,Sheikh El-Balad,Grills,4,702 EGP,0,Cash,C082,Motorcycle,4.1,29,30,40,5,U0759,Delivered,,1
ORD02409,2/21/2025 19:55,Minya,Shalaby,Tamara Sweets,Desserts,2,135,13,Card,C051,Motorcycle,3.2,6,25,22,5,U0040,Delivered,,1
ORD00960,2/26/2025 11:50,Minya,El-Sahel,Forno Nile,Pizza,6,636,0,Wallet,C026,Motorcycle,3.8,27,30,29,5,U0874,Delivered,,1
ORD03210,5/22/2025 13:13,Minya,Abu Helal,Crispy House,Burgers,6,734,70,Cash,C096,Motorcycle,2.8,19,25,25,4,U0027,Delivered,,1
ORD03348,5/18/2025 14:12,El-Minya,Ard Sultan,Farag Kebab,Grills,3,EGP 416,102,Card,C079,Bicycle,,32,30,54,5,U0210,Delivered,,0
ORD00396,4/14/2025 21:50,MINYA,El-Mahatta,El-Dawar,Egyptian,6,EGP 244,0,Cash,C027,Motorcycle,0.8,18,20,30,4,U1443,Delivered,,0
ORD02788,2/3/2025 19:09,new minya,New Minya,Forno Nile,Pizza,4,EGP 459,0,Cash,C004,Bicycle,11.2,28,45,126,1,U1206,Delivered,,0
ORD04025,5/19/2025 14:11,Minya,Shalaby,Farag Kebab,Grills,4,292 EGP,0,Wallet,C041,Bicycle,4.3,17,30,40,3,U1013,Delivered,,0
ORD02178,1/28/2025 20:58,El-Minya,Wast El-Balad,Forno Nile,Pizza,1,EGP 87,0,Card,C039,Motorcycle,4.5,23,30,47,4,U0175,Delivered,,0
ORD03769,5/13/2025 18:22,El-Minya,El-Mahatta,Koshary El-Sheikh,Egyptian,5,174 EGP,0,Wallet,C079,Motorcycle,3.3,10,25,16,4,U0828,Delivered,,0
ORD01037,2/10/2025 23:56,Minya,Abu Helal,Forno Nile,Pizza,6,EGP 674,0,Cash,C065,Motorcycle,2.1,35,25,39,4,U1370,Delivered,,0
ORD02941,3/5/2025 11:42,Minya,Abu Helal,Slice Minya,Pizza,6,EGP 441,0,Cash,C078,Motorcycle,4.2,16,30,17,5,U1297,Delivered,,0
ORD00831,3/7/2025 19:47, Abu Qurqas,Abu Qurqas,Tamara Sweets,Desserts,2,99 EGP,17,Card,C080,Motorcycle,16.1,8,55,48,4,U0613,Delivered,,0
ORD03550,5/5/2025 22:11,New Minya ,New Minya,Foul El-Mahatta,Egyptian,4,175,34,Card,C106,Tuk-tuk,10.6,7,45,37,5,U1137,Delivered,,0
ORD04043,3/17/2025 13:19,Menia,El-Mahatta,Sultan Grill,Grills,2,243 EGP,0,Card,C090,Motorcycle,1,18,25,23,5,U0590,Delivered,,0
ORD02521,6/24/2025 17:54,El Minya,Shalaby,Hadouta Masreya,Egyptian,6,EGP 286,0,Cash,C039,Bicycle,3.1,12,25,24,5,U1463,Delivered,,1
ORD03260,1/4/2025 13:48,Minya,El-Mahatta,El-Abd Minya,Desserts,2,117 EGP,0,Card,C021,Tuk-tuk,2.4,11,25,17,4,U1196,Delivered,,0
ORD00239,12/3/2025 14:08,Minya ,El-Gamaa,Sheikh El-Balad,Grills,2,223 EGP,14,Cash,C076,Tuk-tuk,4.6,33,30,44,5,U1102,Delivered,,1
ORD00957,27/02/2025 23:46,El Minya,Ard Sultan,Sheikh El-Balad,Grills,2,EGP 304,0,Card,C084,Bicycle,4.5,35,30,56,2,U0534,Delivered,,1
ORD03037,17/01/2025 15:53,Minya,El-Gamaa,Slice Minya,Pizza,5,EGP 322,0,Cash,C041,Motorcycle,5.3,21,30,29,5,U0060,Delivered,,1
ORD03490,1/13/2025 21:45,Minya,Ard Sultan,Slice Minya,Pizza,3,231,32,Cash,C052,Motorcycle,3.1,14,25,40,5,U0010,Delivered,,1
ORD01654,3/31/2025 18:43,Minya,Ard Sultan,Bites Burger,Burgers,2,175,0,Cash,C007,Motorcycle,4.9,15,30,27,5,U1006,Delivered,,0
ORD03833,5/22/2025 20:53,Minya,Abu Helal,El-Nil Fish,Fish,2,259 EGP,0,Wallet,C020,Tuk-tuk,2.4,27,25,44,5,U0285,Delivered,,1
ORD02290,3/20/2025 19:38,El-Minya,Abu Helal,Bites Burger,Burgers,5,EGP 523,0,Card,C031,Tuk-tuk,4.3,16,30,48,4,U1479,Delivered,,0
ORD03835,4/15/2025 15:56,New Minya,New Minya,El-Dawar,Egyptian,5,140,0,Wallet,C067,Bicycle,10.8,12,45,78,4,U1307,Delivered,,1
ORD01150,2/26/2025 13:07,Menia,Ard Sultan,Farag Kebab,Grills,4,647,145,Card,C063,Motorcycle,3.5,21,30,32,4,U0820,Delivered,customer not answering,1
ORD01788,6/5/2025 21:49,Abu Qurqas,Abu Qurqas,Tamara Sweets,Desserts,2,115 EGP,15,Card,C029,Tuk-tuk,15.3,13,55,81,4,U0786,Delivered,,0
ORD00502,27/03/2025 14:15,Minya,Nazlet Hussein,Om Ali House,Desserts,3,EGP 166,0,Cash,C050,Tuk-tuk,4.9,10,30,24,,U0568,Delivered,,1
ORD00383,1/10/2025 21:40,New Minya,New Minya,Om Ali House,Desserts,3,144 EGP,0,Cash,C104,Motorcycle,11.1,11,45,47,5,U0778,Delivered,,1
